

Microchip Technology PIC18 PRO Macro Assembler V2.00 build -1524193055 
                                                                                               Fri Dec 06 20:18:16 2024

Microchip Technology Omniscient Code Generator v2.00 (PRO mode) build 20180527130849
     1                           	processor	18F458
     2                           	fnconf	rparam,??,?,0
     3                           	opt	pw 120
     4                           	opt	pm
     5                           	psect	eeprom_data,global,class=EEDATA,delta=1,noexec
     6                           	psect	idataBANK0,global,class=CODE,delta=1,noexec
     7                           	psect	nvCOMRAM,global,class=COMRAM,space=1,delta=1,noexec
     8                           	psect	nvBANK0,global,class=BANK0,space=1,delta=1,lowdata,noexec
     9                           	psect	smallconst,global,reloc=2,class=SMALLCONST,delta=1,noexec
    10                           	psect	cinit,global,reloc=2,class=CODE,delta=1
    11                           	psect	bssCOMRAM,global,class=COMRAM,space=1,delta=1,noexec
    12                           	psect	bssBANK0,global,class=BANK0,space=1,delta=1,lowdata,noexec
    13                           	psect	dataBANK0,global,class=BANK0,space=1,delta=1,lowdata,noexec
    14                           	psect	cstackBANK0,global,class=BANK0,space=1,delta=1,noexec
    15                           	psect	cstackCOMRAM,global,class=COMRAM,space=1,delta=1,noexec
    16                           	psect	text0,global,reloc=2,class=CODE,delta=1
    17                           	psect	text1,global,reloc=2,class=CODE,delta=1
    18                           	psect	text2,global,reloc=2,class=CODE,delta=1
    19                           	psect	text3,global,reloc=2,class=CODE,delta=1
    20                           	psect	text4,global,reloc=2,class=CODE,delta=1
    21                           	psect	text5,global,reloc=2,class=CODE,delta=1
    22                           	psect	text6,global,reloc=2,class=CODE,delta=1
    23                           	psect	text7,global,reloc=2,class=CODE,delta=1
    24                           	psect	text8,global,reloc=2,class=CODE,delta=1
    25                           	psect	text9,global,reloc=2,class=CODE,delta=1
    26                           	psect	text10,global,reloc=2,class=CODE,delta=1,group=1
    27                           	psect	text11,global,reloc=2,class=CODE,delta=1,group=1
    28                           	psect	text12,global,reloc=2,class=CODE,delta=1
    29                           	psect	text13,global,reloc=2,class=CODE,delta=1
    30                           	psect	text14,global,reloc=2,class=CODE,delta=1
    31                           	psect	text15,global,reloc=2,class=CODE,delta=1
    32                           	psect	text16,global,reloc=2,class=CODE,delta=1
    33                           	psect	text17,global,reloc=2,class=CODE,delta=1,group=1
    34                           	psect	text18,global,reloc=2,class=CODE,delta=1,group=1
    35                           	psect	text19,global,reloc=2,class=CODE,delta=1,group=1
    36                           	psect	text20,global,reloc=2,class=CODE,delta=1,group=1
    37                           	psect	text21,global,reloc=2,class=CODE,delta=1
    38                           	psect	text22,global,reloc=2,class=CODE,delta=1,group=1
    39                           	psect	text23,global,reloc=2,class=CODE,delta=1,group=1
    40                           	psect	text24,global,reloc=2,class=CODE,delta=1
    41                           	psect	text25,global,reloc=2,class=CODE,delta=1
    42                           	psect	text26,global,reloc=2,class=CODE,delta=1
    43                           	psect	text27,global,reloc=2,class=CODE,delta=1
    44                           	psect	text28,global,reloc=2,class=CODE,delta=1
    45                           	psect	text29,global,reloc=2,class=CODE,delta=1
    46                           	psect	text30,global,reloc=2,class=CODE,delta=1
    47                           	psect	text31,global,reloc=2,class=CODE,delta=1
    48                           	psect	text32,global,reloc=2,class=CODE,delta=1,group=2
    49                           	psect	text33,global,reloc=2,class=CODE,delta=1,group=1
    50                           	psect	text34,global,reloc=2,class=CODE,delta=1,group=1
    51                           	psect	text35,global,reloc=2,class=CODE,delta=1,group=1
    52                           	psect	text36,global,reloc=2,class=CODE,delta=1,group=1
    53                           	psect	text37,global,reloc=2,class=CODE,delta=1
    54                           	psect	text38,global,reloc=2,class=CODE,delta=1
    55                           	psect	text39,global,reloc=2,class=CODE,delta=1
    56                           	psect	text40,global,reloc=2,class=CODE,delta=1
    57                           	psect	text41,global,reloc=2,class=CODE,delta=1
    58                           	psect	text42,global,reloc=2,class=CODE,delta=1
    59                           	psect	text43,global,reloc=2,class=CODE,delta=1
    60                           	psect	text44,global,reloc=2,class=CODE,delta=1
    61                           	psect	text45,global,reloc=2,class=CODE,delta=1
    62                           	psect	text46,global,reloc=2,class=CODE,delta=1
    63                           	psect	text47,global,reloc=2,class=CODE,delta=1
    64                           	psect	intcode,global,reloc=2,class=CODE,delta=1
    65                           	psect	text49,global,reloc=2,class=CODE,delta=1
    66                           	psect	text50,global,reloc=2,class=CODE,delta=1
    67                           	psect	text51,global,reloc=2,class=CODE,delta=1
    68                           	psect	text52,global,reloc=2,class=CODE,delta=1
    69                           	psect	intsave_regs,global,class=BIGRAM,space=1,delta=1,noexec
    70                           	psect	rparam,global,class=COMRAM,space=1,delta=1,noexec
    71                           	psect	temp,global,ovrld,common,class=COMRAM,space=1,delta=1
    72  0000                     
    73                           ; Version 2.00
    74                           ; Generated 27/05/2018 GMT
    75                           ; 
    76                           ; Copyright © 2018, Microchip Technology Inc. and its subsidiaries ("Microchip")
    77                           ; All rights reserved.
    78                           ; 
    79                           ; This software is developed by Microchip Technology Inc. and its subsidiaries ("Microch
      +                          ip").
    80                           ; 
    81                           ; Redistribution and use in source and binary forms, with or without modification, are
    82                           ; permitted provided that the following conditions are met:
    83                           ; 
    84                           ;     1. Redistributions of source code must retain the above copyright notice, this lis
      +                          t of
    85                           ;        conditions and the following disclaimer.
    86                           ; 
    87                           ;     2. Redistributions in binary form must reproduce the above copyright notice, this 
      +                          list
    88                           ;        of conditions and the following disclaimer in the documentation and/or other
    89                           ;        materials provided with the distribution.
    90                           ; 
    91                           ;     3. Microchip's name may not be used to endorse or promote products derived from th
      +                          is
    92                           ;        software without specific prior written permission.
    93                           ; 
    94                           ; THIS SOFTWARE IS PROVIDED BY MICROCHIP "AS IS" AND ANY EXPRESS OR IMPLIED WARRANTIES,
    95                           ; INCLUDING, BUT NOT LIMITED TO, THE IMPLIED WARRANTIES OF MERCHANTABILITY AND FITNESS F
      +                          OR
    96                           ; PURPOSE ARE DISCLAIMED.  IN NO EVENT SHALL MICROCHIP BE LIABLE FOR ANY DIRECT, INDIREC
      +                          T,
    97                           ; INCIDENTAL, SPECIAL, EXEMPLARY, OR CONSEQUENTIAL DAMAGES (INCLUDING BUT NOT LIMITED TO
    98                           ; PROCUREMENT OF SUBSTITUTE GOODS OR SERVICES; LOSS OF USE, DATA OR PROFITS; OR BUSINESS
    99                           ; INTERRUPTION) HOWSOEVER CAUSED AND ON ANY THEORY OF LIABILITY, WHETHER IN CONTRACT, ST
      +                          RICT
   100                           ; LIABILITY, OR TORT (INCLUDING NEGLIGENCE OR OTHERWISE) ARISING IN ANY WAY OUT OF THE U
      +                          SE OF
   101                           ; THIS SOFTWARE, EVEN IF ADVISED OF THE POSSIBILITY OF SUCH DAMAGE.
   102                           ; 
   103                           ; 
   104                           ; Code-generator required, PIC18F458 Definitions
   105                           ; 
   106                           ; SFR Addresses
   107  0000                     
   108                           	psect	eeprom_data
   109  F00000  A4 06 FA 00 C2 01 F4 01 	db	164,6,250,0,194,1,244,1	;# 
   110  F00008  41 00 2D 00 C8 00 64 00 	db	65,0,45,0,200,0,100,0	;# 
   111  F00010  32 00 0A 05 05 0A 0A 00 	db	50,0,10,5,5,10,10,0	;# 
   112  F00018  01 01 00 01 00 00 00 00 	db	1,1,0,1,0,0,0,0	;# 
   113                           
   114                           	psect	idataBANK0
   115  0022FE                     __pidataBANK0:
   116                           	opt stack 0
   117                           
   118                           ;initializer for _err_old
   119  0022FE  FF                 	db	255
   120                           
   121                           	psect	nvCOMRAM
   122  000057                     __pnvCOMRAM:
   123                           	opt stack 0
   124  000057                     _band:
   125                           	opt stack 0
   126  000057                     	ds	1
   127  000058                     _bypass:
   128                           	opt stack 0
   129  000058                     	ds	1
   130                           
   131                           	psect	nvBANK0
   132  0000D9                     __pnvBANK0:
   133                           	opt stack 0
   134  0000D9                     _lpferrR:
   135                           	opt stack 0
   136  0000D9                     	ds	2
   137  0000DB                     _lpferrC:
   138                           	opt stack 0
   139  0000DB                     	ds	2
   140  0000DD                     _lpferrP:
   141                           	opt stack 0
   142  0000DD                     	ds	2
   143  0000DF                     _max_tFAN:
   144                           	opt stack 0
   145  0000DF                     	ds	2
   146  0000E1                     _max_temp:
   147                           	opt stack 0
   148  0000E1                     	ds	2
   149  0000E3                     _max_curr:
   150                           	opt stack 0
   151  0000E3                     	ds	2
   152  0000E5                     _max_volt:
   153                           	opt stack 0
   154  0000E5                     	ds	2
   155  0000E7                     _max_ref:
   156                           	opt stack 0
   157  0000E7                     	ds	2
   158  0000E9                     _max_pwr:
   159                           	opt stack 0
   160  0000E9                     	ds	2
   161  0000EB                     _ptt_hold:
   162                           	opt stack 0
   163  0000EB                     	ds	1
   164  0000EC                     _sensor:
   165                           	opt stack 0
   166  0000EC                     	ds	1
   167  0000ED                     _logo:
   168                           	opt stack 0
   169  0000ED                     	ds	1
   170  0000EE                     _beeper:
   171                           	opt stack 0
   172  0000EE                     	ds	1
   173  0000EF                     _hystF:
   174                           	opt stack 0
   175  0000EF                     	ds	1
   176  0000F0                     _hystT:
   177                           	opt stack 0
   178  0000F0                     	ds	1
   179  0000F1                     _aband:
   180                           	opt stack 0
   181  0000F1                     	ds	1
   182  0000F2                     _fanptt:
   183                           	opt stack 0
   184  0000F2                     	ds	1
   185  0000F3                     _biasdel:
   186                           	opt stack 0
   187  0000F3                     	ds	1
   188  0000F4                     _reldel:
   189                           	opt stack 0
   190  0000F4                     	ds	1
   191  0000                     _TMR0	set	4054
   192  0000                     _TMR1	set	4046
   193  0000                     _INTCON2bits	set	4081
   194  0000                     _WDTCON	set	4049
   195  0000                     _T3CON	set	4017
   196  0000                     _T1CON	set	4045
   197  0000                     _SPBRG	set	4015
   198  0000                     _TXSTA	set	4012
   199  0000                     _RCSTA	set	4011
   200  0000                     _LATE	set	3981
   201  0000                     _LATD	set	3980
   202  0000                     _LATC	set	3979
   203  0000                     _LATB	set	3978
   204  0000                     _LATA	set	3977
   205  0000                     _PORTE	set	3972
   206  0000                     _PORTD	set	3971
   207  0000                     _PORTC	set	3970
   208  0000                     _PORTB	set	3969
   209  0000                     _PORTA	set	3968
   210  0000                     _TRISE	set	3990
   211  0000                     _TRISD	set	3989
   212  0000                     _TRISC	set	3988
   213  0000                     _TRISB	set	3987
   214  0000                     _TRISA	set	3986
   215  0000                     _ADCON1	set	4033
   216  0000                     _CCP1CON	set	4029
   217  0000                     _CMCON	set	4020
   218  0000                     _STKPTR	set	4092
   219  0000                     _T0CON	set	4053
   220  0000                     _TMR3L	set	4018
   221  0000                     _TMR3H	set	4019
   222  0000                     _PIR2bits	set	4001
   223  0000                     _ADRESL	set	4035
   224  0000                     _ADRESH	set	4036
   225  0000                     _ADCON0bits	set	4034
   226  0000                     _ADCON0	set	4034
   227  0000                     _LATDbits	set	3980
   228  0000                     _LATBbits	set	3978
   229  0000                     _LATEbits	set	3981
   230  0000                     _LATCbits	set	3979
   231  0000                     _PORTAbits	set	3968
   232  0000                     _TMR1L	set	4046
   233  0000                     _TMR1H	set	4047
   234  0000                     _INTCONbits	set	4082
   235  0000                     _PORTCbits	set	3970
   236  0000                     _TXREG	set	4013
   237  0000                     _RCREG	set	4014
   238  0000                     _RCSTAbits	set	4011
   239  0000                     _PIE1bits	set	3997
   240  0000                     _PIR1bits	set	3998
   241  0000                     _T2CON	set	4042
   242  0000                     _TMR2	set	4044
   243  0000                     _EECON2	set	4007
   244  0000                     _INTCON	set	4082
   245  0000                     _EEDATA	set	4008
   246  0000                     _EECON1bits	set	4006
   247  0000                     _EEADR	set	4009
   248  0000                     _EECON1	set	4006
   249                           
   250                           	psect	smallconst
   251  000600                     __psmallconst:
   252                           	opt stack 0
   253  000600  00                 	db	0
   254  000601                     STR_25:
   255  000601  70                 	db	112	;'p'
   256  000602  61                 	db	97	;'a'
   257  000603  67                 	db	103	;'g'
   258  000604  65                 	db	101	;'e'
   259  000605  20                 	db	32
   260  000606  73                 	db	115	;'s'
   261  000607  65                 	db	101	;'e'
   262  000608  74                 	db	116	;'t'
   263  000609  75                 	db	117	;'u'
   264  00060A  70                 	db	112	;'p'
   265  00060B  31                 	db	49	;'1'
   266  00060C  00                 	db	0
   267  00060D                     STR_23:
   268  00060D  70                 	db	112	;'p'
   269  00060E  61                 	db	97	;'a'
   270  00060F  67                 	db	103	;'g'
   271  000610  65                 	db	101	;'e'
   272  000611  20                 	db	32
   273  000612  6D                 	db	109	;'m'
   274  000613  61                 	db	97	;'a'
   275  000614  69                 	db	105	;'i'
   276  000615  6E                 	db	110	;'n'
   277  000616  00                 	db	0
   278  000617                     STR_24:
   279  000617  70                 	db	112	;'p'
   280  000618  61                 	db	97	;'a'
   281  000619  67                 	db	103	;'g'
   282  00061A  65                 	db	101	;'e'
   283  00061B  20                 	db	32
   284  00061C  6C                 	db	108	;'l'
   285  00061D  6F                 	db	111	;'o'
   286  00061E  67                 	db	103	;'g'
   287  00061F  6F                 	db	111	;'o'
   288  000620  00                 	db	0
   289  000621                     STR_26:
   290  000621  76                 	db	118	;'v'
   291  000622  65                 	db	101	;'e'
   292  000623  72                 	db	114	;'r'
   293  000624  73                 	db	115	;'s'
   294  000625  69                 	db	105	;'i'
   295  000626  6F                 	db	111	;'o'
   296  000627  6E                 	db	110	;'n'
   297  000628  00                 	db	0
   298  000629                     STR_6:
   299  000629  6D                 	db	109	;'m'
   300  00062A  72                 	db	114	;'r'
   301  00062B  65                 	db	101	;'e'
   302  00062C  66                 	db	102	;'f'
   303  00062D  00                 	db	0
   304  00062E                     STR_16:
   305  00062E  6D                 	db	109	;'m'
   306  00062F  74                 	db	116	;'t'
   307  000630  66                 	db	102	;'f'
   308  000631  68                 	db	104	;'h'
   309  000632  00                 	db	0
   310  000633                     STR_15:
   311  000633  6D                 	db	109	;'m'
   312  000634  74                 	db	116	;'t'
   313  000635  70                 	db	112	;'p'
   314  000636  68                 	db	104	;'h'
   315  000637  00                 	db	0
   316  000638                     STR_8:
   317  000638  6D                 	db	109	;'m'
   318  000639  76                 	db	118	;'v'
   319  00063A  6F                 	db	111	;'o'
   320  00063B  6C                 	db	108	;'l'
   321  00063C  00                 	db	0
   322  00063D                     STR_7:
   323  00063D  6D                 	db	109	;'m'
   324  00063E  63                 	db	99	;'c'
   325  00063F  75                 	db	117	;'u'
   326  000640  72                 	db	114	;'r'
   327  000641  00                 	db	0
   328  000642                     STR_19:
   329  000642  6D                 	db	109	;'m'
   330  000643  70                 	db	112	;'p'
   331  000644  74                 	db	116	;'t'
   332  000645  74                 	db	116	;'t'
   333  000646  00                 	db	0
   334  000647                     STR_5:
   335  000647  6D                 	db	109	;'m'
   336  000648  66                 	db	102	;'f'
   337  000649  72                 	db	114	;'r'
   338  00064A  77                 	db	119	;'w'
   339  00064B  00                 	db	0
   340  00064C                     STR_1:
   341  00064C  66                 	db	102	;'f'
   342  00064D  72                 	db	114	;'r'
   343  00064E  56                 	db	86	;'V'
   344  00064F  00                 	db	0
   345  000650                     STR_2:
   346  000650  63                 	db	99	;'c'
   347  000651  76                 	db	118	;'v'
   348  000652  56                 	db	86	;'V'
   349  000653  00                 	db	0
   350  000654                     STR_10:
   351  000654  6D                 	db	109	;'m'
   352  000655  6C                 	db	108	;'l'
   353  000656  63                 	db	99	;'c'
   354  000657  00                 	db	0
   355  000658                     STR_18:
   356  000658  6D                 	db	109	;'m'
   357  000659  62                 	db	98	;'b'
   358  00065A  64                 	db	100	;'d'
   359  00065B  00                 	db	0
   360  00065C                     STR_17:
   361  00065C  6D                 	db	109	;'m'
   362  00065D  72                 	db	114	;'r'
   363  00065E  64                 	db	100	;'d'
   364  00065F  00                 	db	0
   365  000660                     STR_12:
   366  000660  6D                 	db	109	;'m'
   367  000661  68                 	db	104	;'h'
   368  000662  65                 	db	101	;'e'
   369  000663  00                 	db	0
   370  000664                     STR_14:
   371  000664  6D                 	db	109	;'m'
   372  000665  74                 	db	116	;'t'
   373  000666  66                 	db	102	;'f'
   374  000667  00                 	db	0
   375  000668                     STR_22:
   376  000668  6D                 	db	109	;'m'
   377  000669  6C                 	db	108	;'l'
   378  00066A  67                 	db	103	;'g'
   379  00066B  00                 	db	0
   380  00066C                     STR_20:
   381  00066C  6D                 	db	109	;'m'
   382  00066D  62                 	db	98	;'b'
   383  00066E  70                 	db	112	;'p'
   384  00066F  00                 	db	0
   385  000670                     STR_9:
   386  000670  6D                 	db	109	;'m'
   387  000671  6C                 	db	108	;'l'
   388  000672  70                 	db	112	;'p'
   389  000673  00                 	db	0
   390  000674                     STR_13:
   391  000674  6D                 	db	109	;'m'
   392  000675  74                 	db	116	;'t'
   393  000676  70                 	db	112	;'p'
   394  000677  00                 	db	0
   395  000678                     STR_4:
   396  000678  65                 	db	101	;'e'
   397  000679  72                 	db	114	;'r'
   398  00067A  72                 	db	114	;'r'
   399  00067B  00                 	db	0
   400  00067C                     STR_3:
   401  00067C  74                 	db	116	;'t'
   402  00067D  62                 	db	98	;'b'
   403  00067E  73                 	db	115	;'s'
   404  00067F  00                 	db	0
   405  000680                     STR_21:
   406  000680  6D                 	db	109	;'m'
   407  000681  74                 	db	116	;'t'
   408  000682  73                 	db	115	;'s'
   409  000683  00                 	db	0
   410  000684                     STR_11:
   411  000684  6D                 	db	109	;'m'
   412  000685  72                 	db	114	;'r'
   413  000686  74                 	db	116	;'t'
   414  000687  00                 	db	0
   415                           
   416                           ; #config settings
   417  000688  00                 	db	0	; dummy byte at the end
   418  0000                     
   419                           	psect	cinit
   420  001EC6                     __pcinit:
   421                           	opt stack 0
   422  001EC6                     start_initialization:
   423                           	opt stack 0
   424  001EC6                     __initialization:
   425                           	opt stack 0
   426                           
   427                           ; Initialize objects allocated to BANK0 (1 bytes)
   428                           ; load TBLPTR registers with __pidataBANK0
   429  001EC6  0EFE               	movlw	low __pidataBANK0
   430  001EC8  6EF6               	movwf	tblptrl,c
   431  001ECA  0E22               	movlw	high __pidataBANK0
   432  001ECC  6EF7               	movwf	tblptrh,c
   433  001ECE  0E00               	movlw	low (__pidataBANK0 shr (0+16))
   434  001ED0  6EF8               	movwf	tblptru,c
   435  001ED2  0009               	tblrd		*+	;fetch initializer
   436  001ED4  CFF5 F0FB          	movff	tablat,__pdataBANK0
   437                           
   438                           ; Clear objects allocated to BANK0 (121 bytes)
   439  001ED8  EE00  F060         	lfsr	0,__pbssBANK0
   440  001EDC  0E79               	movlw	121
   441  001EDE                     clear_0:
   442  001EDE  6AEE               	clrf	postinc0,c
   443  001EE0  06E8               	decf	wreg,f,c
   444  001EE2  E1FD               	bnz	clear_0
   445                           
   446                           ; Clear objects allocated to COMRAM (17 bytes)
   447  001EE4  EE00  F046         	lfsr	0,__pbssCOMRAM
   448  001EE8  0E11               	movlw	17
   449  001EEA                     clear_1:
   450  001EEA  6AEE               	clrf	postinc0,c
   451  001EEC  06E8               	decf	wreg,f,c
   452  001EEE  E1FD               	bnz	clear_1
   453  001EF0                     end_of_initialization:
   454                           	opt stack 0
   455  001EF0                     __end_of__initialization:
   456                           	opt stack 0
   457  001EF0  9059               	bcf	int$flags,0,c	;clear compiler interrupt flag (level 1)
   458  001EF2  9259               	bcf	int$flags,1,c	;clear compiler interrupt flag (level 2)
   459  001EF4  0E00               	movlw	low (__Lsmallconst shr (0+16))
   460  001EF6  6EF8               	movwf	tblptru,c
   461  001EF8  0E06               	movlw	high __Lsmallconst
   462  001EFA  6EF7               	movwf	tblptrh,c
   463  001EFC  0100               	movlb	0
   464  001EFE  EF2B  F00C         	goto	_main	;jump to C main() function
   465                           tblptru	equ	0xFF8
   466                           tblptrh	equ	0xFF7
   467                           tblptrl	equ	0xFF6
   468                           tablat	equ	0xFF5
   469                           postinc0	equ	0xFEE
   470                           wreg	equ	0xFE8
   471                           
   472                           	psect	bssCOMRAM
   473  000046                     __pbssCOMRAM:
   474                           	opt stack 0
   475  000046                     _fpeak:
   476                           	opt stack 0
   477  000046                     	ds	2
   478  000048                     _freq:
   479                           	opt stack 0
   480  000048                     	ds	2
   481  00004A                     _temp:
   482                           	opt stack 0
   483  00004A                     	ds	2
   484  00004C                     _curr:
   485                           	opt stack 0
   486  00004C                     	ds	2
   487  00004E                     _refl:
   488                           	opt stack 0
   489  00004E                     	ds	2
   490  000050                     _frwd:
   491                           	opt stack 0
   492  000050                     	ds	2
   493  000052                     _tx_len:
   494                           	opt stack 0
   495  000052                     	ds	1
   496  000053                     _rxb:
   497                           	opt stack 0
   498  000053                     	ds	1
   499  000054                     _err:
   500                           	opt stack 0
   501  000054                     	ds	1
   502  000055                     _lcd:
   503                           	opt stack 0
   504  000055                     	ds	1
   505  000056                     _ptt:
   506                           	opt stack 0
   507  000056                     	ds	1
   508                           tblptru	equ	0xFF8
   509                           tblptrh	equ	0xFF7
   510                           tblptrl	equ	0xFF6
   511                           tablat	equ	0xFF5
   512                           postinc0	equ	0xFEE
   513                           wreg	equ	0xFE8
   514                           
   515                           	psect	bssBANK0
   516  000060                     __pbssBANK0:
   517                           	opt stack 0
   518  000060                     _tmp:
   519                           	opt stack 0
   520  000060                     	ds	4
   521  000064                     ProtectCheck@beepPer:
   522                           	opt stack 0
   523  000064                     	ds	2
   524  000066                     ProtectCheck@bpt:
   525                           	opt stack 0
   526  000066                     	ds	2
   527  000068                     _cvtout:
   528                           	opt stack 0
   529  000068                     	ds	2
   530  00006A                     _frtout:
   531                           	opt stack 0
   532  00006A                     	ds	2
   533  00006C                     _elpf:
   534                           	opt stack 0
   535  00006C                     	ds	2
   536  00006E                     _voltM:
   537                           	opt stack 0
   538  00006E                     	ds	2
   539  000070                     _tempM:
   540                           	opt stack 0
   541  000070                     	ds	2
   542  000072                     _cpeak_old:
   543                           	opt stack 0
   544  000072                     	ds	2
   545  000074                     _rpeak_old:
   546                           	opt stack 0
   547  000074                     	ds	2
   548  000076                     _fpeak_old:
   549                           	opt stack 0
   550  000076                     	ds	2
   551  000078                     _cpeak:
   552                           	opt stack 0
   553  000078                     	ds	2
   554  00007A                     _rpeak:
   555                           	opt stack 0
   556  00007A                     	ds	2
   557  00007C                     _temp_old:
   558                           	opt stack 0
   559  00007C                     	ds	2
   560  00007E                     _volt_old:
   561                           	opt stack 0
   562  00007E                     	ds	2
   563  000080                     _volt_view:
   564                           	opt stack 0
   565  000080                     	ds	2
   566  000082                     _volt:
   567                           	opt stack 0
   568  000082                     	ds	2
   569  000084                     ProtectCheck@bp:
   570                           	opt stack 0
   571  000084                     	ds	1
   572  000085                     PttHoldControl@t:
   573                           	opt stack 0
   574  000085                     	ds	1
   575  000086                     _rx_end:
   576                           	opt stack 0
   577  000086                     	ds	1
   578  000087                     _txb:
   579                           	opt stack 0
   580  000087                     	ds	1
   581  000088                     _ptt_htimer:
   582                           	opt stack 0
   583  000088                     	ds	1
   584  000089                     _bstate_old:
   585                           	opt stack 0
   586  000089                     	ds	1
   587  00008A                     _bstate:
   588                           	opt stack 0
   589  00008A                     	ds	1
   590  00008B                     _band_old:
   591                           	opt stack 0
   592  00008B                     	ds	1
   593  00008C                     _med:
   594                           	opt stack 0
   595  00008C                     	ds	1
   596  00008D                     _fan:
   597                           	opt stack 0
   598  00008D                     	ds	1
   599  00008E                     _maxf:
   600                           	opt stack 0
   601  00008E                     	ds	1
   602  00008F                     _buffTX:
   603                           	opt stack 0
   604  00008F                     	ds	64
   605  0000CF                     _buffRX:
   606                           	opt stack 0
   607  0000CF                     	ds	10
   608                           tblptru	equ	0xFF8
   609                           tblptrh	equ	0xFF7
   610                           tblptrl	equ	0xFF6
   611                           tablat	equ	0xFF5
   612                           postinc0	equ	0xFEE
   613                           wreg	equ	0xFE8
   614                           
   615                           	psect	dataBANK0
   616  0000FB                     __pdataBANK0:
   617                           	opt stack 0
   618  0000FB                     _err_old:
   619                           	opt stack 0
   620  0000FB                     	ds	1
   621                           tblptru	equ	0xFF8
   622                           tblptrh	equ	0xFF7
   623                           tblptrl	equ	0xFF6
   624                           tablat	equ	0xFF5
   625                           postinc0	equ	0xFEE
   626                           wreg	equ	0xFE8
   627                           
   628                           	psect	cstackBANK0
   629  0000F5                     __pcstackBANK0:
   630                           	opt stack 0
   631  0000F5                     EEsetupRead@pW:
   632                           	opt stack 0
   633                           
   634                           ; 2 bytes @ 0x0
   635  0000F5                     	ds	2
   636  0000F7                     EEsetupRead@rW:
   637                           	opt stack 0
   638                           
   639                           ; 2 bytes @ 0x2
   640  0000F7                     	ds	2
   641  0000F9                     EEsetupRead@lW:
   642                           	opt stack 0
   643                           
   644                           ; 2 bytes @ 0x4
   645  0000F9                     	ds	2
   646                           tblptru	equ	0xFF8
   647                           tblptrh	equ	0xFF7
   648                           tblptrl	equ	0xFF6
   649                           tablat	equ	0xFF5
   650                           postinc0	equ	0xFEE
   651                           wreg	equ	0xFE8
   652                           
   653                           	psect	cstackCOMRAM
   654  000001                     __pcstackCOMRAM:
   655                           	opt stack 0
   656  000001                     ??_isr:
   657  000001                     
   658                           ; 1 bytes @ 0x0
   659  000001                     	ds	3
   660  000004                     isr@rx:
   661                           	opt stack 0
   662                           
   663                           ; 1 bytes @ 0x3
   664  000004                     	ds	1
   665  000005                     ??_DelayS:
   666  000005                     ??_DelayMs:
   667  000005                     ??_FanControl:
   668  000005                     ?_ADC:
   669                           	opt stack 0
   670  000005                     ?___lwdiv:
   671                           	opt stack 0
   672  000005                     ?___ftpack:
   673                           	opt stack 0
   674  000005                     ?___ftneg:
   675                           	opt stack 0
   676  000005                     ?___lldiv:
   677                           	opt stack 0
   678  000005                     readEEPROM@addr:
   679                           	opt stack 0
   680  000005                     writeEEPROM@data:
   681                           	opt stack 0
   682  000005                     waitAckFromLCD@ack:
   683                           	opt stack 0
   684  000005                     ___lwdiv@dividend:
   685                           	opt stack 0
   686  000005                     ___ftpack@arg:
   687                           	opt stack 0
   688  000005                     ___ftneg@f1:
   689                           	opt stack 0
   690  000005                     ConvertNumber@number:
   691                           	opt stack 0
   692  000005                     ___lldiv@dividend:
   693                           	opt stack 0
   694                           
   695                           ; 4 bytes @ 0x4
   696  000005                     	ds	1
   697  000006                     ?_readEEPROM16:
   698                           	opt stack 0
   699  000006                     writeEEPROM@address:
   700                           	opt stack 0
   701  000006                     DelayMs@ms:
   702                           	opt stack 0
   703                           
   704                           ; 1 bytes @ 0x5
   705  000006                     	ds	1
   706  000007                     ??_ADC:
   707  000007                     writeEEPROM@INTCON_SAVE:
   708                           	opt stack 0
   709  000007                     DelayS@sec:
   710                           	opt stack 0
   711  000007                     ___lwdiv@divisor:
   712                           	opt stack 0
   713                           
   714                           ; 2 bytes @ 0x6
   715  000007                     	ds	1
   716  000008                     ??_readEEPROM16:
   717  000008                     ___ftpack@exp:
   718                           	opt stack 0
   719  000008                     writeEEPROM16@addr:
   720                           	opt stack 0
   721                           
   722                           ; 2 bytes @ 0x7
   723  000008                     	ds	1
   724  000009                     ADC@ch:
   725                           	opt stack 0
   726  000009                     ConvertNumber@conv:
   727                           	opt stack 0
   728  000009                     ___ftpack@sign:
   729                           	opt stack 0
   730  000009                     ___lwdiv@quotient:
   731                           	opt stack 0
   732  000009                     ___lldiv@divisor:
   733                           	opt stack 0
   734                           
   735                           ; 4 bytes @ 0x8
   736  000009                     	ds	1
   737  00000A                     ??___ftpack:
   738  00000A                     ??_SlowControl:
   739  00000A                     writeEEPROM16@data:
   740                           	opt stack 0
   741                           
   742                           ; 1 bytes @ 0x9
   743  00000A                     	ds	1
   744  00000B                     ___lwdiv@counter:
   745                           	opt stack 0
   746  00000B                     readEEPROM16@ee:
   747                           	opt stack 0
   748                           
   749                           ; 2 bytes @ 0xA
   750  00000B                     	ds	1
   751  00000C                     CreateBuffTX@str:
   752                           	opt stack 0
   753                           
   754                           ; 1 bytes @ 0xB
   755  00000C                     	ds	1
   756  00000D                     ?___ftadd:
   757                           	opt stack 0
   758  00000D                     ?___ftmul:
   759                           	opt stack 0
   760  00000D                     ?___lltoft:
   761                           	opt stack 0
   762  00000D                     ?___lwtoft:
   763                           	opt stack 0
   764  00000D                     readEEPROM16@addr:
   765                           	opt stack 0
   766  00000D                     ___lwtoft@c:
   767                           	opt stack 0
   768  00000D                     ___ftadd@f1:
   769                           	opt stack 0
   770  00000D                     ___ftmul@f1:
   771                           	opt stack 0
   772  00000D                     CreateBuffTX@data:
   773                           	opt stack 0
   774  00000D                     ___lldiv@quotient:
   775                           	opt stack 0
   776  00000D                     ___lltoft@c:
   777                           	opt stack 0
   778                           
   779                           ; 4 bytes @ 0xC
   780  00000D                     	ds	3
   781  000010                     ?_fabs:
   782                           	opt stack 0
   783  000010                     ___ftadd@f2:
   784                           	opt stack 0
   785  000010                     ___ftmul@f2:
   786                           	opt stack 0
   787  000010                     fabs@d:
   788                           	opt stack 0
   789                           
   790                           ; 3 bytes @ 0xF
   791  000010                     	ds	1
   792  000011                     ??_CreateBuffTX:
   793  000011                     ??___lltoft:
   794  000011                     ___lldiv@counter:
   795                           	opt stack 0
   796                           
   797                           ; 1 bytes @ 0x10
   798  000011                     	ds	1
   799  000012                     ??_SendStatusToLCD:
   800  000012                     LCDpageSelect@tt:
   801                           	opt stack 0
   802  000012                     LCDversionSend@rep:
   803                           	opt stack 0
   804                           
   805                           ; 1 bytes @ 0x11
   806  000012                     	ds	1
   807  000013                     ??___ftadd:
   808  000013                     ??___ftmul:
   809  000013                     LCDpageSelect@page:
   810                           	opt stack 0
   811  000013                     ___ftge@ff1:
   812                           	opt stack 0
   813                           
   814                           ; 3 bytes @ 0x12
   815  000013                     	ds	1
   816  000014                     ??_SetupMode:
   817                           
   818                           ; 1 bytes @ 0x13
   819  000014                     	ds	1
   820  000015                     ___lltoft@exp:
   821                           	opt stack 0
   822                           
   823                           ; 1 bytes @ 0x14
   824  000015                     	ds	1
   825  000016                     ___ftadd@sign:
   826                           	opt stack 0
   827  000016                     ___ftmul@exp:
   828                           	opt stack 0
   829  000016                     ___ftge@ff2:
   830                           	opt stack 0
   831                           
   832                           ; 3 bytes @ 0x15
   833  000016                     	ds	1
   834  000017                     ___ftadd@exp2:
   835                           	opt stack 0
   836  000017                     ___ftmul@sign:
   837                           	opt stack 0
   838                           
   839                           ; 1 bytes @ 0x16
   840  000017                     	ds	1
   841  000018                     ___ftadd@exp1:
   842                           	opt stack 0
   843  000018                     ___ftmul@f3_as_product:
   844                           	opt stack 0
   845                           
   846                           ; 3 bytes @ 0x17
   847  000018                     	ds	1
   848  000019                     ??___ftge:
   849  000019                     ?___ftsub:
   850                           	opt stack 0
   851  000019                     ___ftsub@f1:
   852                           	opt stack 0
   853                           
   854                           ; 3 bytes @ 0x18
   855  000019                     	ds	3
   856  00001C                     FreqMeasure@jj:
   857                           	opt stack 0
   858  00001C                     ___ftsub@f2:
   859                           	opt stack 0
   860                           
   861                           ; 3 bytes @ 0x1B
   862  00001C                     	ds	1
   863  00001D                     FreqMeasure@err:
   864                           	opt stack 0
   865                           
   866                           ; 1 bytes @ 0x1C
   867  00001D                     	ds	1
   868  00001E                     FreqMeasure@tmr:
   869                           	opt stack 0
   870  00001E                     SetupMode@pW:
   871                           	opt stack 0
   872                           
   873                           ; 2 bytes @ 0x1D
   874  00001E                     	ds	1
   875  00001F                     ?_sqrt:
   876                           	opt stack 0
   877  00001F                     sqrt@a:
   878                           	opt stack 0
   879                           
   880                           ; 3 bytes @ 0x1E
   881  00001F                     	ds	1
   882  000020                     SetupMode@rW:
   883                           	opt stack 0
   884                           
   885                           ; 2 bytes @ 0x1F
   886  000020                     	ds	2
   887  000022                     ??_sqrt:
   888  000022                     SetupMode@lW:
   889                           	opt stack 0
   890                           
   891                           ; 2 bytes @ 0x21
   892  000022                     	ds	2
   893  000024                     SetupMode@eadr:
   894                           	opt stack 0
   895                           
   896                           ; 1 bytes @ 0x23
   897  000024                     	ds	1
   898  000025                     sqrt@z:
   899                           	opt stack 0
   900                           
   901                           ; 3 bytes @ 0x24
   902  000025                     	ds	3
   903  000028                     sqrt@i:
   904                           	opt stack 0
   905                           
   906                           ; 1 bytes @ 0x27
   907  000028                     	ds	1
   908  000029                     sqrt@q:
   909                           	opt stack 0
   910                           
   911                           ; 3 bytes @ 0x28
   912  000029                     	ds	3
   913  00002C                     sqrt@x:
   914                           	opt stack 0
   915                           
   916                           ; 3 bytes @ 0x2B
   917  00002C                     	ds	3
   918  00002F                     ?___fttol:
   919                           	opt stack 0
   920  00002F                     ___fttol@f1:
   921                           	opt stack 0
   922                           
   923                           ; 3 bytes @ 0x2E
   924  00002F                     	ds	4
   925  000033                     ??___fttol:
   926                           
   927                           ; 1 bytes @ 0x32
   928  000033                     	ds	5
   929  000038                     ___fttol@sign1:
   930                           	opt stack 0
   931                           
   932                           ; 1 bytes @ 0x37
   933  000038                     	ds	1
   934  000039                     ___fttol@lval:
   935                           	opt stack 0
   936                           
   937                           ; 4 bytes @ 0x38
   938  000039                     	ds	4
   939  00003D                     ___fttol@exp1:
   940                           	opt stack 0
   941                           
   942                           ; 1 bytes @ 0x3C
   943  00003D                     	ds	1
   944  00003E                     ??_EEsetupRead:
   945                           
   946                           ; 1 bytes @ 0x3D
   947  00003E                     	ds	8
   948  000046                     tblptru	equ	0xFF8
   949                           tblptrh	equ	0xFF7
   950                           tblptrl	equ	0xFF6
   951                           tablat	equ	0xFF5
   952                           postinc0	equ	0xFEE
   953                           wreg	equ	0xFE8
   954                           
   955                           ; 1 bytes @ 0x45
   956 ;;
   957 ;;Main: autosize = 0, tempsize = 0, incstack = 0, save=0
   958 ;;
   959 ;; *************** function _main *****************
   960 ;; Defined at:
   961 ;;		line 71 in file "../main.c"
   962 ;; Parameters:    Size  Location     Type
   963 ;;		None
   964 ;; Auto vars:     Size  Location     Type
   965 ;;		None
   966 ;; Return value:  Size  Location     Type
   967 ;;                  1    wreg      void 
   968 ;; Registers used:
   969 ;;		wreg, fsr2l, fsr2h, status,2, status,0, tblptrl, tblptrh, tblptru, prodl, prodh, cstack
   970 ;; Tracked objects:
   971 ;;		On entry : 0/0
   972 ;;		On exit  : 3F/0
   973 ;;		Unchanged: 0/0
   974 ;; Data sizes:     COMRAM   BANK0   BANK1   BANK2   BANK3   BANK4   BANK5
   975 ;;      Params:         0       0       0       0       0       0       0
   976 ;;      Locals:         0       0       0       0       0       0       0
   977 ;;      Temps:          0       0       0       0       0       0       0
   978 ;;      Totals:         0       0       0       0       0       0       0
   979 ;;Total ram usage:        0 bytes
   980 ;; Hardware stack levels required when called:    9
   981 ;; This function calls:
   982 ;;		_ADCmeasure
   983 ;;		_Beep
   984 ;;		_DelayS
   985 ;;		_EEmbandRead
   986 ;;		_EEsetupRead
   987 ;;		_LCDpageSelect
   988 ;;		_LCDversionSend
   989 ;;		_ProtectCheck
   990 ;;		_ReadStatusFromLCD
   991 ;;		_SendStatusToLCD
   992 ;;		_SetBand
   993 ;;		_SlowControl
   994 ;; This function is called by:
   995 ;;		Startup code after reset
   996 ;; This function uses a non-reentrant model
   997 ;;
   998                           
   999                           	psect	text0
  1000  001856                     __ptext0:
  1001                           	opt stack 0
  1002  001856                     _main:
  1003                           	opt stack 0
  1004  001856  FFFF               	dw	65535	; assembler added errata NOP
  1005                           
  1006                           ;main.c: 73: (INTCONbits.GIE = 0);
  1007                           
  1008                           ;incstack = 0
  1009  001858  9EF2               	bcf	intcon,7,c	;volatile
  1010                           
  1011                           ;main.c: 74: STKPTR = 0x00;
  1012  00185A  6AFC               	clrf	stkptr,c	;volatile
  1013                           
  1014                           ;main.c: 76: CMCON = 0x07;
  1015  00185C  0E07               	movlw	7
  1016  00185E  6EB4               	movwf	4020,c	;volatile
  1017                           
  1018                           ;main.c: 77: CCP1CON = 0x00;
  1019  001860  6ABD               	clrf	4029,c	;volatile
  1020                           
  1021                           ;main.c: 79: ADCON0 = 0b10000000;
  1022  001862  0E80               	movlw	128
  1023  001864  6EC2               	movwf	4034,c	;volatile
  1024                           
  1025                           ;main.c: 80: ADCON1 = 0b11001001;
  1026  001866  0EC9               	movlw	201
  1027  001868  6EC1               	movwf	4033,c	;volatile
  1028                           
  1029                           ;main.c: 82: TRISA = 0b00111111;
  1030  00186A  0E3F               	movlw	63
  1031  00186C  6E92               	movwf	3986,c	;volatile
  1032                           
  1033                           ;main.c: 83: TRISB = 0b11000000;
  1034  00186E  0EC0               	movlw	192
  1035  001870  6E93               	movwf	3987,c	;volatile
  1036                           
  1037                           ;main.c: 84: TRISC = 0b10000001;
  1038  001872  0E81               	movlw	129
  1039  001874  6E94               	movwf	3988,c	;volatile
  1040                           
  1041                           ;main.c: 85: TRISD = 0b00000000;
  1042  001876  6A95               	clrf	3989,c	;volatile
  1043                           
  1044                           ;main.c: 86: TRISE = 0b00000001;
  1045  001878  0E01               	movlw	1
  1046  00187A  6E96               	movwf	3990,c	;volatile
  1047                           
  1048                           ;main.c: 88: PORTA = 0x00; PORTB = 0x00; PORTC = 0x00; PORTD = 0x00; PORTE = 0x00;
  1049  00187C  6A80               	clrf	3968,c	;volatile
  1050  00187E  6A81               	clrf	3969,c	;volatile
  1051  001880  6A82               	clrf	3970,c	;volatile
  1052  001882  6A83               	clrf	3971,c	;volatile
  1053  001884  6A84               	clrf	3972,c	;volatile
  1054                           
  1055                           ;main.c: 89: LATA = 0x00; LATB = 0x00; LATC = 0x00; LATD = 0x00; LATE = 0x00;
  1056  001886  6A89               	clrf	3977,c	;volatile
  1057  001888  6A8A               	clrf	3978,c	;volatile
  1058  00188A  6A8B               	clrf	3979,c	;volatile
  1059  00188C  6A8C               	clrf	3980,c	;volatile
  1060  00188E  6A8D               	clrf	3981,c	;volatile
  1061                           
  1062                           ;main.c: 91: RCSTA = 0b10010000;
  1063  001890  0E90               	movlw	144
  1064  001892  6EAB               	movwf	4011,c	;volatile
  1065                           
  1066                           ;main.c: 92: TXSTA = 0b00100100;
  1067  001894  0E24               	movlw	36
  1068  001896  6EAC               	movwf	4012,c	;volatile
  1069                           
  1070                           ;main.c: 93: SPBRG = 21;
  1071  001898  0E15               	movlw	21
  1072  00189A  6EAF               	movwf	4015,c	;volatile
  1073                           
  1074                           ;main.c: 95: T0CON = 0b10000000;
  1075  00189C  0E80               	movlw	128
  1076  00189E  6ED5               	movwf	4053,c	;volatile
  1077                           
  1078                           ;main.c: 97: T1CON = 0b10000111;
  1079  0018A0  0E87               	movlw	135
  1080  0018A2  6ECD               	movwf	4045,c	;volatile
  1081                           
  1082                           ;main.c: 99: T3CON = 0b10110001;
  1083  0018A4  0EB1               	movlw	177
  1084  0018A6  6EB1               	movwf	4017,c	;volatile
  1085                           
  1086                           ;main.c: 101: WDTCON = 0x1;
  1087  0018A8  0E01               	movlw	1
  1088  0018AA  6ED1               	movwf	4049,c	;volatile
  1089                           
  1090                           ;main.c: 103: INTCON2bits.RBPU = 1;
  1091  0018AC  8EF1               	bsf	intcon2,7,c	;volatile
  1092                           
  1093                           ;main.c: 105: PIE1bits.RCIE = 1;
  1094  0018AE  8A9D               	bsf	3997,5,c	;volatile
  1095                           
  1096                           ;main.c: 106: INTCONbits.PEIE = 1;
  1097  0018B0  8CF2               	bsf	intcon,6,c	;volatile
  1098                           
  1099                           ;main.c: 107: INTCONbits.GIE = 1;
  1100  0018B2  8EF2               	bsf	intcon,7,c	;volatile
  1101                           
  1102                           ;main.c: 109: EEsetupRead();
  1103  0018B4  EC38  F005         	call	_EEsetupRead	;wreg free
  1104                           
  1105                           ; BSR set to: 0
  1106                           ;main.c: 110: EEmbandRead();
  1107  0018B8  ECCF  F010         	call	_EEmbandRead	;wreg free
  1108                           
  1109                           ;main.c: 112: if (logo)
  1110  0018BC  0100               	movlb	0	; () banked
  1111  0018BE  51ED               	movf	_logo& (0+255),w,b	;volatile
  1112  0018C0  E00A               	bz	l4508
  1113                           
  1114                           ; BSR set to: 0
  1115                           ;main.c: 113: {;main.c: 114: if (!LCDpageSelect(0xA1)) {asm("reset");}
  1116  0018C2  0EA1               	movlw	161
  1117  0018C4  EC4C  F00E         	call	_LCDpageSelect
  1118  0018C8  0900               	iorlw	0
  1119  0018CA  E101               	bnz	l4506
  1120  0018CC  00FF               	reset		;# 
  1121  0018CE                     l4506:
  1122                           
  1123                           ;main.c: 115: DelayS(3);
  1124  0018CE  0E03               	movlw	3
  1125  0018D0  ECF3  F00F         	call	_DelayS
  1126                           
  1127                           ;main.c: 116: }
  1128  0018D4  D003               	goto	l4510
  1129  0018D6                     l4508:
  1130                           
  1131                           ; BSR set to: 0
  1132                           ;main.c: 117: else DelayS(1);
  1133  0018D6  0E01               	movlw	1
  1134  0018D8  ECF3  F00F         	call	_DelayS
  1135  0018DC                     l4510:
  1136  0018DC  FFFF               	dw	65535	; assembler added errata NOP
  1137                           
  1138                           ;main.c: 119: if (!LCDpageSelect(0xA0)) {asm("reset");}
  1139  0018DE  0EA0               	movlw	160
  1140  0018E0  EC4C  F00E         	call	_LCDpageSelect
  1141  0018E4  0900               	iorlw	0
  1142  0018E6  E101               	bnz	l4514
  1143  0018E8  00FF               	reset		;# 
  1144  0018EA                     l4514:
  1145                           
  1146                           ;main.c: 121: LCDversionSend();
  1147  0018EA  EC6A  F010         	call	_LCDversionSend	;wreg free
  1148                           
  1149                           ;main.c: 123: SetBand();
  1150  0018EE  EC81  F00F         	call	_SetBand	;wreg free
  1151                           
  1152                           ;main.c: 124: Beep();
  1153  0018F2  EC15  F011         	call	_Beep	;wreg free
  1154  0018F6                     l4520:
  1155  0018F6  FFFF               	dw	65535	; assembler added errata NOP
  1156                           
  1157                           ;main.c: 127: {;main.c: 128: ADCmeasure();
  1158  0018F8  ECE0  F00C         	call	_ADCmeasure	;wreg free
  1159                           
  1160                           ; BSR set to: 0
  1161                           ;main.c: 129: ProtectCheck();
  1162  0018FC  EC1E  F00A         	call	_ProtectCheck	;wreg free
  1163                           
  1164                           ; BSR set to: 0
  1165                           ;main.c: 131: SlowControl();
  1166  001900  ECFE  F00A         	call	_SlowControl	;wreg free
  1167                           
  1168                           ; BSR set to: 0
  1169                           ;main.c: 133: SendStatusToLCD();
  1170  001904  ECD7  F006         	call	_SendStatusToLCD	;wreg free
  1171                           
  1172                           ; BSR set to: 0
  1173                           ;main.c: 134: ReadStatusFromLCD();
  1174  001908  ECCC  F00B         	call	_ReadStatusFromLCD	;wreg free
  1175  00190C  D7F4               	goto	l4520
  1176  00190E                     __end_of_main:
  1177                           	opt stack 0
  1178                           stkptr	equ	0xFFC
  1179                           tblptru	equ	0xFF8
  1180                           tblptrh	equ	0xFF7
  1181                           tblptrl	equ	0xFF6
  1182                           tablat	equ	0xFF5
  1183                           intcon	equ	0xFF2
  1184                           intcon2	equ	0xFF1
  1185                           postinc0	equ	0xFEE
  1186                           wreg	equ	0xFE8
  1187                           
  1188 ;; *************** function _SlowControl *****************
  1189 ;; Defined at:
  1190 ;;		line 32 in file "../adc.h"
  1191 ;; Parameters:    Size  Location     Type
  1192 ;;		None
  1193 ;; Auto vars:     Size  Location     Type
  1194 ;;		None
  1195 ;; Return value:  Size  Location     Type
  1196 ;;                  1    wreg      void 
  1197 ;; Registers used:
  1198 ;;		wreg, status,2, status,0, cstack
  1199 ;; Tracked objects:
  1200 ;;		On entry : 3F/0
  1201 ;;		On exit  : 3F/0
  1202 ;;		Unchanged: 0/0
  1203 ;; Data sizes:     COMRAM   BANK0   BANK1   BANK2   BANK3   BANK4   BANK5
  1204 ;;      Params:         0       0       0       0       0       0       0
  1205 ;;      Locals:         0       0       0       0       0       0       0
  1206 ;;      Temps:          6       0       0       0       0       0       0
  1207 ;;      Totals:         6       0       0       0       0       0       0
  1208 ;;Total ram usage:        6 bytes
  1209 ;; Hardware stack levels used:    1
  1210 ;; Hardware stack levels required when called:    4
  1211 ;; This function calls:
  1212 ;;		_ADC
  1213 ;;		_FanControl
  1214 ;;		_PttHoldControl
  1215 ;; This function is called by:
  1216 ;;		_main
  1217 ;; This function uses a non-reentrant model
  1218 ;;
  1219                           
  1220                           	psect	text1
  1221  0015FC                     __ptext1:
  1222                           	opt stack 0
  1223  0015FC                     _SlowControl:
  1224                           	opt stack 0
  1225  0015FC  FFFF               	dw	65535	; assembler added errata NOP
  1226                           
  1227                           ; BSR set to: 0
  1228                           ;adc.h: 34: if (!PIR2bits.TMR3IF) return;
  1229                           
  1230                           ; BSR set to: 0
  1231                           ;incstack = 0
  1232  0015FE  A2A1               	btfss	4001,1,c	;volatile
  1233  001600  D062               	goto	l439
  1234                           
  1235                           ; BSR set to: 0
  1236                           ;adc.h: 35: ((void)(TMR3H=((0x0BFF)>>8),TMR3L=((0x0BFF)&0xFF)));
  1237  001602  0E0B               	movlw	11
  1238  001604  6EB3               	movwf	4019,c	;volatile
  1239                           
  1240                           ; BSR set to: 0
  1241  001606  68B2               	setf	4018,c	;volatile
  1242                           
  1243                           ; BSR set to: 0
  1244                           ;adc.h: 36: PIR2bits.TMR3IF = 0;
  1245  001608  92A1               	bcf	4001,1,c	;volatile
  1246                           
  1247                           ; BSR set to: 0
  1248                           ;adc.h: 38: PttHoldControl();
  1249  00160A  EC0E  F010         	call	_PttHoldControl	;wreg free
  1250                           
  1251                           ; BSR set to: 0
  1252                           ;adc.h: 39: FanControl();
  1253  00160E  EC0E  F00E         	call	_FanControl	;wreg free
  1254                           
  1255                           ; BSR set to: 0
  1256                           ;adc.h: 41: voltM += volt;
  1257  001612  5182               	movf	_volt& (0+255),w,b	;volatile
  1258  001614  276E               	addwf	_voltM& (0+255),f,b	;volatile
  1259  001616  5183               	movf	(_volt+1)& (0+255),w,b	;volatile
  1260  001618  236F               	addwfc	(_voltM+1)& (0+255),f,b	;volatile
  1261                           
  1262                           ; BSR set to: 0
  1263                           ;adc.h: 42: tempM += ADC(3);
  1264  00161A  0E03               	movlw	3
  1265  00161C  EC26  F010         	call	_ADC
  1266  001620  5005               	movf	?_ADC,w,c
  1267  001622  0100               	movlb	0	; () banked
  1268  001624  2770               	addwf	_tempM& (0+255),f,b	;volatile
  1269  001626  5006               	movf	?_ADC+1,w,c
  1270  001628  2371               	addwfc	(_tempM+1)& (0+255),f,b	;volatile
  1271                           
  1272                           ; BSR set to: 0
  1273                           ;adc.h: 44: if (++med & 0x10)
  1274  00162A  2B8C               	incf	_med& (0+255),f,b	;volatile
  1275  00162C  A98C               	btfss	_med& (0+255),4,b	;volatile
  1276  00162E  D04B               	goto	l439
  1277                           
  1278                           ; BSR set to: 0
  1279                           ;adc.h: 45: {;adc.h: 47: temp = tempM >> 4;
  1280  001630  C070  F00A         	movff	_tempM,??_SlowControl	;volatile
  1281  001634  C071  F00B         	movff	_tempM+1,??_SlowControl+1	;volatile
  1282  001638  0E04               	movlw	4
  1283  00163A  6E0C               	movwf	(??_SlowControl+2)& (0+255),c
  1284  00163C                     u3665:
  1285  00163C  FFFF               	dw	65535	; assembler added errata NOP
  1286  00163E  90D8               	bcf	status,0,c
  1287  001640  320B               	rrcf	??_SlowControl+1,f,c
  1288  001642  320A               	rrcf	??_SlowControl,f,c
  1289  001644  2E0C               	decfsz	(??_SlowControl+2)& (0+255),f,c
  1290  001646  D7FA               	goto	u3665
  1291  001648  C00A  F04A         	movff	??_SlowControl,_temp	;volatile
  1292  00164C  C00B  F04B         	movff	??_SlowControl+1,_temp+1	;volatile
  1293                           
  1294                           ;adc.h: 48: if (temp >= (560 - sensor)) temp = (temp - (560 - sensor)) >> 1;
  1295  001650  0E30               	movlw	48
  1296  001652  6E0A               	movwf	??_SlowControl& (0+255),c
  1297  001654  0E02               	movlw	2
  1298  001656  6E0B               	movwf	(??_SlowControl+1)& (0+255),c
  1299  001658  51EC               	movf	_sensor& (0+255),w,b	;volatile
  1300  00165A  5E0A               	subwf	??_SlowControl,f,c
  1301  00165C  0E00               	movlw	0
  1302  00165E  5A0B               	subwfb	??_SlowControl+1,f,c
  1303  001660  500A               	movf	??_SlowControl,w,c
  1304  001662  5C4A               	subwf	_temp,w,c	;volatile
  1305  001664  500B               	movf	??_SlowControl+1,w,c
  1306  001666  584B               	subwfb	_temp+1,w,c	;volatile
  1307  001668  E316               	bnc	l441
  1308                           
  1309                           ; BSR set to: 0
  1310  00166A  0ED0               	movlw	208
  1311  00166C  6E0A               	movwf	??_SlowControl& (0+255),c
  1312  00166E  0EFD               	movlw	253
  1313  001670  6E0B               	movwf	(??_SlowControl+1)& (0+255),c
  1314  001672  51EC               	movf	_sensor& (0+255),w,b	;volatile
  1315  001674  244A               	addwf	_temp,w,c	;volatile
  1316  001676  6E0C               	movwf	(??_SlowControl+2)& (0+255),c
  1317  001678  0E00               	movlw	0
  1318  00167A  204B               	addwfc	_temp+1,w,c	;volatile
  1319  00167C  6E0D               	movwf	(??_SlowControl+3)& (0+255),c
  1320  00167E  500A               	movf	??_SlowControl,w,c
  1321  001680  260C               	addwf	??_SlowControl+2,f,c
  1322  001682  500B               	movf	??_SlowControl+1,w,c
  1323  001684  220D               	addwfc	??_SlowControl+3,f,c
  1324  001686  90D8               	bcf	status,0,c
  1325  001688  300D               	rrcf	??_SlowControl+3,w,c
  1326  00168A  6E0E               	movwf	(??_SlowControl+4)& (0+255),c
  1327  00168C  300C               	rrcf	??_SlowControl+2,w,c
  1328  00168E  6E4A               	movwf	_temp,c	;volatile
  1329  001690  C00E  F04B         	movff	??_SlowControl+4,_temp+1	;volatile
  1330  001694  D002               	goto	l3632
  1331  001696                     l441:
  1332                           
  1333                           ; BSR set to: 0
  1334                           ;adc.h: 49: else temp = 0;
  1335  001696  6A4A               	clrf	_temp,c	;volatile
  1336  001698  6A4B               	clrf	_temp+1,c	;volatile
  1337  00169A                     l3632:
  1338  00169A  FFFF               	dw	65535	; assembler added errata NOP
  1339                           
  1340                           ; BSR set to: 0
  1341                           ;adc.h: 51: volt_view = voltM >> 4;
  1342  00169C  C06E  F00A         	movff	_voltM,??_SlowControl	;volatile
  1343  0016A0  C06F  F00B         	movff	_voltM+1,??_SlowControl+1	;volatile
  1344  0016A4  0E04               	movlw	4
  1345  0016A6  6E0C               	movwf	(??_SlowControl+2)& (0+255),c
  1346  0016A8                     u3685:
  1347  0016A8  FFFF               	dw	65535	; assembler added errata NOP
  1348  0016AA  90D8               	bcf	status,0,c
  1349  0016AC  320B               	rrcf	??_SlowControl+1,f,c
  1350  0016AE  320A               	rrcf	??_SlowControl,f,c
  1351  0016B0  2E0C               	decfsz	(??_SlowControl+2)& (0+255),f,c
  1352  0016B2  D7FA               	goto	u3685
  1353  0016B4  C00A  F080         	movff	??_SlowControl,_volt_view	;volatile
  1354  0016B8  C00B  F081         	movff	??_SlowControl+1,_volt_view+1	;volatile
  1355                           
  1356                           ; BSR set to: 0
  1357                           ;adc.h: 53: med = 0; tempM = 0; voltM = 0;
  1358  0016BC  6B8C               	clrf	_med& (0+255),b	;volatile
  1359                           
  1360                           ; BSR set to: 0
  1361  0016BE  6B70               	clrf	_tempM& (0+255),b	;volatile
  1362  0016C0  6B71               	clrf	(_tempM+1)& (0+255),b	;volatile
  1363                           
  1364                           ; BSR set to: 0
  1365  0016C2  6B6E               	clrf	_voltM& (0+255),b	;volatile
  1366  0016C4  6B6F               	clrf	(_voltM+1)& (0+255),b	;volatile
  1367  0016C6                     l439:
  1368  0016C6  FFFF               	dw	65535	; assembler added errata NOP
  1369                           
  1370                           ; BSR set to: 0
  1371  0016C8  0012               	return		;funcret
  1372  0016CA  FFFF               	dw	65535	; errata NOP
  1373  0016CC                     __end_of_SlowControl:
  1374                           	opt stack 0
  1375                           stkptr	equ	0xFFC
  1376                           tblptru	equ	0xFF8
  1377                           tblptrh	equ	0xFF7
  1378                           tblptrl	equ	0xFF6
  1379                           tablat	equ	0xFF5
  1380                           intcon	equ	0xFF2
  1381                           intcon2	equ	0xFF1
  1382                           postinc0	equ	0xFEE
  1383                           wreg	equ	0xFE8
  1384                           status	equ	0xFD8
  1385                           
  1386 ;; *************** function _PttHoldControl *****************
  1387 ;; Defined at:
  1388 ;;		line 179 in file "../digital.h"
  1389 ;; Parameters:    Size  Location     Type
  1390 ;;		None
  1391 ;; Auto vars:     Size  Location     Type
  1392 ;;		None
  1393 ;; Return value:  Size  Location     Type
  1394 ;;                  1    wreg      void 
  1395 ;; Registers used:
  1396 ;;		wreg, status,2, status,0
  1397 ;; Tracked objects:
  1398 ;;		On entry : 3F/0
  1399 ;;		On exit  : 3F/0
  1400 ;;		Unchanged: 0/0
  1401 ;; Data sizes:     COMRAM   BANK0   BANK1   BANK2   BANK3   BANK4   BANK5
  1402 ;;      Params:         0       0       0       0       0       0       0
  1403 ;;      Locals:         0       0       0       0       0       0       0
  1404 ;;      Temps:          0       0       0       0       0       0       0
  1405 ;;      Totals:         0       0       0       0       0       0       0
  1406 ;;Total ram usage:        0 bytes
  1407 ;; Hardware stack levels used:    1
  1408 ;; Hardware stack levels required when called:    3
  1409 ;; This function calls:
  1410 ;;		Nothing
  1411 ;; This function is called by:
  1412 ;;		_SlowControl
  1413 ;; This function uses a non-reentrant model
  1414 ;;
  1415                           
  1416                           	psect	text2
  1417  00201C                     __ptext2:
  1418                           	opt stack 0
  1419  00201C                     _PttHoldControl:
  1420                           	opt stack 0
  1421  00201C  FFFF               	dw	65535	; assembler added errata NOP
  1422                           
  1423                           ; BSR set to: 0
  1424                           ;digital.h: 181: static unsigned char t = 0;;digital.h: 183: if (ptt_hold == 0) return;
  1425                           
  1426                           ; BSR set to: 0
  1427                           ;incstack = 0
  1428  00201E  51EB               	movf	_ptt_hold& (0+255),w,b	;volatile
  1429  002020  E012               	bz	l387
  1430                           
  1431                           ; BSR set to: 0
  1432                           ;digital.h: 184: if ((ptt == 0) || (fpeak < 520))
  1433  002022  5056               	movf	_ptt,w,c	;volatile
  1434  002024  E005               	bz	u3270
  1435                           
  1436                           ; BSR set to: 0
  1437  002026  0E08               	movlw	8
  1438  002028  5C46               	subwf	_fpeak,w,c	;volatile
  1439  00202A  0E02               	movlw	2
  1440  00202C  5847               	subwfb	_fpeak+1,w,c	;volatile
  1441  00202E  E203               	bc	l3356
  1442  002030                     u3270:
  1443                           
  1444                           ; BSR set to: 0
  1445                           ;digital.h: 185: {;digital.h: 186: ptt_htimer = 0; t = 0;
  1446  002030  6B88               	clrf	_ptt_htimer& (0+255),b	;volatile
  1447  002032  6B85               	clrf	PttHoldControl@t& (0+255),b
  1448                           
  1449                           ;digital.h: 187: return;
  1450  002034  D008               	goto	l387
  1451  002036                     l3356:
  1452                           
  1453                           ; BSR set to: 0
  1454                           ;digital.h: 188: };digital.h: 190: if (++t < 20) return;
  1455  002036  2B85               	incf	PttHoldControl@t& (0+255),f,b
  1456  002038  0E14               	movlw	20
  1457  00203A  6185               	cpfslt	PttHoldControl@t& (0+255),b
  1458  00203C  D001               	goto	l391
  1459  00203E  D003               	goto	l387
  1460  002040                     l391:
  1461  002040  FFFF               	dw	65535	; assembler added errata NOP
  1462                           
  1463                           ; BSR set to: 0
  1464                           ;digital.h: 191: t = 0;
  1465  002042  6B85               	clrf	PttHoldControl@t& (0+255),b
  1466                           
  1467                           ; BSR set to: 0
  1468                           ;digital.h: 192: ptt_htimer++;
  1469  002044  2B88               	incf	_ptt_htimer& (0+255),f,b	;volatile
  1470  002046                     l387:
  1471  002046  FFFF               	dw	65535	; assembler added errata NOP
  1472                           
  1473                           ; BSR set to: 0
  1474  002048  0012               	return		;funcret
  1475  00204A  FFFF               	dw	65535	; errata NOP
  1476  00204C                     __end_of_PttHoldControl:
  1477                           	opt stack 0
  1478                           stkptr	equ	0xFFC
  1479                           tblptru	equ	0xFF8
  1480                           tblptrh	equ	0xFF7
  1481                           tblptrl	equ	0xFF6
  1482                           tablat	equ	0xFF5
  1483                           intcon	equ	0xFF2
  1484                           intcon2	equ	0xFF1
  1485                           postinc0	equ	0xFEE
  1486                           wreg	equ	0xFE8
  1487                           status	equ	0xFD8
  1488                           
  1489 ;; *************** function _FanControl *****************
  1490 ;; Defined at:
  1491 ;;		line 145 in file "../digital.h"
  1492 ;; Parameters:    Size  Location     Type
  1493 ;;		None
  1494 ;; Auto vars:     Size  Location     Type
  1495 ;;		None
  1496 ;; Return value:  Size  Location     Type
  1497 ;;                  1    wreg      void 
  1498 ;; Registers used:
  1499 ;;		wreg, status,2, status,0
  1500 ;; Tracked objects:
  1501 ;;		On entry : 3F/0
  1502 ;;		On exit  : 3F/0
  1503 ;;		Unchanged: 0/0
  1504 ;; Data sizes:     COMRAM   BANK0   BANK1   BANK2   BANK3   BANK4   BANK5
  1505 ;;      Params:         0       0       0       0       0       0       0
  1506 ;;      Locals:         0       0       0       0       0       0       0
  1507 ;;      Temps:          2       0       0       0       0       0       0
  1508 ;;      Totals:         2       0       0       0       0       0       0
  1509 ;;Total ram usage:        2 bytes
  1510 ;; Hardware stack levels used:    1
  1511 ;; Hardware stack levels required when called:    3
  1512 ;; This function calls:
  1513 ;;		Nothing
  1514 ;; This function is called by:
  1515 ;;		_SlowControl
  1516 ;; This function uses a non-reentrant model
  1517 ;;
  1518                           
  1519                           	psect	text3
  1520  001C1C                     __ptext3:
  1521                           	opt stack 0
  1522  001C1C                     _FanControl:
  1523                           	opt stack 0
  1524  001C1C  FFFF               	dw	65535	; assembler added errata NOP
  1525                           
  1526                           ; BSR set to: 0
  1527                           
  1528                           ; BSR set to: 0
  1529                           ;incstack = 0
  1530  001C1E  0004               	clrwdt		;# 
  1531                           
  1532                           ;digital.h: 149: if (err & 0x20)
  1533  001C20  AA54               	btfss	_err,5,c	;volatile
  1534  001C22  D011               	goto	l3324
  1535                           
  1536                           ;digital.h: 150: {;digital.h: 151: LATCbits.LC1 = 1; fan = 1;
  1537  001C24  828B               	bsf	3979,1,c	;volatile
  1538  001C26  0E01               	movlw	1
  1539  001C28  0100               	movlb	0	; () banked
  1540  001C2A  6F8D               	movwf	_fan& (0+255),b	;volatile
  1541                           
  1542                           ; BSR set to: 0
  1543                           ;digital.h: 152: if (temp <= (max_temp - hystT)) err &=~ 0x20;
  1544  001C2C  51F0               	movf	_hystT& (0+255),w,b	;volatile
  1545  001C2E  5DE1               	subwf	_max_temp& (0+255),w,b	;volatile
  1546  001C30  6E05               	movwf	??_FanControl& (0+255),c
  1547  001C32  0E00               	movlw	0
  1548  001C34  59E2               	subwfb	(_max_temp+1)& (0+255),w,b	;volatile
  1549  001C36  6E06               	movwf	(??_FanControl+1)& (0+255),c
  1550  001C38  504A               	movf	_temp,w,c	;volatile
  1551  001C3A  5C05               	subwf	??_FanControl,w,c
  1552  001C3C  504B               	movf	_temp+1,w,c	;volatile
  1553  001C3E  5806               	subwfb	??_FanControl+1,w,c
  1554  001C40  E328               	bnc	l375
  1555                           
  1556                           ; BSR set to: 0
  1557  001C42  9A54               	bcf	_err,5,c	;volatile
  1558  001C44  D026               	goto	l375
  1559  001C46                     l3324:
  1560  001C46  FFFF               	dw	65535	; assembler added errata NOP
  1561                           
  1562                           ;digital.h: 154: };digital.h: 156: if (temp >= max_tFAN)
  1563  001C48  0100               	movlb	0	; () banked
  1564  001C4A  51DF               	movf	_max_tFAN& (0+255),w,b	;volatile
  1565  001C4C  5C4A               	subwf	_temp,w,c	;volatile
  1566  001C4E  51E0               	movf	(_max_tFAN+1)& (0+255),w,b	;volatile
  1567  001C50  584B               	subwfb	_temp+1,w,c	;volatile
  1568  001C52  E305               	bnc	l3334
  1569                           
  1570                           ; BSR set to: 0
  1571                           ;digital.h: 157: {;digital.h: 158: LATCbits.LC1 = 1; fan = 1;
  1572  001C54  828B               	bsf	3979,1,c	;volatile
  1573                           
  1574                           ; BSR set to: 0
  1575  001C56  0E01               	movlw	1
  1576  001C58  6F8D               	movwf	_fan& (0+255),b	;volatile
  1577                           
  1578                           ;digital.h: 159: maxf = 1;
  1579  001C5A  6F8E               	movwf	_maxf& (0+255),b	;volatile
  1580  001C5C  D01A               	goto	l375
  1581  001C5E                     l3334:
  1582                           
  1583                           ; BSR set to: 0
  1584                           ;digital.h: 162: else;digital.h: 163: {;digital.h: 165: if (temp <= (max_tFAN - hystF))
  1585  001C5E  51EF               	movf	_hystF& (0+255),w,b	;volatile
  1586  001C60  5DDF               	subwf	_max_tFAN& (0+255),w,b	;volatile
  1587  001C62  6E05               	movwf	??_FanControl& (0+255),c
  1588  001C64  0E00               	movlw	0
  1589  001C66  59E0               	subwfb	(_max_tFAN+1)& (0+255),w,b	;volatile
  1590  001C68  6E06               	movwf	(??_FanControl+1)& (0+255),c
  1591  001C6A  504A               	movf	_temp,w,c	;volatile
  1592  001C6C  5C05               	subwf	??_FanControl,w,c
  1593  001C6E  504B               	movf	_temp+1,w,c	;volatile
  1594  001C70  5806               	subwfb	??_FanControl+1,w,c
  1595  001C72  E303               	bnc	l3338
  1596                           
  1597                           ; BSR set to: 0
  1598                           ;digital.h: 166: {;digital.h: 167: LATCbits.LC1 = 0; fan = 0;
  1599  001C74  928B               	bcf	3979,1,c	;volatile
  1600  001C76  6B8D               	clrf	_fan& (0+255),b	;volatile
  1601                           
  1602                           ;digital.h: 168: maxf = 0;
  1603  001C78  6B8E               	clrf	_maxf& (0+255),b	;volatile
  1604  001C7A                     l3338:
  1605                           
  1606                           ; BSR set to: 0
  1607                           ;digital.h: 169: };digital.h: 170: };digital.h: 172: if (fanptt && (maxf == 0))
  1608  001C7A  51F2               	movf	_fanptt& (0+255),w,b	;volatile
  1609  001C7C  E00A               	bz	l375
  1610                           
  1611                           ; BSR set to: 0
  1612  001C7E  518E               	movf	_maxf& (0+255),w,b	;volatile
  1613  001C80  E108               	bnz	l375
  1614                           
  1615                           ; BSR set to: 0
  1616                           ;digital.h: 173: {;digital.h: 174: if (ptt) {LATCbits.LC1 = 1; fan = 1;}
  1617  001C82  5056               	movf	_ptt,w,c	;volatile
  1618  001C84  E004               	bz	l380
  1619                           
  1620                           ; BSR set to: 0
  1621  001C86  828B               	bsf	3979,1,c	;volatile
  1622                           
  1623                           ; BSR set to: 0
  1624  001C88  0E01               	movlw	1
  1625  001C8A  6F8D               	movwf	_fan& (0+255),b	;volatile
  1626  001C8C  D002               	goto	l375
  1627  001C8E                     l380:
  1628                           
  1629                           ; BSR set to: 0
  1630                           ;digital.h: 175: else {LATCbits.LC1 = 0; fan = 0;}
  1631  001C8E  928B               	bcf	3979,1,c	;volatile
  1632  001C90  6B8D               	clrf	_fan& (0+255),b	;volatile
  1633  001C92                     l375:
  1634  001C92  FFFF               	dw	65535	; assembler added errata NOP
  1635                           
  1636                           ; BSR set to: 0
  1637  001C94  0012               	return		;funcret
  1638  001C96  FFFF               	dw	65535	; errata NOP
  1639  001C98                     __end_of_FanControl:
  1640                           	opt stack 0
  1641                           stkptr	equ	0xFFC
  1642                           tblptru	equ	0xFF8
  1643                           tblptrh	equ	0xFF7
  1644                           tblptrl	equ	0xFF6
  1645                           tablat	equ	0xFF5
  1646                           intcon	equ	0xFF2
  1647                           intcon2	equ	0xFF1
  1648                           postinc0	equ	0xFEE
  1649                           wreg	equ	0xFE8
  1650                           status	equ	0xFD8
  1651                           
  1652 ;; *************** function _SendStatusToLCD *****************
  1653 ;; Defined at:
  1654 ;;		line 50 in file "../nextion.h"
  1655 ;; Parameters:    Size  Location     Type
  1656 ;;		None
  1657 ;; Auto vars:     Size  Location     Type
  1658 ;;		None
  1659 ;; Return value:  Size  Location     Type
  1660 ;;                  1    wreg      void 
  1661 ;; Registers used:
  1662 ;;		wreg, fsr2l, fsr2h, status,2, status,0, tblptrl, tblptrh, tblptru, cstack
  1663 ;; Tracked objects:
  1664 ;;		On entry : 3F/0
  1665 ;;		On exit  : 3F/0
  1666 ;;		Unchanged: 0/0
  1667 ;; Data sizes:     COMRAM   BANK0   BANK1   BANK2   BANK3   BANK4   BANK5
  1668 ;;      Params:         0       0       0       0       0       0       0
  1669 ;;      Locals:         0       0       0       0       0       0       0
  1670 ;;      Temps:         12       0       0       0       0       0       0
  1671 ;;      Totals:        12       0       0       0       0       0       0
  1672 ;;Total ram usage:       12 bytes
  1673 ;; Hardware stack levels used:    1
  1674 ;; Hardware stack levels required when called:    5
  1675 ;; This function calls:
  1676 ;;		_CreateBuffTX
  1677 ;;		_Tramsmitt
  1678 ;; This function is called by:
  1679 ;;		_main
  1680 ;; This function uses a non-reentrant model
  1681 ;;
  1682                           
  1683                           	psect	text4
  1684  000DAE                     __ptext4:
  1685                           	opt stack 0
  1686  000DAE                     _SendStatusToLCD:
  1687                           	opt stack 0
  1688  000DAE  FFFF               	dw	65535	; assembler added errata NOP
  1689                           
  1690                           ; BSR set to: 0
  1691                           
  1692                           ; BSR set to: 0
  1693                           ;incstack = 0
  1694  000DB0  0004               	clrwdt		;# 
  1695                           
  1696                           ;nextion.h: 54: if (lcd < 3) lcd++;
  1697  000DB2  0E03               	movlw	3
  1698  000DB4  6055               	cpfslt	_lcd,c	;volatile
  1699  000DB6  D002               	goto	l473
  1700  000DB8  2A55               	incf	_lcd,f,c	;volatile
  1701  000DBA  D002               	goto	l3646
  1702  000DBC                     l473:
  1703  000DBC  FFFF               	dw	65535	; assembler added errata NOP
  1704                           
  1705                           ;nextion.h: 55: else lcd = 0;
  1706  000DBE  6A55               	clrf	_lcd,c	;volatile
  1707  000DC0                     l3646:
  1708  000DC0  FFFF               	dw	65535	; assembler added errata NOP
  1709                           
  1710                           ;nextion.h: 57: if (frtout) frtout--;
  1711  000DC2  0100               	movlb	0	; () banked
  1712  000DC4  516A               	movf	_frtout& (0+255),w,b	;volatile
  1713  000DC6  116B               	iorwf	(_frtout+1)& (0+255),w,b	;volatile
  1714  000DC8  E003               	bz	l3650
  1715                           
  1716                           ; BSR set to: 0
  1717  000DCA  076A               	decf	_frtout& (0+255),f,b	;volatile
  1718  000DCC  A0D8               	btfss	status,0,c
  1719  000DCE  076B               	decf	(_frtout+1)& (0+255),f,b	;volatile
  1720  000DD0                     l3650:
  1721                           
  1722                           ; BSR set to: 0
  1723                           ;nextion.h: 58: if (cvtout) cvtout--;
  1724  000DD0  5168               	movf	_cvtout& (0+255),w,b	;volatile
  1725  000DD2  1169               	iorwf	(_cvtout+1)& (0+255),w,b	;volatile
  1726  000DD4  E003               	bz	l3654
  1727                           
  1728                           ; BSR set to: 0
  1729  000DD6  0768               	decf	_cvtout& (0+255),f,b	;volatile
  1730  000DD8  A0D8               	btfss	status,0,c
  1731  000DDA  0769               	decf	(_cvtout+1)& (0+255),f,b	;volatile
  1732  000DDC                     l3654:
  1733                           
  1734                           ; BSR set to: 0
  1735                           ;nextion.h: 60: if ((PIE1bits.TXIE) || (!INTCONbits.TMR0IF)) return;
  1736  000DDC  A89D               	btfss	3997,4,c	;volatile
  1737                           
  1738                           ; BSR set to: 0
  1739  000DDE  A4F2               	btfss	intcon,2,c	;volatile
  1740  000DE0  D124               	goto	l480
  1741                           
  1742                           ; BSR set to: 0
  1743                           ;nextion.h: 63: if (lcd == 0)
  1744  000DE2  5055               	movf	_lcd,w,c	;volatile
  1745  000DE4  E159               	bnz	l482
  1746                           
  1747                           ; BSR set to: 0
  1748                           ;nextion.h: 64: {;nextion.h: 65: if (frtout == 0)
  1749  000DE6  516A               	movf	_frtout& (0+255),w,b	;volatile
  1750  000DE8  116B               	iorwf	(_frtout+1)& (0+255),w,b	;volatile
  1751  000DEA  E156               	bnz	l482
  1752                           
  1753                           ; BSR set to: 0
  1754                           ;nextion.h: 66: {;nextion.h: 68: if ((fpeak != fpeak_old) || (rpeak != rpeak_old))
  1755  000DEC  5176               	movf	_fpeak_old& (0+255),w,b	;volatile
  1756  000DEE  1846               	xorwf	_fpeak,w,c	;volatile
  1757  000DF0  E109               	bnz	l3666
  1758  000DF2  5177               	movf	(_fpeak_old+1)& (0+255),w,b	;volatile
  1759  000DF4  1847               	xorwf	_fpeak+1,w,c	;volatile
  1760  000DF6  E106               	bnz	u3770
  1761                           
  1762                           ; BSR set to: 0
  1763  000DF8  5174               	movf	_rpeak_old& (0+255),w,b	;volatile
  1764  000DFA  197A               	xorwf	_rpeak& (0+255),w,b	;volatile
  1765  000DFC  E103               	bnz	u3770
  1766  000DFE  5175               	movf	(_rpeak_old+1)& (0+255),w,b	;volatile
  1767  000E00  197B               	xorwf	(_rpeak+1)& (0+255),w,b	;volatile
  1768  000E02  E038               	bz	l3682
  1769  000E04                     u3770:
  1770  000E04                     l3666:
  1771                           
  1772                           ; BSR set to: 0
  1773                           ;nextion.h: 69: {;nextion.h: 70: tmp = ((unsigned long)fpeak) | (((unsigned long)rpeak) 
      +                          << 10);
  1774  000E04  517A               	movf	_rpeak& (0+255),w,b	;volatile
  1775  000E06  6E12               	movwf	??_SendStatusToLCD& (0+255),c
  1776  000E08  517B               	movf	(_rpeak+1)& (0+255),w,b	;volatile
  1777  000E0A  6E13               	movwf	(??_SendStatusToLCD+1)& (0+255),c
  1778  000E0C  6A14               	clrf	(??_SendStatusToLCD+2)& (0+255),c
  1779  000E0E  6A15               	clrf	(??_SendStatusToLCD+3)& (0+255),c
  1780  000E10  0E0A               	movlw	10
  1781  000E12                     u3785:
  1782  000E12  FFFF               	dw	65535	; assembler added errata NOP
  1783  000E14  90D8               	bcf	status,0,c
  1784  000E16  3612               	rlcf	??_SendStatusToLCD,f,c
  1785  000E18  3613               	rlcf	??_SendStatusToLCD+1,f,c
  1786  000E1A  3614               	rlcf	??_SendStatusToLCD+2,f,c
  1787  000E1C  3615               	rlcf	??_SendStatusToLCD+3,f,c
  1788  000E1E  2EE8               	decfsz	wreg,f,c
  1789  000E20  D7F8               	goto	u3785
  1790  000E22  5046               	movf	_fpeak,w,c	;volatile
  1791  000E24  1012               	iorwf	??_SendStatusToLCD,w,c
  1792  000E26  6F60               	movwf	_tmp& (0+255),b	;volatile
  1793  000E28  5047               	movf	_fpeak+1,w,c	;volatile
  1794  000E2A  1013               	iorwf	??_SendStatusToLCD+1,w,c
  1795  000E2C  6F61               	movwf	(_tmp+1)& (0+255),b	;volatile
  1796  000E2E  0E00               	movlw	0
  1797  000E30  1014               	iorwf	??_SendStatusToLCD+2,w,c
  1798  000E32  6F62               	movwf	(_tmp+2)& (0+255),b	;volatile
  1799  000E34  0E00               	movlw	0
  1800  000E36  1015               	iorwf	??_SendStatusToLCD+3,w,c
  1801  000E38  6F63               	movwf	(_tmp+3)& (0+255),b	;volatile
  1802                           
  1803                           ; BSR set to: 0
  1804                           ;nextion.h: 71: CreateBuffTX("frV", tmp);
  1805  000E3A  0E4C               	movlw	low STR_1
  1806  000E3C  6E0C               	movwf	CreateBuffTX@str,c
  1807  000E3E  C060  F00D         	movff	_tmp,CreateBuffTX@data	;volatile
  1808  000E42  C061  F00E         	movff	_tmp+1,CreateBuffTX@data+1	;volatile
  1809  000E46  C062  F00F         	movff	_tmp+2,CreateBuffTX@data+2	;volatile
  1810  000E4A  C063  F010         	movff	_tmp+3,CreateBuffTX@data+3	;volatile
  1811  000E4E  EC83  F00D         	call	_CreateBuffTX	;wreg free
  1812                           
  1813                           ;nextion.h: 72: fpeak_old = fpeak;
  1814  000E52  C046  F076         	movff	_fpeak,_fpeak_old	;volatile
  1815  000E56  C047  F077         	movff	_fpeak+1,_fpeak_old+1	;volatile
  1816                           
  1817                           ;nextion.h: 73: rpeak_old = rpeak;
  1818  000E5A  C07A  F074         	movff	_rpeak,_rpeak_old	;volatile
  1819  000E5E  C07B  F075         	movff	_rpeak+1,_rpeak_old+1	;volatile
  1820                           
  1821                           ;nextion.h: 74: frtout = 1000;
  1822  000E62  0E03               	movlw	3
  1823  000E64  0100               	movlb	0	; () banked
  1824  000E66  6F6B               	movwf	(_frtout+1)& (0+255),b	;volatile
  1825  000E68  0EE8               	movlw	232
  1826  000E6A  6F6A               	movwf	_frtout& (0+255),b	;volatile
  1827  000E6C                     l3676:
  1828  000E6C  FFFF               	dw	65535	; assembler added errata NOP
  1829                           
  1830                           ;nextion.h: 75: Tramsmitt(); return;
  1831  000E6E  EC59  F011         	call	_Tramsmitt	;wreg free
  1832  000E72  D0DB               	goto	l480
  1833  000E74                     l3682:
  1834                           
  1835                           ; BSR set to: 0
  1836                           ;nextion.h: 77: else;nextion.h: 78: {;nextion.h: 79: if (frwd < fpeak) fpeak = frwd;
  1837  000E74  5046               	movf	_fpeak,w,c	;volatile
  1838  000E76  5C50               	subwf	_frwd,w,c	;volatile
  1839  000E78  5047               	movf	_fpeak+1,w,c	;volatile
  1840  000E7A  5851               	subwfb	_frwd+1,w,c	;volatile
  1841  000E7C  E204               	bc	l3686
  1842                           
  1843                           ; BSR set to: 0
  1844  000E7E  C050  F046         	movff	_frwd,_fpeak	;volatile
  1845  000E82  C051  F047         	movff	_frwd+1,_fpeak+1	;volatile
  1846  000E86                     l3686:
  1847                           
  1848                           ; BSR set to: 0
  1849                           ;nextion.h: 80: if (refl < rpeak) rpeak = refl;
  1850  000E86  517A               	movf	_rpeak& (0+255),w,b	;volatile
  1851  000E88  5C4E               	subwf	_refl,w,c	;volatile
  1852  000E8A  517B               	movf	(_rpeak+1)& (0+255),w,b	;volatile
  1853  000E8C  584F               	subwfb	_refl+1,w,c	;volatile
  1854  000E8E  E204               	bc	l482
  1855                           
  1856                           ; BSR set to: 0
  1857  000E90  C04E  F07A         	movff	_refl,_rpeak	;volatile
  1858  000E94  C04F  F07B         	movff	_refl+1,_rpeak+1	;volatile
  1859  000E98                     l482:
  1860                           
  1861                           ; BSR set to: 0
  1862                           ;nextion.h: 81: };nextion.h: 82: };nextion.h: 83: };nextion.h: 85: if (lcd == 1)
  1863                           
  1864                           ; BSR set to: 0
  1865  000E98  0455               	decf	_lcd,w,c	;volatile
  1866  000E9A  E14D               	bnz	l490
  1867                           
  1868                           ; BSR set to: 0
  1869                           ;nextion.h: 86: {;nextion.h: 87: if (cvtout == 0)
  1870  000E9C  5168               	movf	_cvtout& (0+255),w,b	;volatile
  1871  000E9E  1169               	iorwf	(_cvtout+1)& (0+255),w,b	;volatile
  1872  000EA0  E14A               	bnz	l490
  1873                           
  1874                           ; BSR set to: 0
  1875                           ;nextion.h: 88: {;nextion.h: 90: if ((cpeak != cpeak_old) || (volt_view != volt_old))
  1876  000EA2  5172               	movf	_cpeak_old& (0+255),w,b	;volatile
  1877  000EA4  1978               	xorwf	_cpeak& (0+255),w,b	;volatile
  1878  000EA6  E109               	bnz	l3698
  1879  000EA8  5173               	movf	(_cpeak_old+1)& (0+255),w,b	;volatile
  1880  000EAA  1979               	xorwf	(_cpeak+1)& (0+255),w,b	;volatile
  1881  000EAC  E106               	bnz	u3840
  1882                           
  1883                           ; BSR set to: 0
  1884  000EAE  517E               	movf	_volt_old& (0+255),w,b	;volatile
  1885  000EB0  1980               	xorwf	_volt_view& (0+255),w,b	;volatile
  1886  000EB2  E103               	bnz	u3840
  1887  000EB4  517F               	movf	(_volt_old+1)& (0+255),w,b	;volatile
  1888  000EB6  1981               	xorwf	(_volt_view+1)& (0+255),w,b	;volatile
  1889  000EB8  E035               	bz	l3714
  1890  000EBA                     u3840:
  1891  000EBA                     l3698:
  1892                           
  1893                           ; BSR set to: 0
  1894                           ;nextion.h: 91: {;nextion.h: 92: tmp = ((unsigned long)volt_view) | (((unsigned long)cpe
      +                          ak) << 10);
  1895  000EBA  5178               	movf	_cpeak& (0+255),w,b	;volatile
  1896  000EBC  6E12               	movwf	??_SendStatusToLCD& (0+255),c
  1897  000EBE  5179               	movf	(_cpeak+1)& (0+255),w,b	;volatile
  1898  000EC0  6E13               	movwf	(??_SendStatusToLCD+1)& (0+255),c
  1899  000EC2  6A14               	clrf	(??_SendStatusToLCD+2)& (0+255),c
  1900  000EC4  6A15               	clrf	(??_SendStatusToLCD+3)& (0+255),c
  1901  000EC6  0E0A               	movlw	10
  1902  000EC8                     u3855:
  1903  000EC8  FFFF               	dw	65535	; assembler added errata NOP
  1904  000ECA  90D8               	bcf	status,0,c
  1905  000ECC  3612               	rlcf	??_SendStatusToLCD,f,c
  1906  000ECE  3613               	rlcf	??_SendStatusToLCD+1,f,c
  1907  000ED0  3614               	rlcf	??_SendStatusToLCD+2,f,c
  1908  000ED2  3615               	rlcf	??_SendStatusToLCD+3,f,c
  1909  000ED4  2EE8               	decfsz	wreg,f,c
  1910  000ED6  D7F8               	goto	u3855
  1911  000ED8  5180               	movf	_volt_view& (0+255),w,b	;volatile
  1912  000EDA  1012               	iorwf	??_SendStatusToLCD,w,c
  1913  000EDC  6F60               	movwf	_tmp& (0+255),b	;volatile
  1914  000EDE  5181               	movf	(_volt_view+1)& (0+255),w,b	;volatile
  1915  000EE0  1013               	iorwf	??_SendStatusToLCD+1,w,c
  1916  000EE2  6F61               	movwf	(_tmp+1)& (0+255),b	;volatile
  1917  000EE4  0E00               	movlw	0
  1918  000EE6  1014               	iorwf	??_SendStatusToLCD+2,w,c
  1919  000EE8  6F62               	movwf	(_tmp+2)& (0+255),b	;volatile
  1920  000EEA  0E00               	movlw	0
  1921  000EEC  1015               	iorwf	??_SendStatusToLCD+3,w,c
  1922  000EEE  6F63               	movwf	(_tmp+3)& (0+255),b	;volatile
  1923                           
  1924                           ; BSR set to: 0
  1925                           ;nextion.h: 93: CreateBuffTX("cvV", tmp);
  1926  000EF0  0E50               	movlw	low STR_2
  1927  000EF2  6E0C               	movwf	CreateBuffTX@str,c
  1928  000EF4  C060  F00D         	movff	_tmp,CreateBuffTX@data	;volatile
  1929  000EF8  C061  F00E         	movff	_tmp+1,CreateBuffTX@data+1	;volatile
  1930  000EFC  C062  F00F         	movff	_tmp+2,CreateBuffTX@data+2	;volatile
  1931  000F00  C063  F010         	movff	_tmp+3,CreateBuffTX@data+3	;volatile
  1932  000F04  EC83  F00D         	call	_CreateBuffTX	;wreg free
  1933                           
  1934                           ;nextion.h: 94: cpeak_old = cpeak;
  1935  000F08  C078  F072         	movff	_cpeak,_cpeak_old	;volatile
  1936  000F0C  C079  F073         	movff	_cpeak+1,_cpeak_old+1	;volatile
  1937                           
  1938                           ;nextion.h: 95: volt_old = volt_view;
  1939  000F10  C080  F07E         	movff	_volt_view,_volt_old	;volatile
  1940  000F14  C081  F07F         	movff	_volt_view+1,_volt_old+1	;volatile
  1941                           
  1942                           ;nextion.h: 96: cvtout = 1000;
  1943  000F18  0E03               	movlw	3
  1944  000F1A  0100               	movlb	0	; () banked
  1945  000F1C  6F69               	movwf	(_cvtout+1)& (0+255),b	;volatile
  1946  000F1E  0EE8               	movlw	232
  1947  000F20  6F68               	movwf	_cvtout& (0+255),b	;volatile
  1948  000F22  D7A4               	goto	l3676
  1949  000F24                     l3714:
  1950                           
  1951                           ; BSR set to: 0
  1952                           ;nextion.h: 99: else if (curr < cpeak) cpeak = curr;
  1953  000F24  5178               	movf	_cpeak& (0+255),w,b	;volatile
  1954  000F26  5C4C               	subwf	_curr,w,c	;volatile
  1955  000F28  5179               	movf	(_cpeak+1)& (0+255),w,b	;volatile
  1956  000F2A  584D               	subwfb	_curr+1,w,c	;volatile
  1957  000F2C  E204               	bc	l490
  1958                           
  1959                           ; BSR set to: 0
  1960  000F2E  C04C  F078         	movff	_curr,_cpeak	;volatile
  1961  000F32  C04D  F079         	movff	_curr+1,_cpeak+1	;volatile
  1962  000F36                     l490:
  1963                           
  1964                           ; BSR set to: 0
  1965                           ;nextion.h: 100: };nextion.h: 101: };nextion.h: 103: if (lcd == 2)
  1966                           
  1967                           ; BSR set to: 0
  1968  000F36  0E02               	movlw	2
  1969  000F38  1855               	xorwf	_lcd,w,c	;volatile
  1970  000F3A  E165               	bnz	l3740
  1971                           
  1972                           ; BSR set to: 0
  1973                           ;nextion.h: 104: {;nextion.h: 105: bstate = (fan << 3) | (bypass << 2) | (ptt << 1) | ab
      +                          and;
  1974  000F3C  90D8               	bcf	status,0,c
  1975  000F3E  3456               	rlcf	_ptt,w,c	;volatile
  1976  000F40  6E12               	movwf	??_SendStatusToLCD& (0+255),c
  1977  000F42  C058  F013         	movff	_bypass,??_SendStatusToLCD+1	;volatile
  1978  000F46  90D8               	bcf	status,0,c
  1979  000F48  3613               	rlcf	??_SendStatusToLCD+1,f,c
  1980  000F4A  90D8               	bcf	status,0,c
  1981  000F4C  3613               	rlcf	??_SendStatusToLCD+1,f,c
  1982  000F4E  398D               	swapf	_fan& (0+255),w,b	;volatile
  1983  000F50  42E8               	rrncf	wreg,f,c
  1984  000F52  0BF8               	andlw	248
  1985  000F54  1013               	iorwf	??_SendStatusToLCD+1,w,c
  1986  000F56  1012               	iorwf	??_SendStatusToLCD,w,c
  1987  000F58  11F1               	iorwf	_aband& (0+255),w,b	;volatile
  1988  000F5A  6F8A               	movwf	_bstate& (0+255),b	;volatile
  1989                           
  1990                           ;nextion.h: 106: if ((temp != temp_old) || (band != band_old) || (bstate != bstate_old))
  1991  000F5C  517C               	movf	_temp_old& (0+255),w,b	;volatile
  1992  000F5E  184A               	xorwf	_temp,w,c	;volatile
  1993  000F60  E109               	bnz	l3726
  1994  000F62  517D               	movf	(_temp_old+1)& (0+255),w,b	;volatile
  1995  000F64  184B               	xorwf	_temp+1,w,c	;volatile
  1996  000F66  E106               	bnz	u3900
  1997                           
  1998                           ; BSR set to: 0
  1999  000F68  518B               	movf	_band_old& (0+255),w,b	;volatile
  2000  000F6A  1857               	xorwf	_band,w,c	;volatile
  2001  000F6C  E103               	bnz	u3900
  2002                           
  2003                           ; BSR set to: 0
  2004  000F6E  5189               	movf	_bstate_old& (0+255),w,b	;volatile
  2005  000F70  198A               	xorwf	_bstate& (0+255),w,b	;volatile
  2006  000F72  E049               	bz	l3740
  2007  000F74                     u3900:
  2008  000F74                     l3726:
  2009                           
  2010                           ; BSR set to: 0
  2011                           ;nextion.h: 107: {;nextion.h: 108: tmp = ((unsigned long)temp) | (((unsigned long)band) 
      +                          << 7) | (((unsigned long)bstate) << 10);
  2012  000F74  C08A  F012         	movff	_bstate,??_SendStatusToLCD	;volatile
  2013  000F78  6A13               	clrf	(??_SendStatusToLCD+1)& (0+255),c
  2014  000F7A  6A14               	clrf	(??_SendStatusToLCD+2)& (0+255),c
  2015  000F7C  6A15               	clrf	(??_SendStatusToLCD+3)& (0+255),c
  2016  000F7E  0E0A               	movlw	10
  2017  000F80                     u3915:
  2018  000F80  FFFF               	dw	65535	; assembler added errata NOP
  2019  000F82  90D8               	bcf	status,0,c
  2020  000F84  3612               	rlcf	??_SendStatusToLCD,f,c
  2021  000F86  3613               	rlcf	??_SendStatusToLCD+1,f,c
  2022  000F88  3614               	rlcf	??_SendStatusToLCD+2,f,c
  2023  000F8A  3615               	rlcf	??_SendStatusToLCD+3,f,c
  2024  000F8C  2EE8               	decfsz	wreg,f,c
  2025  000F8E  D7F8               	goto	u3915
  2026  000F90  C057  F016         	movff	_band,??_SendStatusToLCD+4	;volatile
  2027  000F94  6A17               	clrf	(??_SendStatusToLCD+5)& (0+255),c
  2028  000F96  6A18               	clrf	(??_SendStatusToLCD+6)& (0+255),c
  2029  000F98  6A19               	clrf	(??_SendStatusToLCD+7)& (0+255),c
  2030  000F9A  0E07               	movlw	7
  2031  000F9C                     u3925:
  2032  000F9C  FFFF               	dw	65535	; assembler added errata NOP
  2033  000F9E  90D8               	bcf	status,0,c
  2034  000FA0  3616               	rlcf	??_SendStatusToLCD+4,f,c
  2035  000FA2  3617               	rlcf	??_SendStatusToLCD+5,f,c
  2036  000FA4  3618               	rlcf	??_SendStatusToLCD+6,f,c
  2037  000FA6  3619               	rlcf	??_SendStatusToLCD+7,f,c
  2038  000FA8  2EE8               	decfsz	wreg,f,c
  2039  000FAA  D7F8               	goto	u3925
  2040  000FAC  504A               	movf	_temp,w,c	;volatile
  2041  000FAE  1016               	iorwf	??_SendStatusToLCD+4,w,c
  2042  000FB0  6E1A               	movwf	(??_SendStatusToLCD+8)& (0+255),c
  2043  000FB2  504B               	movf	_temp+1,w,c	;volatile
  2044  000FB4  1017               	iorwf	??_SendStatusToLCD+5,w,c
  2045  000FB6  6E1B               	movwf	(??_SendStatusToLCD+9)& (0+255),c
  2046  000FB8  0E00               	movlw	0
  2047  000FBA  1018               	iorwf	??_SendStatusToLCD+6,w,c
  2048  000FBC  6E1C               	movwf	(??_SendStatusToLCD+10)& (0+255),c
  2049  000FBE  0E00               	movlw	0
  2050  000FC0  1019               	iorwf	??_SendStatusToLCD+7,w,c
  2051  000FC2  6E1D               	movwf	(??_SendStatusToLCD+11)& (0+255),c
  2052  000FC4  5012               	movf	??_SendStatusToLCD,w,c
  2053  000FC6  101A               	iorwf	??_SendStatusToLCD+8,w,c
  2054  000FC8  6F60               	movwf	_tmp& (0+255),b	;volatile
  2055  000FCA  5013               	movf	??_SendStatusToLCD+1,w,c
  2056  000FCC  101B               	iorwf	??_SendStatusToLCD+9,w,c
  2057  000FCE  6F61               	movwf	(_tmp+1)& (0+255),b	;volatile
  2058  000FD0  5014               	movf	??_SendStatusToLCD+2,w,c
  2059  000FD2  101C               	iorwf	??_SendStatusToLCD+10,w,c
  2060  000FD4  6F62               	movwf	(_tmp+2)& (0+255),b	;volatile
  2061  000FD6  5015               	movf	??_SendStatusToLCD+3,w,c
  2062  000FD8  101D               	iorwf	??_SendStatusToLCD+11,w,c
  2063  000FDA  6F63               	movwf	(_tmp+3)& (0+255),b	;volatile
  2064                           
  2065                           ; BSR set to: 0
  2066                           ;nextion.h: 109: CreateBuffTX("tbs", tmp);
  2067  000FDC  0E7C               	movlw	low STR_3
  2068  000FDE  6E0C               	movwf	CreateBuffTX@str,c
  2069  000FE0  C060  F00D         	movff	_tmp,CreateBuffTX@data	;volatile
  2070  000FE4  C061  F00E         	movff	_tmp+1,CreateBuffTX@data+1	;volatile
  2071  000FE8  C062  F00F         	movff	_tmp+2,CreateBuffTX@data+2	;volatile
  2072  000FEC  C063  F010         	movff	_tmp+3,CreateBuffTX@data+3	;volatile
  2073  000FF0  EC83  F00D         	call	_CreateBuffTX	;wreg free
  2074                           
  2075                           ;nextion.h: 110: temp_old = temp;
  2076  000FF4  C04A  F07C         	movff	_temp,_temp_old	;volatile
  2077  000FF8  C04B  F07D         	movff	_temp+1,_temp_old+1	;volatile
  2078                           
  2079                           ;nextion.h: 111: band_old = band;
  2080  000FFC  C057  F08B         	movff	_band,_band_old	;volatile
  2081                           
  2082                           ;nextion.h: 112: bstate_old = bstate;
  2083  001000  C08A  F089         	movff	_bstate,_bstate_old	;volatile
  2084  001004  D733               	goto	l3676
  2085  001006                     l3740:
  2086                           
  2087                           ; BSR set to: 0
  2088                           ;nextion.h: 114: };nextion.h: 115: };nextion.h: 117: if (lcd == 3)
  2089  001006  0E03               	movlw	3
  2090  001008  1855               	xorwf	_lcd,w,c	;volatile
  2091  00100A  E10F               	bnz	l480
  2092                           
  2093                           ; BSR set to: 0
  2094                           ;nextion.h: 118: {;nextion.h: 119: if (err != err_old)
  2095  00100C  51FB               	movf	_err_old& (0+255),w,b	;volatile
  2096  00100E  1854               	xorwf	_err,w,c	;volatile
  2097  001010  E00C               	bz	l480
  2098                           
  2099                           ; BSR set to: 0
  2100                           ;nextion.h: 120: {;nextion.h: 121: CreateBuffTX("err", err);
  2101  001012  0E78               	movlw	low STR_4
  2102  001014  6E0C               	movwf	CreateBuffTX@str,c
  2103  001016  5054               	movf	_err,w,c	;volatile
  2104  001018  6E0D               	movwf	CreateBuffTX@data,c
  2105  00101A  6A0E               	clrf	CreateBuffTX@data+1,c
  2106  00101C  6A0F               	clrf	CreateBuffTX@data+2,c
  2107  00101E  6A10               	clrf	CreateBuffTX@data+3,c
  2108  001020  EC83  F00D         	call	_CreateBuffTX	;wreg free
  2109                           
  2110                           ;nextion.h: 122: err_old = err;
  2111  001024  C054  F0FB         	movff	_err,_err_old	;volatile
  2112  001028  D721               	goto	l3676
  2113  00102A                     l480:
  2114  00102A  FFFF               	dw	65535	; assembler added errata NOP
  2115                           
  2116                           ; BSR set to: 0
  2117  00102C  0012               	return		;funcret
  2118  00102E  FFFF               	dw	65535	; errata NOP
  2119  001030                     __end_of_SendStatusToLCD:
  2120                           	opt stack 0
  2121                           stkptr	equ	0xFFC
  2122                           tblptru	equ	0xFF8
  2123                           tblptrh	equ	0xFF7
  2124                           tblptrl	equ	0xFF6
  2125                           tablat	equ	0xFF5
  2126                           intcon	equ	0xFF2
  2127                           intcon2	equ	0xFF1
  2128                           postinc0	equ	0xFEE
  2129                           wreg	equ	0xFE8
  2130                           status	equ	0xFD8
  2131                           
  2132 ;; *************** function _Tramsmitt *****************
  2133 ;; Defined at:
  2134 ;;		line 40 in file "../nextion.h"
  2135 ;; Parameters:    Size  Location     Type
  2136 ;;		None
  2137 ;; Auto vars:     Size  Location     Type
  2138 ;;		None
  2139 ;; Return value:  Size  Location     Type
  2140 ;;                  1    wreg      void 
  2141 ;; Registers used:
  2142 ;;		wreg, status,2
  2143 ;; Tracked objects:
  2144 ;;		On entry : 0/0
  2145 ;;		On exit  : 3F/0
  2146 ;;		Unchanged: 0/0
  2147 ;; Data sizes:     COMRAM   BANK0   BANK1   BANK2   BANK3   BANK4   BANK5
  2148 ;;      Params:         0       0       0       0       0       0       0
  2149 ;;      Locals:         0       0       0       0       0       0       0
  2150 ;;      Temps:          0       0       0       0       0       0       0
  2151 ;;      Totals:         0       0       0       0       0       0       0
  2152 ;;Total ram usage:        0 bytes
  2153 ;; Hardware stack levels used:    1
  2154 ;; Hardware stack levels required when called:    3
  2155 ;; This function calls:
  2156 ;;		Nothing
  2157 ;; This function is called by:
  2158 ;;		_SendStatusToLCD
  2159 ;; This function uses a non-reentrant model
  2160 ;;
  2161                           
  2162                           	psect	text5
  2163  0022B2                     __ptext5:
  2164                           	opt stack 0
  2165  0022B2                     _Tramsmitt:
  2166                           	opt stack 0
  2167  0022B2  FFFF               	dw	65535	; assembler added errata NOP
  2168                           
  2169                           ;nextion.h: 43: TMR0 = 0x2800;
  2170                           
  2171                           ; BSR set to: 0
  2172                           ;incstack = 0
  2173  0022B4  0E28               	movlw	40
  2174  0022B6  6ED7               	movwf	4055,c	;volatile
  2175  0022B8  0E00               	movlw	0
  2176  0022BA  6AD6               	clrf	4054,c	;volatile
  2177                           
  2178                           ;nextion.h: 44: INTCONbits.TMR0IF = 0;
  2179  0022BC  94F2               	bcf	intcon,2,c	;volatile
  2180                           
  2181                           ;nextion.h: 45: txb = 0; PIE1bits.TXIE = 1;
  2182  0022BE  0100               	movlb	0	; () banked
  2183  0022C0  6B87               	clrf	_txb& (0+255),b	;volatile
  2184                           
  2185                           ; BSR set to: 0
  2186  0022C2  889D               	bsf	3997,4,c	;volatile
  2187                           
  2188                           ; BSR set to: 0
  2189  0022C4  0012               	return		;funcret
  2190  0022C6  FFFF               	dw	65535	; errata NOP
  2191  0022C8                     __end_of_Tramsmitt:
  2192                           	opt stack 0
  2193                           stkptr	equ	0xFFC
  2194                           tblptru	equ	0xFF8
  2195                           tblptrh	equ	0xFF7
  2196                           tblptrl	equ	0xFF6
  2197                           tablat	equ	0xFF5
  2198                           intcon	equ	0xFF2
  2199                           intcon2	equ	0xFF1
  2200                           postinc0	equ	0xFEE
  2201                           wreg	equ	0xFE8
  2202                           status	equ	0xFD8
  2203                           
  2204 ;; *************** function _ReadStatusFromLCD *****************
  2205 ;; Defined at:
  2206 ;;		line 130 in file "../nextion.h"
  2207 ;; Parameters:    Size  Location     Type
  2208 ;;		None
  2209 ;; Auto vars:     Size  Location     Type
  2210 ;;		None
  2211 ;; Return value:  Size  Location     Type
  2212 ;;                  1    wreg      void 
  2213 ;; Registers used:
  2214 ;;		wreg, fsr2l, fsr2h, status,2, status,0, tblptrl, tblptrh, tblptru, prodl, prodh, cstack
  2215 ;; Tracked objects:
  2216 ;;		On entry : 3F/0
  2217 ;;		On exit  : 3F/0
  2218 ;;		Unchanged: 0/0
  2219 ;; Data sizes:     COMRAM   BANK0   BANK1   BANK2   BANK3   BANK4   BANK5
  2220 ;;      Params:         0       0       0       0       0       0       0
  2221 ;;      Locals:         0       0       0       0       0       0       0
  2222 ;;      Temps:          0       0       0       0       0       0       0
  2223 ;;      Totals:         0       0       0       0       0       0       0
  2224 ;;Total ram usage:        0 bytes
  2225 ;; Hardware stack levels used:    1
  2226 ;; Hardware stack levels required when called:    8
  2227 ;; This function calls:
  2228 ;;		_Beep
  2229 ;;		_EEmbandRead
  2230 ;;		_EEsetupRead
  2231 ;;		_LCDpageSelect
  2232 ;;		_PTT_OFF
  2233 ;;		_RXrestart
  2234 ;;		_SetBand
  2235 ;;		_SetupMode
  2236 ;;		_writeEEPROM
  2237 ;; This function is called by:
  2238 ;;		_main
  2239 ;; This function uses a non-reentrant model
  2240 ;;
  2241                           
  2242                           	psect	text6
  2243  001798                     __ptext6:
  2244                           	opt stack 0
  2245  001798                     _ReadStatusFromLCD:
  2246                           	opt stack 0
  2247  001798  FFFF               	dw	65535	; assembler added errata NOP
  2248                           
  2249                           ; BSR set to: 0
  2250                           
  2251                           ; BSR set to: 0
  2252                           ;incstack = 0
  2253  00179A  0004               	clrwdt		;# 
  2254                           
  2255                           ;nextion.h: 133: if (rx_end == 0) return;
  2256  00179C  0100               	movlb	0	; () banked
  2257  00179E  5186               	movf	_rx_end& (0+255),w,b	;volatile
  2258  0017A0  E057               	bz	l505
  2259                           
  2260                           ; BSR set to: 0
  2261                           ;nextion.h: 134: if (buffRX[0] != 0x90) {RXrestart(); return;}
  2262  0017A2  0E90               	movlw	144
  2263  0017A4  19CF               	xorwf	_buffRX& (0+255),w,b	;volatile
  2264  0017A6  E004               	bz	l4408
  2265  0017A8                     u5040:
  2266  0017A8  FFFF               	dw	65535	; assembler added errata NOP
  2267  0017AA  EC55  F010         	call	_RXrestart	;wreg free
  2268  0017AE  D050               	goto	l505
  2269  0017B0                     l4408:
  2270                           
  2271                           ; BSR set to: 0
  2272                           ;nextion.h: 136: if (err)
  2273  0017B0  5054               	movf	_err,w,c	;volatile
  2274  0017B2  E008               	bz	l4416
  2275                           
  2276                           ; BSR set to: 0
  2277                           ;nextion.h: 137: {;nextion.h: 138: if (!(err & 0x20))
  2278  0017B4  BA54               	btfsc	_err,5,c	;volatile
  2279  0017B6  D7F8               	goto	u5040
  2280                           
  2281                           ; BSR set to: 0
  2282                           ;nextion.h: 139: {;nextion.h: 141: if (buffRX[1] == 0x12) err &=~ buffRX[2];
  2283  0017B8  0E12               	movlw	18
  2284  0017BA  19D0               	xorwf	(_buffRX+1)& (0+255),w,b	;volatile
  2285  0017BC  E1F5               	bnz	u5040
  2286                           
  2287                           ; BSR set to: 0
  2288  0017BE  1DD1               	comf	(_buffRX+2)& (0+255),w,b	;volatile
  2289  0017C0  1654               	andwf	_err,f,c	;volatile
  2290  0017C2  D7F2               	goto	u5040
  2291  0017C4                     l4416:
  2292                           
  2293                           ; BSR set to: 0
  2294                           ;nextion.h: 144: else;nextion.h: 145: {;nextion.h: 147: if (buffRX[1] == 0x11)
  2295  0017C4  0E11               	movlw	17
  2296  0017C6  19D0               	xorwf	(_buffRX+1)& (0+255),w,b	;volatile
  2297  0017C8  E10B               	bnz	l4426
  2298                           
  2299                           ; BSR set to: 0
  2300                           ;nextion.h: 148: {;nextion.h: 149: bypass ^= 1;
  2301  0017CA  0E01               	movlw	1
  2302  0017CC  1A58               	xorwf	_bypass,f,c	;volatile
  2303                           
  2304                           ; BSR set to: 0
  2305                           ;nextion.h: 150: writeEEPROM(28, bypass);
  2306  0017CE  C058  F005         	movff	_bypass,writeEEPROM@data	;volatile
  2307  0017D2  0E1C               	movlw	28
  2308  0017D4  ECD8  F00F         	call	_writeEEPROM
  2309                           
  2310                           ;nextion.h: 151: if (bypass) PTT_OFF();
  2311  0017D8  5058               	movf	_bypass,w,c	;volatile
  2312  0017DA  E002               	bz	l4426
  2313  0017DC  EC4C  F011         	call	_PTT_OFF	;wreg free
  2314  0017E0                     l4426:
  2315                           
  2316                           ;nextion.h: 152: };nextion.h: 154: if (ptt == 0)
  2317  0017E0  5056               	movf	_ptt,w,c	;volatile
  2318  0017E2  E1E2               	bnz	u5040
  2319                           
  2320                           ;nextion.h: 155: {;nextion.h: 156: if (bypass == 0)
  2321  0017E4  5058               	movf	_bypass,w,c	;volatile
  2322  0017E6  E125               	bnz	l4450
  2323                           
  2324                           ;nextion.h: 157: {;nextion.h: 159: if (buffRX[1] == 0x13)
  2325  0017E8  0E13               	movlw	19
  2326  0017EA  0100               	movlb	0	; () banked
  2327  0017EC  19D0               	xorwf	(_buffRX+1)& (0+255),w,b	;volatile
  2328  0017EE  E10E               	bnz	l4440
  2329                           
  2330                           ; BSR set to: 0
  2331                           ;nextion.h: 160: {;nextion.h: 161: aband ^= 1;
  2332  0017F0  0E01               	movlw	1
  2333  0017F2  1BF1               	xorwf	_aband& (0+255),f,b	;volatile
  2334                           
  2335                           ; BSR set to: 0
  2336                           ;nextion.h: 162: writeEEPROM(27, aband);
  2337  0017F4  C0F1  F005         	movff	_aband,writeEEPROM@data	;volatile
  2338  0017F8  0E1B               	movlw	27
  2339  0017FA  ECD8  F00F         	call	_writeEEPROM
  2340                           
  2341                           ;nextion.h: 163: if (aband == 0)
  2342  0017FE  0100               	movlb	0	; () banked
  2343  001800  51F1               	movf	_aband& (0+255),w,b	;volatile
  2344  001802  E104               	bnz	l4440
  2345                           
  2346                           ; BSR set to: 0
  2347                           ;nextion.h: 164: {;nextion.h: 165: EEmbandRead();
  2348  001804  ECCF  F010         	call	_EEmbandRead	;wreg free
  2349                           
  2350                           ;nextion.h: 166: SetBand();
  2351  001808  EC81  F00F         	call	_SetBand	;wreg free
  2352  00180C                     l4440:
  2353                           
  2354                           ;nextion.h: 167: };nextion.h: 168: };nextion.h: 170: if (buffRX[1] <= 0x04)
  2355  00180C  0E05               	movlw	5
  2356  00180E  0100               	movlb	0	; () banked
  2357  001810  61D0               	cpfslt	(_buffRX+1)& (0+255),b	;volatile
  2358  001812  D00F               	goto	l4450
  2359                           
  2360                           ; BSR set to: 0
  2361                           ;nextion.h: 171: {;nextion.h: 172: aband = 0;
  2362  001814  6BF1               	clrf	_aband& (0+255),b	;volatile
  2363                           
  2364                           ;nextion.h: 173: band = buffRX[1];
  2365  001816  C0D0  F057         	movff	_buffRX+1,_band	;volatile
  2366                           
  2367                           ; BSR set to: 0
  2368                           ;nextion.h: 174: SetBand();
  2369  00181A  EC81  F00F         	call	_SetBand	;wreg free
  2370                           
  2371                           ;nextion.h: 175: writeEEPROM(26, band);
  2372  00181E  C057  F005         	movff	_band,writeEEPROM@data	;volatile
  2373  001822  0E1A               	movlw	26
  2374  001824  ECD8  F00F         	call	_writeEEPROM
  2375                           
  2376                           ;nextion.h: 176: writeEEPROM(27, aband);
  2377  001828  C0F1  F005         	movff	_aband,writeEEPROM@data	;volatile
  2378  00182C  0E1B               	movlw	27
  2379  00182E  ECD8  F00F         	call	_writeEEPROM
  2380  001832                     l4450:
  2381  001832  FFFF               	dw	65535	; assembler added errata NOP
  2382                           
  2383                           ;nextion.h: 177: };nextion.h: 178: };nextion.h: 180: if (buffRX[1] == 0x20)
  2384  001834  0E20               	movlw	32
  2385  001836  0100               	movlb	0	; () banked
  2386  001838  19D0               	xorwf	(_buffRX+1)& (0+255),w,b	;volatile
  2387  00183A  E1B6               	bnz	u5040
  2388                           
  2389                           ; BSR set to: 0
  2390                           ;nextion.h: 181: {;nextion.h: 182: SetupMode();
  2391  00183C  EC45  F003         	call	_SetupMode	;wreg free
  2392                           
  2393                           ;nextion.h: 183: EEsetupRead();
  2394  001840  EC38  F005         	call	_EEsetupRead	;wreg free
  2395                           
  2396                           ; BSR set to: 0
  2397                           ;nextion.h: 184: LCDpageSelect(0xA0);
  2398  001844  0EA0               	movlw	160
  2399  001846  EC4C  F00E         	call	_LCDpageSelect
  2400                           
  2401                           ;nextion.h: 185: Beep();
  2402  00184A  EC15  F011         	call	_Beep	;wreg free
  2403  00184E  D7AC               	goto	u5040
  2404  001850                     l505:
  2405  001850  FFFF               	dw	65535	; assembler added errata NOP
  2406                           
  2407                           ; BSR set to: 0
  2408  001852  0012               	return		;funcret
  2409  001854  FFFF               	dw	65535	; errata NOP
  2410  001856                     __end_of_ReadStatusFromLCD:
  2411                           	opt stack 0
  2412                           stkptr	equ	0xFFC
  2413                           tblptru	equ	0xFF8
  2414                           tblptrh	equ	0xFF7
  2415                           tblptrl	equ	0xFF6
  2416                           tablat	equ	0xFF5
  2417                           intcon	equ	0xFF2
  2418                           intcon2	equ	0xFF1
  2419                           postinc0	equ	0xFEE
  2420                           wreg	equ	0xFE8
  2421                           status	equ	0xFD8
  2422                           
  2423 ;; *************** function _SetupMode *****************
  2424 ;; Defined at:
  2425 ;;		line 201 in file "../nextion.h"
  2426 ;; Parameters:    Size  Location     Type
  2427 ;;		None
  2428 ;; Auto vars:     Size  Location     Type
  2429 ;;  lW              2   33[COMRAM] unsigned int 
  2430 ;;  rW              2   31[COMRAM] unsigned int 
  2431 ;;  pW              2   29[COMRAM] unsigned int 
  2432 ;;  eadr            1   35[COMRAM] unsigned char 
  2433 ;; Return value:  Size  Location     Type
  2434 ;;                  1    wreg      void 
  2435 ;; Registers used:
  2436 ;;		wreg, fsr2l, fsr2h, status,2, status,0, tblptrl, tblptrh, tblptru, prodl, prodh, cstack
  2437 ;; Tracked objects:
  2438 ;;		On entry : 3F/0
  2439 ;;		On exit  : 0/0
  2440 ;;		Unchanged: 0/0
  2441 ;; Data sizes:     COMRAM   BANK0   BANK1   BANK2   BANK3   BANK4   BANK5
  2442 ;;      Params:         0       0       0       0       0       0       0
  2443 ;;      Locals:         7       0       0       0       0       0       0
  2444 ;;      Temps:         10       0       0       0       0       0       0
  2445 ;;      Totals:        17       0       0       0       0       0       0
  2446 ;;Total ram usage:       17 bytes
  2447 ;; Hardware stack levels used:    1
  2448 ;; Hardware stack levels required when called:    7
  2449 ;; This function calls:
  2450 ;;		_CreateBuffTX
  2451 ;;		_LCDpageSelect
  2452 ;;		_RXrestart
  2453 ;;		_SendUSART
  2454 ;;		_SwitchOFF
  2455 ;;		___lldiv
  2456 ;;		___lwdiv
  2457 ;;		_writeEEPROM
  2458 ;;		_writeEEPROM16
  2459 ;; This function is called by:
  2460 ;;		_ReadStatusFromLCD
  2461 ;; This function uses a non-reentrant model
  2462 ;;
  2463                           
  2464                           	psect	text7
  2465  00068A                     __ptext7:
  2466                           	opt stack 0
  2467  00068A                     _SetupMode:
  2468                           	opt stack 0
  2469  00068A  FFFF               	dw	65535	; assembler added errata NOP
  2470                           
  2471                           ; BSR set to: 0
  2472                           ;nextion.h: 203: unsigned int pW,rW,lW;;nextion.h: 204: unsigned char eadr;;nextion.h: 2
      +                          06: SwitchOFF();
  2473                           
  2474                           ; BSR set to: 0
  2475                           ;incstack = 0
  2476  00068C  EC64  F011         	call	_SwitchOFF	;wreg free
  2477                           
  2478                           ; BSR set to: 0
  2479                           ;nextion.h: 208: pW = (unsigned int)(((unsigned long)max_pwr * (unsigned long)max_pwr) /
      +                           (unsigned long)550) + 1;
  2480  000690  C0E9  F014         	movff	_max_pwr,??_SetupMode	;volatile
  2481  000694  C0EA  F015         	movff	_max_pwr+1,??_SetupMode+1	;volatile
  2482  000698  51E9               	movf	_max_pwr& (0+255),w,b	;volatile
  2483  00069A  6E16               	movwf	(??_SetupMode+2)& (0+255),c
  2484  00069C  51EA               	movf	(_max_pwr+1)& (0+255),w,b	;volatile
  2485  00069E  6E17               	movwf	(??_SetupMode+3)& (0+255),c
  2486  0006A0  6A18               	clrf	(??_SetupMode+4)& (0+255),c
  2487  0006A2  6A19               	clrf	(??_SetupMode+5)& (0+255),c
  2488  0006A4  5016               	movf	(??_SetupMode+2)& (0+255),w,c
  2489  0006A6  0214               	mulwf	??_SetupMode& (0+255),c
  2490  0006A8  CFF3 F01A          	movff	prodl,??_SetupMode+6
  2491  0006AC  CFF4 F01B          	movff	prodh,??_SetupMode+7
  2492  0006B0  6A1C               	clrf	(??_SetupMode+8)& (0+255),c
  2493  0006B2  6A1D               	clrf	(??_SetupMode+9)& (0+255),c
  2494  0006B4  0215               	mulwf	(??_SetupMode+1)& (0+255),c
  2495  0006B6  50F3               	movf	prodl,w,c
  2496  0006B8  261B               	addwf	(??_SetupMode+7)& (0+255),f,c
  2497  0006BA  50F4               	movf	prodh,w,c
  2498  0006BC  221C               	addwfc	(??_SetupMode+8)& (0+255),f,c
  2499  0006BE  0E00               	movlw	0
  2500  0006C0  221D               	addwfc	(??_SetupMode+9)& (0+255),f,c
  2501  0006C2  5017               	movf	(??_SetupMode+3)& (0+255),w,c
  2502  0006C4  0214               	mulwf	??_SetupMode& (0+255),c
  2503  0006C6  50F3               	movf	prodl,w,c
  2504  0006C8  261B               	addwf	(??_SetupMode+7)& (0+255),f,c
  2505  0006CA  50F4               	movf	prodh,w,c
  2506  0006CC  221C               	addwfc	(??_SetupMode+8)& (0+255),f,c
  2507  0006CE  0E00               	movlw	0
  2508  0006D0  221D               	addwfc	(??_SetupMode+9)& (0+255),f,c
  2509  0006D2  5017               	movf	(??_SetupMode+3)& (0+255),w,c
  2510  0006D4  0215               	mulwf	(??_SetupMode+1)& (0+255),c
  2511  0006D6  50F3               	movf	prodl,w,c
  2512  0006D8  261C               	addwf	(??_SetupMode+8)& (0+255),f,c
  2513  0006DA  50F4               	movf	prodh,w,c
  2514  0006DC  221D               	addwfc	(??_SetupMode+9)& (0+255),f,c
  2515  0006DE  5018               	movf	(??_SetupMode+4)& (0+255),w,c
  2516  0006E0  0214               	mulwf	??_SetupMode& (0+255),c
  2517  0006E2  50F3               	movf	prodl,w,c
  2518  0006E4  261C               	addwf	(??_SetupMode+8)& (0+255),f,c
  2519  0006E6  50F4               	movf	prodh,w,c
  2520  0006E8  221D               	addwfc	(??_SetupMode+9)& (0+255),f,c
  2521  0006EA  5018               	movf	(??_SetupMode+4)& (0+255),w,c
  2522  0006EC  0215               	mulwf	(??_SetupMode+1)& (0+255),c
  2523  0006EE  50F3               	movf	prodl,w,c
  2524  0006F0  261D               	addwf	(??_SetupMode+9)& (0+255),f,c
  2525  0006F2  5019               	movf	(??_SetupMode+5)& (0+255),w,c
  2526  0006F4  0214               	mulwf	??_SetupMode& (0+255),c
  2527  0006F6  50F3               	movf	prodl,w,c
  2528  0006F8  261D               	addwf	(??_SetupMode+9)& (0+255),f,c
  2529  0006FA  C01A  F005         	movff	??_SetupMode+6,___lldiv@dividend
  2530  0006FE  C01B  F006         	movff	??_SetupMode+7,___lldiv@dividend+1
  2531  000702  C01C  F007         	movff	??_SetupMode+8,___lldiv@dividend+2
  2532  000706  C01D  F008         	movff	??_SetupMode+9,___lldiv@dividend+3
  2533  00070A  0E26               	movlw	38
  2534  00070C  6E09               	movwf	___lldiv@divisor,c
  2535  00070E  0E02               	movlw	2
  2536  000710  6E0A               	movwf	___lldiv@divisor+1,c
  2537  000712  6A0B               	clrf	___lldiv@divisor+2,c
  2538  000714  6A0C               	clrf	___lldiv@divisor+3,c
  2539  000716  ECCE  F00D         	call	___lldiv	;wreg free
  2540  00071A  2805               	incf	?___lldiv,w,c
  2541  00071C  6E1E               	movwf	SetupMode@pW,c
  2542  00071E  0E00               	movlw	0
  2543  000720  2006               	addwfc	?___lldiv+1,w,c
  2544  000722  6E1F               	movwf	SetupMode@pW+1,c
  2545                           
  2546                           ; BSR set to: 0
  2547                           ;nextion.h: 209: rW = (unsigned int)(((unsigned long)max_ref * (unsigned long)max_ref) /
      +                           (unsigned long)550) + 1;
  2548  000724  C0E7  F014         	movff	_max_ref,??_SetupMode	;volatile
  2549  000728  C0E8  F015         	movff	_max_ref+1,??_SetupMode+1	;volatile
  2550  00072C  51E7               	movf	_max_ref& (0+255),w,b	;volatile
  2551  00072E  6E16               	movwf	(??_SetupMode+2)& (0+255),c
  2552  000730  51E8               	movf	(_max_ref+1)& (0+255),w,b	;volatile
  2553  000732  6E17               	movwf	(??_SetupMode+3)& (0+255),c
  2554  000734  6A18               	clrf	(??_SetupMode+4)& (0+255),c
  2555  000736  6A19               	clrf	(??_SetupMode+5)& (0+255),c
  2556  000738  5016               	movf	(??_SetupMode+2)& (0+255),w,c
  2557  00073A  0214               	mulwf	??_SetupMode& (0+255),c
  2558  00073C  CFF3 F01A          	movff	prodl,??_SetupMode+6
  2559  000740  CFF4 F01B          	movff	prodh,??_SetupMode+7
  2560  000744  6A1C               	clrf	(??_SetupMode+8)& (0+255),c
  2561  000746  6A1D               	clrf	(??_SetupMode+9)& (0+255),c
  2562  000748  0215               	mulwf	(??_SetupMode+1)& (0+255),c
  2563  00074A  50F3               	movf	prodl,w,c
  2564  00074C  261B               	addwf	(??_SetupMode+7)& (0+255),f,c
  2565  00074E  50F4               	movf	prodh,w,c
  2566  000750  221C               	addwfc	(??_SetupMode+8)& (0+255),f,c
  2567  000752  0E00               	movlw	0
  2568  000754  221D               	addwfc	(??_SetupMode+9)& (0+255),f,c
  2569  000756  5017               	movf	(??_SetupMode+3)& (0+255),w,c
  2570  000758  0214               	mulwf	??_SetupMode& (0+255),c
  2571  00075A  50F3               	movf	prodl,w,c
  2572  00075C  261B               	addwf	(??_SetupMode+7)& (0+255),f,c
  2573  00075E  50F4               	movf	prodh,w,c
  2574  000760  221C               	addwfc	(??_SetupMode+8)& (0+255),f,c
  2575  000762  0E00               	movlw	0
  2576  000764  221D               	addwfc	(??_SetupMode+9)& (0+255),f,c
  2577  000766  5017               	movf	(??_SetupMode+3)& (0+255),w,c
  2578  000768  0215               	mulwf	(??_SetupMode+1)& (0+255),c
  2579  00076A  50F3               	movf	prodl,w,c
  2580  00076C  261C               	addwf	(??_SetupMode+8)& (0+255),f,c
  2581  00076E  50F4               	movf	prodh,w,c
  2582  000770  221D               	addwfc	(??_SetupMode+9)& (0+255),f,c
  2583  000772  5018               	movf	(??_SetupMode+4)& (0+255),w,c
  2584  000774  0214               	mulwf	??_SetupMode& (0+255),c
  2585  000776  50F3               	movf	prodl,w,c
  2586  000778  261C               	addwf	(??_SetupMode+8)& (0+255),f,c
  2587  00077A  50F4               	movf	prodh,w,c
  2588  00077C  221D               	addwfc	(??_SetupMode+9)& (0+255),f,c
  2589  00077E  5018               	movf	(??_SetupMode+4)& (0+255),w,c
  2590  000780  0215               	mulwf	(??_SetupMode+1)& (0+255),c
  2591  000782  50F3               	movf	prodl,w,c
  2592  000784  261D               	addwf	(??_SetupMode+9)& (0+255),f,c
  2593  000786  5019               	movf	(??_SetupMode+5)& (0+255),w,c
  2594  000788  0214               	mulwf	??_SetupMode& (0+255),c
  2595  00078A  50F3               	movf	prodl,w,c
  2596  00078C  261D               	addwf	(??_SetupMode+9)& (0+255),f,c
  2597  00078E  C01A  F005         	movff	??_SetupMode+6,___lldiv@dividend
  2598  000792  C01B  F006         	movff	??_SetupMode+7,___lldiv@dividend+1
  2599  000796  C01C  F007         	movff	??_SetupMode+8,___lldiv@dividend+2
  2600  00079A  C01D  F008         	movff	??_SetupMode+9,___lldiv@dividend+3
  2601  00079E  0E26               	movlw	38
  2602  0007A0  6E09               	movwf	___lldiv@divisor,c
  2603  0007A2  0E02               	movlw	2
  2604  0007A4  6E0A               	movwf	___lldiv@divisor+1,c
  2605  0007A6  6A0B               	clrf	___lldiv@divisor+2,c
  2606  0007A8  6A0C               	clrf	___lldiv@divisor+3,c
  2607  0007AA  ECCE  F00D         	call	___lldiv	;wreg free
  2608  0007AE  2805               	incf	?___lldiv,w,c
  2609  0007B0  6E20               	movwf	SetupMode@rW,c
  2610  0007B2  0E00               	movlw	0
  2611  0007B4  2006               	addwfc	?___lldiv+1,w,c
  2612  0007B6  6E21               	movwf	SetupMode@rW+1,c
  2613                           
  2614                           ; BSR set to: 0
  2615                           ;nextion.h: 210: lW = (unsigned int)(((unsigned long)lpferrP * (unsigned long)lpferrP) /
      +                           (unsigned long)550) + 1;
  2616  0007B8  C0DD  F014         	movff	_lpferrP,??_SetupMode	;volatile
  2617  0007BC  C0DE  F015         	movff	_lpferrP+1,??_SetupMode+1	;volatile
  2618  0007C0  51DD               	movf	_lpferrP& (0+255),w,b	;volatile
  2619  0007C2  6E16               	movwf	(??_SetupMode+2)& (0+255),c
  2620  0007C4  51DE               	movf	(_lpferrP+1)& (0+255),w,b	;volatile
  2621  0007C6  6E17               	movwf	(??_SetupMode+3)& (0+255),c
  2622  0007C8  6A18               	clrf	(??_SetupMode+4)& (0+255),c
  2623  0007CA  6A19               	clrf	(??_SetupMode+5)& (0+255),c
  2624  0007CC  5016               	movf	(??_SetupMode+2)& (0+255),w,c
  2625  0007CE  0214               	mulwf	??_SetupMode& (0+255),c
  2626  0007D0  CFF3 F01A          	movff	prodl,??_SetupMode+6
  2627  0007D4  CFF4 F01B          	movff	prodh,??_SetupMode+7
  2628  0007D8  6A1C               	clrf	(??_SetupMode+8)& (0+255),c
  2629  0007DA  6A1D               	clrf	(??_SetupMode+9)& (0+255),c
  2630  0007DC  0215               	mulwf	(??_SetupMode+1)& (0+255),c
  2631  0007DE  50F3               	movf	prodl,w,c
  2632  0007E0  261B               	addwf	(??_SetupMode+7)& (0+255),f,c
  2633  0007E2  50F4               	movf	prodh,w,c
  2634  0007E4  221C               	addwfc	(??_SetupMode+8)& (0+255),f,c
  2635  0007E6  0E00               	movlw	0
  2636  0007E8  221D               	addwfc	(??_SetupMode+9)& (0+255),f,c
  2637  0007EA  5017               	movf	(??_SetupMode+3)& (0+255),w,c
  2638  0007EC  0214               	mulwf	??_SetupMode& (0+255),c
  2639  0007EE  50F3               	movf	prodl,w,c
  2640  0007F0  261B               	addwf	(??_SetupMode+7)& (0+255),f,c
  2641  0007F2  50F4               	movf	prodh,w,c
  2642  0007F4  221C               	addwfc	(??_SetupMode+8)& (0+255),f,c
  2643  0007F6  0E00               	movlw	0
  2644  0007F8  221D               	addwfc	(??_SetupMode+9)& (0+255),f,c
  2645  0007FA  5017               	movf	(??_SetupMode+3)& (0+255),w,c
  2646  0007FC  0215               	mulwf	(??_SetupMode+1)& (0+255),c
  2647  0007FE  50F3               	movf	prodl,w,c
  2648  000800  261C               	addwf	(??_SetupMode+8)& (0+255),f,c
  2649  000802  50F4               	movf	prodh,w,c
  2650  000804  221D               	addwfc	(??_SetupMode+9)& (0+255),f,c
  2651  000806  5018               	movf	(??_SetupMode+4)& (0+255),w,c
  2652  000808  0214               	mulwf	??_SetupMode& (0+255),c
  2653  00080A  50F3               	movf	prodl,w,c
  2654  00080C  261C               	addwf	(??_SetupMode+8)& (0+255),f,c
  2655  00080E  50F4               	movf	prodh,w,c
  2656  000810  221D               	addwfc	(??_SetupMode+9)& (0+255),f,c
  2657  000812  5018               	movf	(??_SetupMode+4)& (0+255),w,c
  2658  000814  0215               	mulwf	(??_SetupMode+1)& (0+255),c
  2659  000816  50F3               	movf	prodl,w,c
  2660  000818  261D               	addwf	(??_SetupMode+9)& (0+255),f,c
  2661  00081A  5019               	movf	(??_SetupMode+5)& (0+255),w,c
  2662  00081C  0214               	mulwf	??_SetupMode& (0+255),c
  2663  00081E  50F3               	movf	prodl,w,c
  2664  000820  261D               	addwf	(??_SetupMode+9)& (0+255),f,c
  2665  000822  C01A  F005         	movff	??_SetupMode+6,___lldiv@dividend
  2666  000826  C01B  F006         	movff	??_SetupMode+7,___lldiv@dividend+1
  2667  00082A  C01C  F007         	movff	??_SetupMode+8,___lldiv@dividend+2
  2668  00082E  C01D  F008         	movff	??_SetupMode+9,___lldiv@dividend+3
  2669  000832  0E26               	movlw	38
  2670  000834  6E09               	movwf	___lldiv@divisor,c
  2671  000836  0E02               	movlw	2
  2672  000838  6E0A               	movwf	___lldiv@divisor+1,c
  2673  00083A  6A0B               	clrf	___lldiv@divisor+2,c
  2674  00083C  6A0C               	clrf	___lldiv@divisor+3,c
  2675  00083E  ECCE  F00D         	call	___lldiv	;wreg free
  2676  000842  2805               	incf	?___lldiv,w,c
  2677  000844  6E22               	movwf	SetupMode@lW,c
  2678  000846  0E00               	movlw	0
  2679  000848  2006               	addwfc	?___lldiv+1,w,c
  2680  00084A  6E23               	movwf	SetupMode@lW+1,c
  2681                           
  2682                           ; BSR set to: 0
  2683                           ;nextion.h: 212: CreateBuffTX("mfrw", pW); SendUSART();
  2684  00084C  0E47               	movlw	low STR_5
  2685  00084E  6E0C               	movwf	CreateBuffTX@str,c
  2686  000850  C01E  F00D         	movff	SetupMode@pW,CreateBuffTX@data
  2687  000854  C01F  F00E         	movff	SetupMode@pW+1,CreateBuffTX@data+1
  2688  000858  6A0F               	clrf	CreateBuffTX@data+2,c
  2689  00085A  6A10               	clrf	CreateBuffTX@data+3,c
  2690  00085C  EC83  F00D         	call	_CreateBuffTX	;wreg free
  2691  000860  EC31  F011         	call	_SendUSART	;wreg free
  2692                           
  2693                           ;nextion.h: 213: CreateBuffTX("mref", rW); SendUSART();
  2694  000864  0E29               	movlw	low STR_6
  2695  000866  6E0C               	movwf	CreateBuffTX@str,c
  2696  000868  C020  F00D         	movff	SetupMode@rW,CreateBuffTX@data
  2697  00086C  C021  F00E         	movff	SetupMode@rW+1,CreateBuffTX@data+1
  2698  000870  6A0F               	clrf	CreateBuffTX@data+2,c
  2699  000872  6A10               	clrf	CreateBuffTX@data+3,c
  2700  000874  EC83  F00D         	call	_CreateBuffTX	;wreg free
  2701  000878  EC31  F011         	call	_SendUSART	;wreg free
  2702                           
  2703                           ;nextion.h: 214: CreateBuffTX("mcur", max_curr); SendUSART();
  2704  00087C  0E3D               	movlw	low STR_7
  2705  00087E  6E0C               	movwf	CreateBuffTX@str,c
  2706  000880  C0E3  F00D         	movff	_max_curr,CreateBuffTX@data	;volatile
  2707  000884  C0E4  F00E         	movff	_max_curr+1,CreateBuffTX@data+1	;volatile
  2708  000888  6A0F               	clrf	CreateBuffTX@data+2,c
  2709  00088A  6A10               	clrf	CreateBuffTX@data+3,c
  2710  00088C  EC83  F00D         	call	_CreateBuffTX	;wreg free
  2711  000890  EC31  F011         	call	_SendUSART	;wreg free
  2712                           
  2713                           ;nextion.h: 215: CreateBuffTX("mvol", max_volt); SendUSART();
  2714  000894  0E38               	movlw	low STR_8
  2715  000896  6E0C               	movwf	CreateBuffTX@str,c
  2716  000898  C0E5  F00D         	movff	_max_volt,CreateBuffTX@data	;volatile
  2717  00089C  C0E6  F00E         	movff	_max_volt+1,CreateBuffTX@data+1	;volatile
  2718  0008A0  6A0F               	clrf	CreateBuffTX@data+2,c
  2719  0008A2  6A10               	clrf	CreateBuffTX@data+3,c
  2720  0008A4  EC83  F00D         	call	_CreateBuffTX	;wreg free
  2721  0008A8  EC31  F011         	call	_SendUSART	;wreg free
  2722                           
  2723                           ;nextion.h: 216: CreateBuffTX("mlp", lW); SendUSART();
  2724  0008AC  0E70               	movlw	low STR_9
  2725  0008AE  6E0C               	movwf	CreateBuffTX@str,c
  2726  0008B0  C022  F00D         	movff	SetupMode@lW,CreateBuffTX@data
  2727  0008B4  C023  F00E         	movff	SetupMode@lW+1,CreateBuffTX@data+1
  2728  0008B8  6A0F               	clrf	CreateBuffTX@data+2,c
  2729  0008BA  6A10               	clrf	CreateBuffTX@data+3,c
  2730  0008BC  EC83  F00D         	call	_CreateBuffTX	;wreg free
  2731  0008C0  EC31  F011         	call	_SendUSART	;wreg free
  2732                           
  2733                           ;nextion.h: 217: CreateBuffTX("mlc", lpferrC); SendUSART();
  2734  0008C4  0E54               	movlw	low STR_10
  2735  0008C6  6E0C               	movwf	CreateBuffTX@str,c
  2736  0008C8  C0DB  F00D         	movff	_lpferrC,CreateBuffTX@data	;volatile
  2737  0008CC  C0DC  F00E         	movff	_lpferrC+1,CreateBuffTX@data+1	;volatile
  2738  0008D0  6A0F               	clrf	CreateBuffTX@data+2,c
  2739  0008D2  6A10               	clrf	CreateBuffTX@data+3,c
  2740  0008D4  EC83  F00D         	call	_CreateBuffTX	;wreg free
  2741  0008D8  EC31  F011         	call	_SendUSART	;wreg free
  2742                           
  2743                           ;nextion.h: 218: CreateBuffTX("mrt", lpferrR/10); SendUSART();
  2744  0008DC  0E84               	movlw	low STR_11
  2745  0008DE  6E0C               	movwf	CreateBuffTX@str,c
  2746  0008E0  C0D9  F005         	movff	_lpferrR,___lwdiv@dividend	;volatile
  2747  0008E4  C0DA  F006         	movff	_lpferrR+1,___lwdiv@dividend+1	;volatile
  2748  0008E8  6A08               	clrf	___lwdiv@divisor+1,c
  2749  0008EA  0E0A               	movlw	10
  2750  0008EC  6E07               	movwf	___lwdiv@divisor,c
  2751  0008EE  ECE6  F00E         	call	___lwdiv	;wreg free
  2752  0008F2  C005  F00D         	movff	?___lwdiv,CreateBuffTX@data
  2753  0008F6  C006  F00E         	movff	?___lwdiv+1,CreateBuffTX@data+1
  2754  0008FA  6A0F               	clrf	CreateBuffTX@data+2,c
  2755  0008FC  6A10               	clrf	CreateBuffTX@data+3,c
  2756  0008FE  EC83  F00D         	call	_CreateBuffTX	;wreg free
  2757  000902  EC31  F011         	call	_SendUSART	;wreg free
  2758                           
  2759                           ;nextion.h: 219: CreateBuffTX("mhe", ptt_hold); SendUSART();
  2760  000906  0E60               	movlw	low STR_12
  2761  000908  6E0C               	movwf	CreateBuffTX@str,c
  2762  00090A  0100               	movlb	0	; () banked
  2763  00090C  51EB               	movf	_ptt_hold& (0+255),w,b	;volatile
  2764  00090E  6E0D               	movwf	CreateBuffTX@data,c
  2765  000910  6A0E               	clrf	CreateBuffTX@data+1,c
  2766  000912  6A0F               	clrf	CreateBuffTX@data+2,c
  2767  000914  6A10               	clrf	CreateBuffTX@data+3,c
  2768  000916  EC83  F00D         	call	_CreateBuffTX	;wreg free
  2769  00091A  EC31  F011         	call	_SendUSART	;wreg free
  2770                           
  2771                           ;nextion.h: 220: CreateBuffTX("mtp", max_temp); SendUSART();
  2772  00091E  0E74               	movlw	low STR_13
  2773  000920  6E0C               	movwf	CreateBuffTX@str,c
  2774  000922  C0E1  F00D         	movff	_max_temp,CreateBuffTX@data	;volatile
  2775  000926  C0E2  F00E         	movff	_max_temp+1,CreateBuffTX@data+1	;volatile
  2776  00092A  6A0F               	clrf	CreateBuffTX@data+2,c
  2777  00092C  6A10               	clrf	CreateBuffTX@data+3,c
  2778  00092E  EC83  F00D         	call	_CreateBuffTX	;wreg free
  2779  000932  EC31  F011         	call	_SendUSART	;wreg free
  2780                           
  2781                           ;nextion.h: 221: CreateBuffTX("mtf", max_tFAN); SendUSART();
  2782  000936  0E64               	movlw	low STR_14
  2783  000938  6E0C               	movwf	CreateBuffTX@str,c
  2784  00093A  C0DF  F00D         	movff	_max_tFAN,CreateBuffTX@data	;volatile
  2785  00093E  C0E0  F00E         	movff	_max_tFAN+1,CreateBuffTX@data+1	;volatile
  2786  000942  6A0F               	clrf	CreateBuffTX@data+2,c
  2787  000944  6A10               	clrf	CreateBuffTX@data+3,c
  2788  000946  EC83  F00D         	call	_CreateBuffTX	;wreg free
  2789  00094A  EC31  F011         	call	_SendUSART	;wreg free
  2790                           
  2791                           ;nextion.h: 222: CreateBuffTX("mtph", hystT); SendUSART();
  2792  00094E  0E33               	movlw	low STR_15
  2793  000950  6E0C               	movwf	CreateBuffTX@str,c
  2794  000952  0100               	movlb	0	; () banked
  2795  000954  51F0               	movf	_hystT& (0+255),w,b	;volatile
  2796  000956  6E0D               	movwf	CreateBuffTX@data,c
  2797  000958  6A0E               	clrf	CreateBuffTX@data+1,c
  2798  00095A  6A0F               	clrf	CreateBuffTX@data+2,c
  2799  00095C  6A10               	clrf	CreateBuffTX@data+3,c
  2800  00095E  EC83  F00D         	call	_CreateBuffTX	;wreg free
  2801  000962  EC31  F011         	call	_SendUSART	;wreg free
  2802                           
  2803                           ;nextion.h: 223: CreateBuffTX("mtfh", hystF); SendUSART();
  2804  000966  0E2E               	movlw	low STR_16
  2805  000968  6E0C               	movwf	CreateBuffTX@str,c
  2806  00096A  0100               	movlb	0	; () banked
  2807  00096C  51EF               	movf	_hystF& (0+255),w,b	;volatile
  2808  00096E  6E0D               	movwf	CreateBuffTX@data,c
  2809  000970  6A0E               	clrf	CreateBuffTX@data+1,c
  2810  000972  6A0F               	clrf	CreateBuffTX@data+2,c
  2811  000974  6A10               	clrf	CreateBuffTX@data+3,c
  2812  000976  EC83  F00D         	call	_CreateBuffTX	;wreg free
  2813  00097A  EC31  F011         	call	_SendUSART	;wreg free
  2814                           
  2815                           ;nextion.h: 224: CreateBuffTX("mrd", reldel); SendUSART();
  2816  00097E  0E5C               	movlw	low STR_17
  2817  000980  6E0C               	movwf	CreateBuffTX@str,c
  2818  000982  0100               	movlb	0	; () banked
  2819  000984  51F4               	movf	_reldel& (0+255),w,b	;volatile
  2820  000986  6E0D               	movwf	CreateBuffTX@data,c
  2821  000988  6A0E               	clrf	CreateBuffTX@data+1,c
  2822  00098A  6A0F               	clrf	CreateBuffTX@data+2,c
  2823  00098C  6A10               	clrf	CreateBuffTX@data+3,c
  2824  00098E  EC83  F00D         	call	_CreateBuffTX	;wreg free
  2825  000992  EC31  F011         	call	_SendUSART	;wreg free
  2826                           
  2827                           ;nextion.h: 225: CreateBuffTX("mbd", biasdel); SendUSART();
  2828  000996  0E58               	movlw	low STR_18
  2829  000998  6E0C               	movwf	CreateBuffTX@str,c
  2830  00099A  0100               	movlb	0	; () banked
  2831  00099C  51F3               	movf	_biasdel& (0+255),w,b	;volatile
  2832  00099E  6E0D               	movwf	CreateBuffTX@data,c
  2833  0009A0  6A0E               	clrf	CreateBuffTX@data+1,c
  2834  0009A2  6A0F               	clrf	CreateBuffTX@data+2,c
  2835  0009A4  6A10               	clrf	CreateBuffTX@data+3,c
  2836  0009A6  EC83  F00D         	call	_CreateBuffTX	;wreg free
  2837  0009AA  EC31  F011         	call	_SendUSART	;wreg free
  2838                           
  2839                           ;nextion.h: 226: CreateBuffTX("mptt", fanptt); SendUSART();
  2840  0009AE  0E42               	movlw	low STR_19
  2841  0009B0  6E0C               	movwf	CreateBuffTX@str,c
  2842  0009B2  0100               	movlb	0	; () banked
  2843  0009B4  51F2               	movf	_fanptt& (0+255),w,b	;volatile
  2844  0009B6  6E0D               	movwf	CreateBuffTX@data,c
  2845  0009B8  6A0E               	clrf	CreateBuffTX@data+1,c
  2846  0009BA  6A0F               	clrf	CreateBuffTX@data+2,c
  2847  0009BC  6A10               	clrf	CreateBuffTX@data+3,c
  2848  0009BE  EC83  F00D         	call	_CreateBuffTX	;wreg free
  2849  0009C2  EC31  F011         	call	_SendUSART	;wreg free
  2850                           
  2851                           ;nextion.h: 227: CreateBuffTX("mbp", beeper); SendUSART();
  2852  0009C6  0E6C               	movlw	low STR_20
  2853  0009C8  6E0C               	movwf	CreateBuffTX@str,c
  2854  0009CA  0100               	movlb	0	; () banked
  2855  0009CC  51EE               	movf	_beeper& (0+255),w,b	;volatile
  2856  0009CE  6E0D               	movwf	CreateBuffTX@data,c
  2857  0009D0  6A0E               	clrf	CreateBuffTX@data+1,c
  2858  0009D2  6A0F               	clrf	CreateBuffTX@data+2,c
  2859  0009D4  6A10               	clrf	CreateBuffTX@data+3,c
  2860  0009D6  EC83  F00D         	call	_CreateBuffTX	;wreg free
  2861  0009DA  EC31  F011         	call	_SendUSART	;wreg free
  2862                           
  2863                           ;nextion.h: 228: CreateBuffTX("mts", sensor); SendUSART();
  2864  0009DE  0E80               	movlw	low STR_21
  2865  0009E0  6E0C               	movwf	CreateBuffTX@str,c
  2866  0009E2  0100               	movlb	0	; () banked
  2867  0009E4  51EC               	movf	_sensor& (0+255),w,b	;volatile
  2868  0009E6  6E0D               	movwf	CreateBuffTX@data,c
  2869  0009E8  6A0E               	clrf	CreateBuffTX@data+1,c
  2870  0009EA  6A0F               	clrf	CreateBuffTX@data+2,c
  2871  0009EC  6A10               	clrf	CreateBuffTX@data+3,c
  2872  0009EE  EC83  F00D         	call	_CreateBuffTX	;wreg free
  2873  0009F2  EC31  F011         	call	_SendUSART	;wreg free
  2874                           
  2875                           ;nextion.h: 229: CreateBuffTX("mlg", logo); SendUSART();
  2876  0009F6  0E68               	movlw	low STR_22
  2877  0009F8  6E0C               	movwf	CreateBuffTX@str,c
  2878  0009FA  0100               	movlb	0	; () banked
  2879  0009FC  51ED               	movf	_logo& (0+255),w,b	;volatile
  2880  0009FE  6E0D               	movwf	CreateBuffTX@data,c
  2881  000A00  6A0E               	clrf	CreateBuffTX@data+1,c
  2882  000A02  6A0F               	clrf	CreateBuffTX@data+2,c
  2883  000A04  6A10               	clrf	CreateBuffTX@data+3,c
  2884  000A06  EC83  F00D         	call	_CreateBuffTX	;wreg free
  2885  000A0A  EC31  F011         	call	_SendUSART	;wreg free
  2886                           
  2887                           ;nextion.h: 231: if (!LCDpageSelect(0xA2)) return;
  2888  000A0E  0EA2               	movlw	162
  2889  000A10  EC4C  F00E         	call	_LCDpageSelect
  2890  000A14  0900               	iorlw	0
  2891  000A16  D028               	goto	L1
  2892  000A18                     l3464:
  2893                           
  2894                           ;nextion.h: 233: RXrestart();
  2895  000A18  EC55  F010         	call	_RXrestart	;wreg free
  2896  000A1C                     l529:
  2897                           
  2898                           ; BSR set to: 0
  2899  000A1C  0004               	clrwdt		;# 
  2900                           
  2901                           ;nextion.h: 237: if (rx_end)
  2902  000A1E  0100               	movlb	0	; () banked
  2903  000A20  5186               	movf	_rx_end& (0+255),w,b	;volatile
  2904  000A22  E0FC               	bz	l529
  2905                           
  2906                           ; BSR set to: 0
  2907                           ;nextion.h: 238: {;nextion.h: 240: if ((buffRX[0] >= 0xB0) && (buffRX[0] < 0xEE))
  2908  000A24  0EAF               	movlw	175
  2909  000A26  65CF               	cpfsgt	_buffRX& (0+255),b	;volatile
  2910  000A28  D018               	goto	l3480
  2911                           
  2912                           ; BSR set to: 0
  2913  000A2A  0EEE               	movlw	238
  2914  000A2C  61CF               	cpfslt	_buffRX& (0+255),b	;volatile
  2915  000A2E  D015               	goto	l3480
  2916                           
  2917                           ; BSR set to: 0
  2918                           ;nextion.h: 241: {;nextion.h: 242: eadr = buffRX[0] - 0xB0;
  2919  000A30  51CF               	movf	_buffRX& (0+255),w,b	;volatile
  2920  000A32  0F50               	addlw	80
  2921  000A34  6E24               	movwf	SetupMode@eadr,c
  2922                           
  2923                           ;nextion.h: 243: if (buffRX[1] == 0x1) writeEEPROM(eadr, buffRX[2]);
  2924  000A36  05D0               	decf	(_buffRX+1)& (0+255),w,b	;volatile
  2925  000A38  E105               	bnz	l3476
  2926                           
  2927                           ; BSR set to: 0
  2928  000A3A  C0D1  F005         	movff	_buffRX+2,writeEEPROM@data	;volatile
  2929  000A3E  5024               	movf	SetupMode@eadr,w,c
  2930  000A40  ECD8  F00F         	call	_writeEEPROM
  2931  000A44                     l3476:
  2932                           
  2933                           ;nextion.h: 244: if (buffRX[1] == 0x2) writeEEPROM16(eadr, (unsigned char *)&buffRX[2]);
  2934  000A44  0E02               	movlw	2
  2935  000A46  0100               	movlb	0	; () banked
  2936  000A48  19D0               	xorwf	(_buffRX+1)& (0+255),w,b	;volatile
  2937  000A4A  E107               	bnz	l3480
  2938                           
  2939                           ; BSR set to: 0
  2940  000A4C  C024  F008         	movff	SetupMode@eadr,writeEEPROM16@addr
  2941  000A50  6A09               	clrf	writeEEPROM16@addr+1,c
  2942  000A52  0ED1               	movlw	low (_buffRX+2)
  2943  000A54  6E0A               	movwf	writeEEPROM16@data,c
  2944  000A56  ECBC  F010         	call	_writeEEPROM16	;wreg free
  2945  000A5A                     l3480:
  2946  000A5A  FFFF               	dw	65535	; assembler added errata NOP
  2947                           
  2948                           ;nextion.h: 245: };nextion.h: 247: if ((buffRX[0] == 0xF0) && (buffRX[1] == 0xF0)) break
      +                          ;
  2949  000A5C  0EF0               	movlw	240
  2950  000A5E  0100               	movlb	0	; () banked
  2951  000A60  19CF               	xorwf	_buffRX& (0+255),w,b	;volatile
  2952  000A62  E1DA               	bnz	l3464
  2953                           
  2954                           ; BSR set to: 0
  2955  000A64  0EF0               	movlw	240
  2956  000A66  19D0               	xorwf	(_buffRX+1)& (0+255),w,b	;volatile
  2957  000A68                     L1:
  2958  000A68  FFFF               	dw	65535	; assembler added errata NOP
  2959  000A6A  E1D6               	bnz	l3464
  2960  000A6C  0012               	return		;funcret
  2961  000A6E  FFFF               	dw	65535	; errata NOP
  2962  000A70                     __end_of_SetupMode:
  2963                           	opt stack 0
  2964                           stkptr	equ	0xFFC
  2965                           tblptru	equ	0xFF8
  2966                           tblptrh	equ	0xFF7
  2967                           tblptrl	equ	0xFF6
  2968                           tablat	equ	0xFF5
  2969                           prodh	equ	0xFF4
  2970                           prodl	equ	0xFF3
  2971                           intcon	equ	0xFF2
  2972                           intcon2	equ	0xFF1
  2973                           postinc0	equ	0xFEE
  2974                           wreg	equ	0xFE8
  2975                           status	equ	0xFD8
  2976                           
  2977 ;; *************** function _writeEEPROM16 *****************
  2978 ;; Defined at:
  2979 ;;		line 39 in file "../eep.h"
  2980 ;; Parameters:    Size  Location     Type
  2981 ;;  addr            2    7[COMRAM] unsigned int 
  2982 ;;  data            1    9[COMRAM] PTR unsigned char 
  2983 ;;		 -> buffRX(10), 
  2984 ;; Auto vars:     Size  Location     Type
  2985 ;;		None
  2986 ;; Return value:  Size  Location     Type
  2987 ;;                  1    wreg      void 
  2988 ;; Registers used:
  2989 ;;		wreg, fsr2l, fsr2h, status,2, status,0, cstack
  2990 ;; Tracked objects:
  2991 ;;		On entry : 3F/0
  2992 ;;		On exit  : 0/0
  2993 ;;		Unchanged: 0/0
  2994 ;; Data sizes:     COMRAM   BANK0   BANK1   BANK2   BANK3   BANK4   BANK5
  2995 ;;      Params:         3       0       0       0       0       0       0
  2996 ;;      Locals:         0       0       0       0       0       0       0
  2997 ;;      Temps:          0       0       0       0       0       0       0
  2998 ;;      Totals:         3       0       0       0       0       0       0
  2999 ;;Total ram usage:        3 bytes
  3000 ;; Hardware stack levels used:    1
  3001 ;; Hardware stack levels required when called:    4
  3002 ;; This function calls:
  3003 ;;		_writeEEPROM
  3004 ;; This function is called by:
  3005 ;;		_SetupMode
  3006 ;; This function uses a non-reentrant model
  3007 ;;
  3008                           
  3009                           	psect	text8
  3010  002178                     __ptext8:
  3011                           	opt stack 0
  3012  002178                     _writeEEPROM16:
  3013                           	opt stack 0
  3014  002178  FFFF               	dw	65535	; assembler added errata NOP
  3015                           
  3016                           ; BSR set to: 0
  3017                           ;eep.h: 41: writeEEPROM(addr+0, data[0]);
  3018                           
  3019                           ;incstack = 0
  3020  00217A  500A               	movf	writeEEPROM16@data,w,c
  3021  00217C  6ED9               	movwf	fsr2l,c
  3022  00217E  6ADA               	clrf	fsr2h,c
  3023  002180  50DF               	movf	indf2,w,c
  3024  002182  6E05               	movwf	writeEEPROM@data,c
  3025  002184  5008               	movf	writeEEPROM16@addr,w,c
  3026  002186  ECD8  F00F         	call	_writeEEPROM
  3027                           
  3028                           ;eep.h: 42: writeEEPROM(addr+1, data[1]);
  3029  00218A  500A               	movf	writeEEPROM16@data,w,c
  3030  00218C  6ED9               	movwf	fsr2l,c
  3031  00218E  6ADA               	clrf	fsr2h,c
  3032  002190  2AD9               	incf	fsr2l,f,c
  3033  002192  50DF               	movf	indf2,w,c
  3034  002194  6E05               	movwf	writeEEPROM@data,c
  3035  002196  2808               	incf	writeEEPROM16@addr,w,c
  3036  002198  EFD8  F00F         	goto	_writeEEPROM
  3037  00219C  FFFF               	dw	65535	; errata NOP
  3038  00219E                     __end_of_writeEEPROM16:
  3039                           	opt stack 0
  3040                           stkptr	equ	0xFFC
  3041                           tblptru	equ	0xFF8
  3042                           tblptrh	equ	0xFF7
  3043                           tblptrl	equ	0xFF6
  3044                           tablat	equ	0xFF5
  3045                           prodh	equ	0xFF4
  3046                           prodl	equ	0xFF3
  3047                           intcon	equ	0xFF2
  3048                           intcon2	equ	0xFF1
  3049                           postinc0	equ	0xFEE
  3050                           wreg	equ	0xFE8
  3051                           indf2	equ	0xFDF
  3052                           fsr2h	equ	0xFDA
  3053                           fsr2l	equ	0xFD9
  3054                           status	equ	0xFD8
  3055                           
  3056 ;; *************** function _writeEEPROM *****************
  3057 ;; Defined at:
  3058 ;;		line 14 in file "../eep.h"
  3059 ;; Parameters:    Size  Location     Type
  3060 ;;  address         1    wreg     unsigned char 
  3061 ;;  data            1    4[COMRAM] unsigned char 
  3062 ;; Auto vars:     Size  Location     Type
  3063 ;;  address         1    5[COMRAM] unsigned char 
  3064 ;;  INTCON_SAVE     1    6[COMRAM] unsigned char 
  3065 ;; Return value:  Size  Location     Type
  3066 ;;                  1    wreg      void 
  3067 ;; Registers used:
  3068 ;;		wreg, status,2
  3069 ;; Tracked objects:
  3070 ;;		On entry : 0/0
  3071 ;;		On exit  : 0/0
  3072 ;;		Unchanged: 0/0
  3073 ;; Data sizes:     COMRAM   BANK0   BANK1   BANK2   BANK3   BANK4   BANK5
  3074 ;;      Params:         1       0       0       0       0       0       0
  3075 ;;      Locals:         2       0       0       0       0       0       0
  3076 ;;      Temps:          0       0       0       0       0       0       0
  3077 ;;      Totals:         3       0       0       0       0       0       0
  3078 ;;Total ram usage:        3 bytes
  3079 ;; Hardware stack levels used:    1
  3080 ;; Hardware stack levels required when called:    3
  3081 ;; This function calls:
  3082 ;;		Nothing
  3083 ;; This function is called by:
  3084 ;;		_writeEEPROM16
  3085 ;;		_ReadStatusFromLCD
  3086 ;;		_SetupMode
  3087 ;; This function uses a non-reentrant model
  3088 ;;
  3089                           
  3090                           	psect	text9
  3091  001FB0                     __ptext9:
  3092                           	opt stack 0
  3093  001FB0                     _writeEEPROM:
  3094                           	opt stack 0
  3095  001FB0  FFFF               	dw	65535	; assembler added errata NOP
  3096                           
  3097                           ;incstack = 0
  3098                           ;writeEEPROM@address stored from wreg
  3099  001FB2  6E06               	movwf	writeEEPROM@address,c
  3100                           
  3101                           ;eep.h: 16: unsigned char INTCON_SAVE;;eep.h: 18: EEADR = address;
  3102  001FB4  C006  FFA9         	movff	writeEEPROM@address,4009	;volatile
  3103                           
  3104                           ;eep.h: 19: EEDATA = data;
  3105  001FB8  C005  FFA8         	movff	writeEEPROM@data,4008	;volatile
  3106                           
  3107                           ;eep.h: 20: EECON1bits.EEPGD = 0;
  3108  001FBC  9EA6               	bcf	4006,7,c	;volsfr
  3109                           
  3110                           ;eep.h: 21: EECON1bits.WREN = 1;
  3111  001FBE  84A6               	bsf	4006,2,c	;volsfr
  3112                           
  3113                           ;eep.h: 22: INTCON_SAVE = INTCON;
  3114  001FC0  CFF2 F007          	movff	intcon,writeEEPROM@INTCON_SAVE	;volatile
  3115                           
  3116                           ;eep.h: 23: INTCON = 0;
  3117  001FC4  6AF2               	clrf	intcon,c	;volatile
  3118                           
  3119                           ;eep.h: 24: EECON2 = 0x55;
  3120  001FC6  0E55               	movlw	85
  3121  001FC8  6EA7               	movwf	4007,c	;volsfr
  3122                           
  3123                           ;eep.h: 25: EECON2 = 0xAA;
  3124  001FCA  0EAA               	movlw	170
  3125  001FCC  6EA7               	movwf	4007,c	;volsfr
  3126                           
  3127                           ;eep.h: 26: EECON1bits.WR = 1;
  3128  001FCE  82A6               	bsf	4006,1,c	;volsfr
  3129                           
  3130                           ;eep.h: 27: while (EECON1bits.WR) asm("clrwdt");
  3131  001FD0  D002               	goto	l254
  3132  001FD2                     l255:
  3133  001FD2  FFFF               	dw	65535	; assembler added errata NOP
  3134  001FD4  0004               	clrwdt		;# 
  3135  001FD6                     l254:
  3136  001FD6  FFFF               	dw	65535	; assembler added errata NOP
  3137  001FD8  B2A6               	btfsc	4006,1,c	;volsfr
  3138  001FDA  D7FB               	goto	l255
  3139                           
  3140                           ;eep.h: 28: EECON1bits.WREN = 0;
  3141  001FDC  94A6               	bcf	4006,2,c	;volsfr
  3142                           
  3143                           ;eep.h: 29: INTCON = INTCON_SAVE;
  3144  001FDE  C007  FFF2         	movff	writeEEPROM@INTCON_SAVE,intcon	;volatile
  3145  001FE2  0012               	return		;funcret
  3146  001FE4  FFFF               	dw	65535	; errata NOP
  3147  001FE6                     __end_of_writeEEPROM:
  3148                           	opt stack 0
  3149                           stkptr	equ	0xFFC
  3150                           tblptru	equ	0xFF8
  3151                           tblptrh	equ	0xFF7
  3152                           tblptrl	equ	0xFF6
  3153                           tablat	equ	0xFF5
  3154                           prodh	equ	0xFF4
  3155                           prodl	equ	0xFF3
  3156                           intcon	equ	0xFF2
  3157                           intcon2	equ	0xFF1
  3158                           postinc0	equ	0xFEE
  3159                           wreg	equ	0xFE8
  3160                           indf2	equ	0xFDF
  3161                           fsr2h	equ	0xFDA
  3162                           fsr2l	equ	0xFD9
  3163                           status	equ	0xFD8
  3164                           
  3165 ;; *************** function ___lwdiv *****************
  3166 ;; Defined at:
  3167 ;;		line 7 in file "C:\Program Files (x86)\Microchip\xc8\v2.00\pic\sources\c90\common\lwdiv.c"
  3168 ;; Parameters:    Size  Location     Type
  3169 ;;  dividend        2    4[COMRAM] unsigned int 
  3170 ;;  divisor         2    6[COMRAM] unsigned int 
  3171 ;; Auto vars:     Size  Location     Type
  3172 ;;  quotient        2    8[COMRAM] unsigned int 
  3173 ;;  counter         1   10[COMRAM] unsigned char 
  3174 ;; Return value:  Size  Location     Type
  3175 ;;                  2    4[COMRAM] unsigned int 
  3176 ;; Registers used:
  3177 ;;		wreg, status,2, status,0
  3178 ;; Tracked objects:
  3179 ;;		On entry : 0/0
  3180 ;;		On exit  : 0/0
  3181 ;;		Unchanged: 0/0
  3182 ;; Data sizes:     COMRAM   BANK0   BANK1   BANK2   BANK3   BANK4   BANK5
  3183 ;;      Params:         4       0       0       0       0       0       0
  3184 ;;      Locals:         3       0       0       0       0       0       0
  3185 ;;      Temps:          0       0       0       0       0       0       0
  3186 ;;      Totals:         7       0       0       0       0       0       0
  3187 ;;Total ram usage:        7 bytes
  3188 ;; Hardware stack levels used:    1
  3189 ;; Hardware stack levels required when called:    3
  3190 ;; This function calls:
  3191 ;;		Nothing
  3192 ;; This function is called by:
  3193 ;;		_SetupMode
  3194 ;; This function uses a non-reentrant model
  3195 ;;
  3196                           
  3197                           	psect	text10
  3198  001DCC                     __ptext10:
  3199                           	opt stack 0
  3200  001DCC                     ___lwdiv:
  3201                           	opt stack 0
  3202  001DCC  FFFF               	dw	65535	; assembler added errata NOP
  3203                           
  3204                           ;incstack = 0
  3205  001DCE  6A09               	clrf	___lwdiv@quotient,c
  3206  001DD0  6A0A               	clrf	___lwdiv@quotient+1,c
  3207  001DD2  5007               	movf	___lwdiv@divisor,w,c
  3208  001DD4  1008               	iorwf	___lwdiv@divisor+1,w,c
  3209  001DD6  E01E               	bz	l1049
  3210  001DD8  0E01               	movlw	1
  3211  001DDA  6E0B               	movwf	___lwdiv@counter,c
  3212  001DDC  D005               	goto	l3242
  3213  001DDE                     l3240:
  3214  001DDE  FFFF               	dw	65535	; assembler added errata NOP
  3215  001DE0  90D8               	bcf	status,0,c
  3216  001DE2  3607               	rlcf	___lwdiv@divisor,f,c
  3217  001DE4  3608               	rlcf	___lwdiv@divisor+1,f,c
  3218  001DE6  2A0B               	incf	___lwdiv@counter,f,c
  3219  001DE8                     l3242:
  3220  001DE8  FFFF               	dw	65535	; assembler added errata NOP
  3221  001DEA  AE08               	btfss	___lwdiv@divisor+1,7,c
  3222  001DEC  D7F8               	goto	l3240
  3223  001DEE                     u3130:
  3224  001DEE  FFFF               	dw	65535	; assembler added errata NOP
  3225  001DF0  90D8               	bcf	status,0,c
  3226  001DF2  3609               	rlcf	___lwdiv@quotient,f,c
  3227  001DF4  360A               	rlcf	___lwdiv@quotient+1,f,c
  3228  001DF6  5007               	movf	___lwdiv@divisor,w,c
  3229  001DF8  5C05               	subwf	___lwdiv@dividend,w,c
  3230  001DFA  5008               	movf	___lwdiv@divisor+1,w,c
  3231  001DFC  5806               	subwfb	___lwdiv@dividend+1,w,c
  3232  001DFE  E305               	bnc	l3252
  3233  001E00  5007               	movf	___lwdiv@divisor,w,c
  3234  001E02  5E05               	subwf	___lwdiv@dividend,f,c
  3235  001E04  5008               	movf	___lwdiv@divisor+1,w,c
  3236  001E06  5A06               	subwfb	___lwdiv@dividend+1,f,c
  3237  001E08  8009               	bsf	___lwdiv@quotient,0,c
  3238  001E0A                     l3252:
  3239  001E0A  90D8               	bcf	status,0,c
  3240  001E0C  3208               	rrcf	___lwdiv@divisor+1,f,c
  3241  001E0E  3207               	rrcf	___lwdiv@divisor,f,c
  3242  001E10  2E0B               	decfsz	___lwdiv@counter,f,c
  3243  001E12  D7ED               	goto	u3130
  3244  001E14                     l1049:
  3245  001E14  C009  F005         	movff	___lwdiv@quotient,?___lwdiv
  3246  001E18  C00A  F006         	movff	___lwdiv@quotient+1,?___lwdiv+1
  3247  001E1C  0012               	return		;funcret
  3248  001E1E  FFFF               	dw	65535	; errata NOP
  3249  001E20                     __end_of___lwdiv:
  3250                           	opt stack 0
  3251                           stkptr	equ	0xFFC
  3252                           tblptru	equ	0xFF8
  3253                           tblptrh	equ	0xFF7
  3254                           tblptrl	equ	0xFF6
  3255                           tablat	equ	0xFF5
  3256                           prodh	equ	0xFF4
  3257                           prodl	equ	0xFF3
  3258                           intcon	equ	0xFF2
  3259                           intcon2	equ	0xFF1
  3260                           postinc0	equ	0xFEE
  3261                           wreg	equ	0xFE8
  3262                           indf2	equ	0xFDF
  3263                           fsr2h	equ	0xFDA
  3264                           fsr2l	equ	0xFD9
  3265                           status	equ	0xFD8
  3266                           
  3267 ;; *************** function ___lldiv *****************
  3268 ;; Defined at:
  3269 ;;		line 7 in file "C:\Program Files (x86)\Microchip\xc8\v2.00\pic\sources\c90\common\__lldiv.c"
  3270 ;; Parameters:    Size  Location     Type
  3271 ;;  dividend        4    4[COMRAM] unsigned long 
  3272 ;;  divisor         4    8[COMRAM] unsigned long 
  3273 ;; Auto vars:     Size  Location     Type
  3274 ;;  quotient        4   12[COMRAM] unsigned long 
  3275 ;;  counter         1   16[COMRAM] unsigned char 
  3276 ;; Return value:  Size  Location     Type
  3277 ;;                  4    4[COMRAM] unsigned long 
  3278 ;; Registers used:
  3279 ;;		wreg, status,2, status,0
  3280 ;; Tracked objects:
  3281 ;;		On entry : 3F/0
  3282 ;;		On exit  : 3F/0
  3283 ;;		Unchanged: 3F/0
  3284 ;; Data sizes:     COMRAM   BANK0   BANK1   BANK2   BANK3   BANK4   BANK5
  3285 ;;      Params:         8       0       0       0       0       0       0
  3286 ;;      Locals:         5       0       0       0       0       0       0
  3287 ;;      Temps:          0       0       0       0       0       0       0
  3288 ;;      Totals:        13       0       0       0       0       0       0
  3289 ;;Total ram usage:       13 bytes
  3290 ;; Hardware stack levels used:    1
  3291 ;; Hardware stack levels required when called:    3
  3292 ;; This function calls:
  3293 ;;		Nothing
  3294 ;; This function is called by:
  3295 ;;		_SetupMode
  3296 ;; This function uses a non-reentrant model
  3297 ;;
  3298                           
  3299                           	psect	text11
  3300  001B9C                     __ptext11:
  3301                           	opt stack 0
  3302  001B9C                     ___lldiv:
  3303                           	opt stack 0
  3304  001B9C  FFFF               	dw	65535	; assembler added errata NOP
  3305                           
  3306                           ; BSR set to: 0
  3307                           
  3308                           ;incstack = 0
  3309  001B9E  6A0D               	clrf	___lldiv@quotient,c
  3310  001BA0  6A0E               	clrf	___lldiv@quotient+1,c
  3311  001BA2  6A0F               	clrf	___lldiv@quotient+2,c
  3312  001BA4  6A10               	clrf	___lldiv@quotient+3,c
  3313                           
  3314                           ; BSR set to: 0
  3315  001BA6  5009               	movf	___lldiv@divisor,w,c
  3316  001BA8  100A               	iorwf	___lldiv@divisor+1,w,c
  3317  001BAA  100B               	iorwf	___lldiv@divisor+2,w,c
  3318  001BAC  100C               	iorwf	___lldiv@divisor+3,w,c
  3319  001BAE  E02C               	bz	l602
  3320                           
  3321                           ; BSR set to: 0
  3322  001BB0  0E01               	movlw	1
  3323  001BB2  6E11               	movwf	___lldiv@counter,c
  3324  001BB4  D007               	goto	l3170
  3325  001BB6                     l3168:
  3326  001BB6  FFFF               	dw	65535	; assembler added errata NOP
  3327                           
  3328                           ; BSR set to: 0
  3329  001BB8  90D8               	bcf	status,0,c
  3330  001BBA  3609               	rlcf	___lldiv@divisor,f,c
  3331  001BBC  360A               	rlcf	___lldiv@divisor+1,f,c
  3332  001BBE  360B               	rlcf	___lldiv@divisor+2,f,c
  3333  001BC0  360C               	rlcf	___lldiv@divisor+3,f,c
  3334  001BC2  2A11               	incf	___lldiv@counter,f,c
  3335  001BC4                     l3170:
  3336  001BC4  FFFF               	dw	65535	; assembler added errata NOP
  3337                           
  3338                           ; BSR set to: 0
  3339  001BC6  AE0C               	btfss	___lldiv@divisor+3,7,c
  3340  001BC8  D7F6               	goto	l3168
  3341  001BCA                     u3010:
  3342  001BCA  FFFF               	dw	65535	; assembler added errata NOP
  3343                           
  3344                           ; BSR set to: 0
  3345  001BCC  90D8               	bcf	status,0,c
  3346  001BCE  360D               	rlcf	___lldiv@quotient,f,c
  3347  001BD0  360E               	rlcf	___lldiv@quotient+1,f,c
  3348  001BD2  360F               	rlcf	___lldiv@quotient+2,f,c
  3349  001BD4  3610               	rlcf	___lldiv@quotient+3,f,c
  3350                           
  3351                           ; BSR set to: 0
  3352  001BD6  5009               	movf	___lldiv@divisor,w,c
  3353  001BD8  5C05               	subwf	___lldiv@dividend,w,c
  3354  001BDA  500A               	movf	___lldiv@divisor+1,w,c
  3355  001BDC  5806               	subwfb	___lldiv@dividend+1,w,c
  3356  001BDE  500B               	movf	___lldiv@divisor+2,w,c
  3357  001BE0  5807               	subwfb	___lldiv@dividend+2,w,c
  3358  001BE2  500C               	movf	___lldiv@divisor+3,w,c
  3359  001BE4  5808               	subwfb	___lldiv@dividend+3,w,c
  3360  001BE6  E309               	bnc	l3180
  3361                           
  3362                           ; BSR set to: 0
  3363  001BE8  5009               	movf	___lldiv@divisor,w,c
  3364  001BEA  5E05               	subwf	___lldiv@dividend,f,c
  3365  001BEC  500A               	movf	___lldiv@divisor+1,w,c
  3366  001BEE  5A06               	subwfb	___lldiv@dividend+1,f,c
  3367  001BF0  500B               	movf	___lldiv@divisor+2,w,c
  3368  001BF2  5A07               	subwfb	___lldiv@dividend+2,f,c
  3369  001BF4  500C               	movf	___lldiv@divisor+3,w,c
  3370  001BF6  5A08               	subwfb	___lldiv@dividend+3,f,c
  3371                           
  3372                           ; BSR set to: 0
  3373  001BF8  800D               	bsf	___lldiv@quotient,0,c
  3374  001BFA                     l3180:
  3375                           
  3376                           ; BSR set to: 0
  3377  001BFA  90D8               	bcf	status,0,c
  3378  001BFC  320C               	rrcf	___lldiv@divisor+3,f,c
  3379  001BFE  320B               	rrcf	___lldiv@divisor+2,f,c
  3380  001C00  320A               	rrcf	___lldiv@divisor+1,f,c
  3381  001C02  3209               	rrcf	___lldiv@divisor,f,c
  3382                           
  3383                           ; BSR set to: 0
  3384  001C04  2E11               	decfsz	___lldiv@counter,f,c
  3385  001C06  D7E1               	goto	u3010
  3386  001C08                     l602:
  3387                           
  3388                           ; BSR set to: 0
  3389  001C08  C00D  F005         	movff	___lldiv@quotient,?___lldiv
  3390  001C0C  C00E  F006         	movff	___lldiv@quotient+1,?___lldiv+1
  3391  001C10  C00F  F007         	movff	___lldiv@quotient+2,?___lldiv+2
  3392  001C14  C010  F008         	movff	___lldiv@quotient+3,?___lldiv+3
  3393                           
  3394                           ; BSR set to: 0
  3395  001C18  0012               	return		;funcret
  3396  001C1A  FFFF               	dw	65535	; errata NOP
  3397  001C1C                     __end_of___lldiv:
  3398                           	opt stack 0
  3399                           stkptr	equ	0xFFC
  3400                           tblptru	equ	0xFF8
  3401                           tblptrh	equ	0xFF7
  3402                           tblptrl	equ	0xFF6
  3403                           tablat	equ	0xFF5
  3404                           prodh	equ	0xFF4
  3405                           prodl	equ	0xFF3
  3406                           intcon	equ	0xFF2
  3407                           intcon2	equ	0xFF1
  3408                           postinc0	equ	0xFEE
  3409                           wreg	equ	0xFE8
  3410                           indf2	equ	0xFDF
  3411                           fsr2h	equ	0xFDA
  3412                           fsr2l	equ	0xFD9
  3413                           status	equ	0xFD8
  3414                           
  3415 ;; *************** function _LCDpageSelect *****************
  3416 ;; Defined at:
  3417 ;;		line 283 in file "../nextion.h"
  3418 ;; Parameters:    Size  Location     Type
  3419 ;;  page            1    wreg     unsigned char 
  3420 ;; Auto vars:     Size  Location     Type
  3421 ;;  page            1   18[COMRAM] unsigned char 
  3422 ;;  tt              1   17[COMRAM] unsigned char 
  3423 ;; Return value:  Size  Location     Type
  3424 ;;                  1    wreg      unsigned char 
  3425 ;; Registers used:
  3426 ;;		wreg, fsr2l, fsr2h, status,2, status,0, tblptrl, tblptrh, tblptru, cstack
  3427 ;; Tracked objects:
  3428 ;;		On entry : 0/0
  3429 ;;		On exit  : 0/0
  3430 ;;		Unchanged: 0/0
  3431 ;; Data sizes:     COMRAM   BANK0   BANK1   BANK2   BANK3   BANK4   BANK5
  3432 ;;      Params:         0       0       0       0       0       0       0
  3433 ;;      Locals:         2       0       0       0       0       0       0
  3434 ;;      Temps:          0       0       0       0       0       0       0
  3435 ;;      Totals:         2       0       0       0       0       0       0
  3436 ;;Total ram usage:        2 bytes
  3437 ;; Hardware stack levels used:    1
  3438 ;; Hardware stack levels required when called:    6
  3439 ;; This function calls:
  3440 ;;		_CreateBuffTX
  3441 ;;		_SendUSART
  3442 ;;		_waitAckFromLCD
  3443 ;; This function is called by:
  3444 ;;		_ReadStatusFromLCD
  3445 ;;		_SetupMode
  3446 ;;		_main
  3447 ;; This function uses a non-reentrant model
  3448 ;;
  3449                           
  3450                           	psect	text12
  3451  001C98                     __ptext12:
  3452                           	opt stack 0
  3453  001C98                     _LCDpageSelect:
  3454                           	opt stack 0
  3455  001C98  FFFF               	dw	65535	; assembler added errata NOP
  3456                           
  3457                           ; BSR set to: 0
  3458                           ;incstack = 0
  3459                           ;LCDpageSelect@page stored from wreg
  3460  001C9A  6E13               	movwf	LCDpageSelect@page,c
  3461                           
  3462                           ;nextion.h: 285: unsigned char tt = 6;
  3463  001C9C  0E06               	movlw	6
  3464  001C9E  6E12               	movwf	LCDpageSelect@tt,c
  3465                           
  3466                           ;nextion.h: 287: while (tt--)
  3467  001CA0  D029               	goto	l3156
  3468  001CA2                     l3136:
  3469                           
  3470                           ;nextion.h: 288: {;nextion.h: 289: if (page == 0xA0) CreateBuffTX("page main",0xFFFFFF);
  3471  001CA2  0EA0               	movlw	160
  3472  001CA4  1813               	xorwf	LCDpageSelect@page,w,c
  3473  001CA6  E108               	bnz	l3140
  3474  001CA8  0E0D               	movlw	low STR_23
  3475  001CAA  6E0C               	movwf	CreateBuffTX@str,c
  3476  001CAC  680D               	setf	CreateBuffTX@data,c
  3477  001CAE  680E               	setf	CreateBuffTX@data+1,c
  3478  001CB0  680F               	setf	CreateBuffTX@data+2,c
  3479  001CB2  6A10               	clrf	CreateBuffTX@data+3,c
  3480  001CB4  EC83  F00D         	call	_CreateBuffTX	;wreg free
  3481  001CB8                     l3140:
  3482                           
  3483                           ;nextion.h: 290: if (page == 0xA1) CreateBuffTX("page logo",0xFFFFFF);
  3484  001CB8  0EA1               	movlw	161
  3485  001CBA  1813               	xorwf	LCDpageSelect@page,w,c
  3486  001CBC  E108               	bnz	l3144
  3487  001CBE  0E17               	movlw	low STR_24
  3488  001CC0  6E0C               	movwf	CreateBuffTX@str,c
  3489  001CC2  680D               	setf	CreateBuffTX@data,c
  3490  001CC4  680E               	setf	CreateBuffTX@data+1,c
  3491  001CC6  680F               	setf	CreateBuffTX@data+2,c
  3492  001CC8  6A10               	clrf	CreateBuffTX@data+3,c
  3493  001CCA  EC83  F00D         	call	_CreateBuffTX	;wreg free
  3494  001CCE                     l3144:
  3495                           
  3496                           ;nextion.h: 291: if (page == 0xA2) CreateBuffTX("page setup1",0xFFFFFF);
  3497  001CCE  0EA2               	movlw	162
  3498  001CD0  1813               	xorwf	LCDpageSelect@page,w,c
  3499  001CD2  E108               	bnz	l3148
  3500  001CD4  0E01               	movlw	low STR_25
  3501  001CD6  6E0C               	movwf	CreateBuffTX@str,c
  3502  001CD8  680D               	setf	CreateBuffTX@data,c
  3503  001CDA  680E               	setf	CreateBuffTX@data+1,c
  3504  001CDC  680F               	setf	CreateBuffTX@data+2,c
  3505  001CDE  6A10               	clrf	CreateBuffTX@data+3,c
  3506  001CE0  EC83  F00D         	call	_CreateBuffTX	;wreg free
  3507  001CE4                     l3148:
  3508                           
  3509                           ;nextion.h: 292: SendUSART();
  3510  001CE4  EC31  F011         	call	_SendUSART	;wreg free
  3511                           
  3512                           ;nextion.h: 294: if (waitAckFromLCD() == page) return(1);
  3513  001CE8  EC10  F00F         	call	_waitAckFromLCD	;wreg free
  3514  001CEC  1813               	xorwf	LCDpageSelect@page,w,c
  3515  001CEE  E102               	bnz	l3156
  3516                           
  3517                           ; BSR set to: 0
  3518  001CF0  0E01               	movlw	1
  3519  001CF2  D005               	goto	l554
  3520  001CF4                     l3156:
  3521  001CF4  FFFF               	dw	65535	; assembler added errata NOP
  3522  001CF6  0612               	decf	LCDpageSelect@tt,f,c
  3523  001CF8  2812               	incf	LCDpageSelect@tt,w,c
  3524  001CFA  E1D3               	bnz	l3136
  3525                           
  3526                           ;nextion.h: 295: };nextion.h: 296: return(0);
  3527  001CFC  0E00               	movlw	0
  3528  001CFE                     l554:
  3529  001CFE  FFFF               	dw	65535	; assembler added errata NOP
  3530  001D00  0012               	return		;funcret
  3531  001D02  FFFF               	dw	65535	; errata NOP
  3532  001D04                     __end_of_LCDpageSelect:
  3533                           	opt stack 0
  3534                           stkptr	equ	0xFFC
  3535                           tblptru	equ	0xFF8
  3536                           tblptrh	equ	0xFF7
  3537                           tblptrl	equ	0xFF6
  3538                           tablat	equ	0xFF5
  3539                           prodh	equ	0xFF4
  3540                           prodl	equ	0xFF3
  3541                           intcon	equ	0xFF2
  3542                           intcon2	equ	0xFF1
  3543                           postinc0	equ	0xFEE
  3544                           wreg	equ	0xFE8
  3545                           indf2	equ	0xFDF
  3546                           fsr2h	equ	0xFDA
  3547                           fsr2l	equ	0xFD9
  3548                           status	equ	0xFD8
  3549                           
  3550 ;; *************** function _waitAckFromLCD *****************
  3551 ;; Defined at:
  3552 ;;		line 254 in file "../nextion.h"
  3553 ;; Parameters:    Size  Location     Type
  3554 ;;		None
  3555 ;; Auto vars:     Size  Location     Type
  3556 ;;  ack             1    4[COMRAM] unsigned char 
  3557 ;; Return value:  Size  Location     Type
  3558 ;;                  1    wreg      unsigned char 
  3559 ;; Registers used:
  3560 ;;		wreg, fsr2l, fsr2h, status,2, status,0, cstack
  3561 ;; Tracked objects:
  3562 ;;		On entry : 0/0
  3563 ;;		On exit  : 3F/0
  3564 ;;		Unchanged: 0/0
  3565 ;; Data sizes:     COMRAM   BANK0   BANK1   BANK2   BANK3   BANK4   BANK5
  3566 ;;      Params:         0       0       0       0       0       0       0
  3567 ;;      Locals:         1       0       0       0       0       0       0
  3568 ;;      Temps:          0       0       0       0       0       0       0
  3569 ;;      Totals:         1       0       0       0       0       0       0
  3570 ;;Total ram usage:        1 bytes
  3571 ;; Hardware stack levels used:    1
  3572 ;; Hardware stack levels required when called:    5
  3573 ;; This function calls:
  3574 ;;		_RXrestart
  3575 ;; This function is called by:
  3576 ;;		_LCDpageSelect
  3577 ;; This function uses a non-reentrant model
  3578 ;;
  3579                           
  3580                           	psect	text13
  3581  001E20                     __ptext13:
  3582                           	opt stack 0
  3583  001E20                     _waitAckFromLCD:
  3584                           	opt stack 0
  3585  001E20  FFFF               	dw	65535	; assembler added errata NOP
  3586                           
  3587                           ;nextion.h: 256: unsigned char ack = 0;
  3588                           
  3589                           ;incstack = 0
  3590  001E22  6A05               	clrf	waitAckFromLCD@ack,c
  3591                           
  3592                           ;nextion.h: 258: RXrestart();
  3593  001E24  EC55  F010         	call	_RXrestart	;wreg free
  3594                           
  3595                           ; BSR set to: 0
  3596                           ;nextion.h: 259: TMR0 = 0;
  3597  001E28  6AD6               	clrf	4054,c	;volatile
  3598  001E2A  6AD7               	clrf	4055,c	;volatile
  3599                           
  3600                           ; BSR set to: 0
  3601                           ;nextion.h: 260: T0CON = 0b10000101;
  3602  001E2C  0E85               	movlw	133
  3603  001E2E  6ED5               	movwf	4053,c	;volatile
  3604                           
  3605                           ; BSR set to: 0
  3606                           ;nextion.h: 261: INTCONbits.TMR0IF = 0;
  3607  001E30  94F2               	bcf	intcon,2,c	;volatile
  3608                           
  3609                           ;nextion.h: 263: while(!INTCONbits.TMR0IF)
  3610  001E32  D017               	goto	l3016
  3611  001E34                     l540:
  3612  001E34  FFFF               	dw	65535	; assembler added errata NOP
  3613                           
  3614                           ; BSR set to: 0
  3615  001E36  0004               	clrwdt		;# 
  3616                           
  3617                           ;nextion.h: 266: if (rx_end)
  3618  001E38  0100               	movlb	0	; () banked
  3619  001E3A  5186               	movf	_rx_end& (0+255),w,b	;volatile
  3620  001E3C  E012               	bz	l3016
  3621                           
  3622                           ; BSR set to: 0
  3623                           ;nextion.h: 267: {;nextion.h: 268: if ((buffRX[1] == 0x55) && (buffRX[2] == 0x77))
  3624  001E3E  0E55               	movlw	85
  3625  001E40  19D0               	xorwf	(_buffRX+1)& (0+255),w,b	;volatile
  3626  001E42  E10C               	bnz	l3014
  3627                           
  3628                           ; BSR set to: 0
  3629  001E44  0E77               	movlw	119
  3630  001E46  19D1               	xorwf	(_buffRX+2)& (0+255),w,b	;volatile
  3631  001E48  E109               	bnz	l3014
  3632                           
  3633                           ; BSR set to: 0
  3634                           ;nextion.h: 269: {;nextion.h: 270: if ((buffRX[0] >= 0xA0) && (buffRX[0] <= 0xA2))
  3635  001E4A  0E9F               	movlw	159
  3636  001E4C  65CF               	cpfsgt	_buffRX& (0+255),b	;volatile
  3637  001E4E  D006               	goto	l3014
  3638                           
  3639                           ; BSR set to: 0
  3640  001E50  0EA3               	movlw	163
  3641  001E52  61CF               	cpfslt	_buffRX& (0+255),b	;volatile
  3642  001E54  D003               	goto	l3014
  3643                           
  3644                           ; BSR set to: 0
  3645                           ;nextion.h: 271: {;nextion.h: 272: ack = buffRX[0];
  3646  001E56  C0CF  F005         	movff	_buffRX,waitAckFromLCD@ack	;volatile
  3647                           
  3648                           ;nextion.h: 273: break;
  3649  001E5A  D006               	goto	u2830
  3650  001E5C                     l3014:
  3651  001E5C  FFFF               	dw	65535	; assembler added errata NOP
  3652                           
  3653                           ; BSR set to: 0
  3654                           ;nextion.h: 274: };nextion.h: 275: };nextion.h: 276: RXrestart();
  3655  001E5E  EC55  F010         	call	_RXrestart	;wreg free
  3656  001E62                     l3016:
  3657  001E62  FFFF               	dw	65535	; assembler added errata NOP
  3658                           
  3659                           ; BSR set to: 0
  3660  001E64  A4F2               	btfss	intcon,2,c	;volatile
  3661  001E66  D7E6               	goto	l540
  3662  001E68                     u2830:
  3663  001E68  FFFF               	dw	65535	; assembler added errata NOP
  3664                           
  3665                           ; BSR set to: 0
  3666                           ;nextion.h: 277: };nextion.h: 278: };nextion.h: 279: T0CON = 0b10000000;
  3667  001E6A  0E80               	movlw	128
  3668  001E6C  6ED5               	movwf	4053,c	;volatile
  3669                           
  3670                           ;nextion.h: 280: return(ack);
  3671  001E6E  5005               	movf	waitAckFromLCD@ack,w,c
  3672                           
  3673                           ; BSR set to: 0
  3674  001E70  0012               	return		;funcret
  3675  001E72  FFFF               	dw	65535	; errata NOP
  3676  001E74                     __end_of_waitAckFromLCD:
  3677                           	opt stack 0
  3678                           stkptr	equ	0xFFC
  3679                           tblptru	equ	0xFF8
  3680                           tblptrh	equ	0xFF7
  3681                           tblptrl	equ	0xFF6
  3682                           tablat	equ	0xFF5
  3683                           prodh	equ	0xFF4
  3684                           prodl	equ	0xFF3
  3685                           intcon	equ	0xFF2
  3686                           intcon2	equ	0xFF1
  3687                           postinc0	equ	0xFEE
  3688                           wreg	equ	0xFE8
  3689                           indf2	equ	0xFDF
  3690                           fsr2h	equ	0xFDA
  3691                           fsr2l	equ	0xFD9
  3692                           status	equ	0xFD8
  3693                           
  3694 ;; *************** function _RXrestart *****************
  3695 ;; Defined at:
  3696 ;;		line 17 in file "../usart.h"
  3697 ;; Parameters:    Size  Location     Type
  3698 ;;		None
  3699 ;; Auto vars:     Size  Location     Type
  3700 ;;		None
  3701 ;; Return value:  Size  Location     Type
  3702 ;;                  1    wreg      void 
  3703 ;; Registers used:
  3704 ;;		wreg, fsr2l, fsr2h, status,2, status,0, cstack
  3705 ;; Tracked objects:
  3706 ;;		On entry : 0/0
  3707 ;;		On exit  : 3F/0
  3708 ;;		Unchanged: 0/0
  3709 ;; Data sizes:     COMRAM   BANK0   BANK1   BANK2   BANK3   BANK4   BANK5
  3710 ;;      Params:         0       0       0       0       0       0       0
  3711 ;;      Locals:         0       0       0       0       0       0       0
  3712 ;;      Temps:          0       0       0       0       0       0       0
  3713 ;;      Totals:         0       0       0       0       0       0       0
  3714 ;;Total ram usage:        0 bytes
  3715 ;; Hardware stack levels used:    1
  3716 ;; Hardware stack levels required when called:    4
  3717 ;; This function calls:
  3718 ;;		_RXstopTIMER
  3719 ;; This function is called by:
  3720 ;;		_ReadStatusFromLCD
  3721 ;;		_SetupMode
  3722 ;;		_waitAckFromLCD
  3723 ;; This function uses a non-reentrant model
  3724 ;;
  3725                           
  3726                           	psect	text14
  3727  0020AA                     __ptext14:
  3728                           	opt stack 0
  3729  0020AA                     _RXrestart:
  3730                           	opt stack 0
  3731  0020AA  FFFF               	dw	65535	; assembler added errata NOP
  3732                           
  3733                           ;usart.h: 19: RXstopTIMER();
  3734                           
  3735                           ; BSR set to: 0
  3736                           ;incstack = 0
  3737  0020AC  EC74  F011         	call	_RXstopTIMER	;wreg free
  3738                           
  3739                           ;usart.h: 20: for (rxb = 0; rxb < (10-1); rxb++) buffRX[rxb] = 0x00;
  3740  0020B0  6A53               	clrf	_rxb,c	;volatile
  3741  0020B2  D007               	goto	l2718
  3742  0020B4                     l2714:
  3743  0020B4  FFFF               	dw	65535	; assembler added errata NOP
  3744  0020B6  5053               	movf	_rxb,w,c
  3745  0020B8  0FCF               	addlw	low _buffRX
  3746  0020BA  6ED9               	movwf	fsr2l,c
  3747  0020BC  6ADA               	clrf	fsr2h,c
  3748  0020BE  6ADF               	clrf	indf2,c
  3749  0020C0  2A53               	incf	_rxb,f,c	;volatile
  3750  0020C2                     l2718:
  3751  0020C2  FFFF               	dw	65535	; assembler added errata NOP
  3752  0020C4  0E08               	movlw	8
  3753  0020C6  6453               	cpfsgt	_rxb,c	;volatile
  3754  0020C8  D7F5               	goto	l2714
  3755                           
  3756                           ;usart.h: 21: rx_end = 0; rxb = 0;
  3757  0020CA  0100               	movlb	0	; () banked
  3758  0020CC  6B86               	clrf	_rx_end& (0+255),b	;volatile
  3759  0020CE  6A53               	clrf	_rxb,c	;volatile
  3760                           
  3761                           ; BSR set to: 0
  3762  0020D0  0012               	return		;funcret
  3763  0020D2  FFFF               	dw	65535	; errata NOP
  3764  0020D4                     __end_of_RXrestart:
  3765                           	opt stack 0
  3766                           stkptr	equ	0xFFC
  3767                           tblptru	equ	0xFF8
  3768                           tblptrh	equ	0xFF7
  3769                           tblptrl	equ	0xFF6
  3770                           tablat	equ	0xFF5
  3771                           prodh	equ	0xFF4
  3772                           prodl	equ	0xFF3
  3773                           intcon	equ	0xFF2
  3774                           intcon2	equ	0xFF1
  3775                           postinc0	equ	0xFEE
  3776                           wreg	equ	0xFE8
  3777                           indf2	equ	0xFDF
  3778                           fsr2h	equ	0xFDA
  3779                           fsr2l	equ	0xFD9
  3780                           status	equ	0xFD8
  3781                           
  3782 ;; *************** function _RXstopTIMER *****************
  3783 ;; Defined at:
  3784 ;;		line 10 in file "../usart.h"
  3785 ;; Parameters:    Size  Location     Type
  3786 ;;		None
  3787 ;; Auto vars:     Size  Location     Type
  3788 ;;		None
  3789 ;; Return value:  Size  Location     Type
  3790 ;;                  1    wreg      void 
  3791 ;; Registers used:
  3792 ;;		None
  3793 ;; Tracked objects:
  3794 ;;		On entry : 0/0
  3795 ;;		On exit  : 0/0
  3796 ;;		Unchanged: 0/0
  3797 ;; Data sizes:     COMRAM   BANK0   BANK1   BANK2   BANK3   BANK4   BANK5
  3798 ;;      Params:         0       0       0       0       0       0       0
  3799 ;;      Locals:         0       0       0       0       0       0       0
  3800 ;;      Temps:          0       0       0       0       0       0       0
  3801 ;;      Totals:         0       0       0       0       0       0       0
  3802 ;;Total ram usage:        0 bytes
  3803 ;; Hardware stack levels used:    1
  3804 ;; Hardware stack levels required when called:    3
  3805 ;; This function calls:
  3806 ;;		Nothing
  3807 ;; This function is called by:
  3808 ;;		_RXrestart
  3809 ;; This function uses a non-reentrant model
  3810 ;;
  3811                           
  3812                           	psect	text15
  3813  0022E8                     __ptext15:
  3814                           	opt stack 0
  3815  0022E8                     _RXstopTIMER:
  3816                           	opt stack 0
  3817  0022E8  FFFF               	dw	65535	; assembler added errata NOP
  3818                           
  3819                           ;usart.h: 12: T2CON = 0;
  3820                           
  3821                           ; BSR set to: 0
  3822                           ;incstack = 0
  3823  0022EA  6ACA               	clrf	4042,c	;volatile
  3824                           
  3825                           ;usart.h: 13: PIE1bits.TMR2IE = 0;
  3826  0022EC  929D               	bcf	3997,1,c	;volatile
  3827  0022EE  0012               	return		;funcret
  3828  0022F0  FFFF               	dw	65535	; errata NOP
  3829  0022F2                     __end_of_RXstopTIMER:
  3830                           	opt stack 0
  3831                           stkptr	equ	0xFFC
  3832                           tblptru	equ	0xFF8
  3833                           tblptrh	equ	0xFF7
  3834                           tblptrl	equ	0xFF6
  3835                           tablat	equ	0xFF5
  3836                           prodh	equ	0xFF4
  3837                           prodl	equ	0xFF3
  3838                           intcon	equ	0xFF2
  3839                           intcon2	equ	0xFF1
  3840                           postinc0	equ	0xFEE
  3841                           wreg	equ	0xFE8
  3842                           indf2	equ	0xFDF
  3843                           fsr2h	equ	0xFDA
  3844                           fsr2l	equ	0xFD9
  3845                           status	equ	0xFD8
  3846                           
  3847 ;; *************** function _EEsetupRead *****************
  3848 ;; Defined at:
  3849 ;;		line 47 in file "../eep.h"
  3850 ;; Parameters:    Size  Location     Type
  3851 ;;		None
  3852 ;; Auto vars:     Size  Location     Type
  3853 ;;  lW              2    4[BANK0 ] unsigned int 
  3854 ;;  rW              2    2[BANK0 ] unsigned int 
  3855 ;;  pW              2    0[BANK0 ] unsigned int 
  3856 ;; Return value:  Size  Location     Type
  3857 ;;                  1    wreg      void 
  3858 ;; Registers used:
  3859 ;;		wreg, status,2, status,0, prodl, prodh, cstack
  3860 ;; Tracked objects:
  3861 ;;		On entry : 0/0
  3862 ;;		On exit  : 3F/0
  3863 ;;		Unchanged: 0/0
  3864 ;; Data sizes:     COMRAM   BANK0   BANK1   BANK2   BANK3   BANK4   BANK5
  3865 ;;      Params:         0       0       0       0       0       0       0
  3866 ;;      Locals:         0       6       0       0       0       0       0
  3867 ;;      Temps:          8       0       0       0       0       0       0
  3868 ;;      Totals:         8       6       0       0       0       0       0
  3869 ;;Total ram usage:       14 bytes
  3870 ;; Hardware stack levels used:    1
  3871 ;; Hardware stack levels required when called:    7
  3872 ;; This function calls:
  3873 ;;		___fttol
  3874 ;;		___lltoft
  3875 ;;		_readEEPROM
  3876 ;;		_readEEPROM16
  3877 ;;		_sqrt
  3878 ;; This function is called by:
  3879 ;;		_ReadStatusFromLCD
  3880 ;;		_main
  3881 ;; This function uses a non-reentrant model
  3882 ;;
  3883                           
  3884                           	psect	text16
  3885  000A70                     __ptext16:
  3886                           	opt stack 0
  3887  000A70                     _EEsetupRead:
  3888                           	opt stack 0
  3889  000A70  FFFF               	dw	65535	; assembler added errata NOP
  3890                           
  3891                           ;eep.h: 49: unsigned int pW,rW,lW;;eep.h: 51: pW = readEEPROM16(0)&0x7FF;
  3892                           
  3893                           ;incstack = 0
  3894  000A72  0E00               	movlw	0
  3895  000A74  EC94  F010         	call	_readEEPROM16
  3896  000A78  5006               	movf	?_readEEPROM16,w,c
  3897  000A7A  0100               	movlb	0	; () banked
  3898  000A7C  6FF5               	movwf	EEsetupRead@pW& (0+255),b
  3899  000A7E  0E07               	movlw	7
  3900  000A80  1407               	andwf	?_readEEPROM16+1,w,c
  3901  000A82  6FF6               	movwf	(EEsetupRead@pW+1)& (0+255),b
  3902                           
  3903                           ; BSR set to: 0
  3904                           ;eep.h: 52: max_pwr = (unsigned int)sqrt((unsigned long)pW * (unsigned long)550);
  3905  000A84  51F5               	movf	EEsetupRead@pW& (0+255),w,b
  3906  000A86  6E3E               	movwf	??_EEsetupRead& (0+255),c
  3907  000A88  51F6               	movf	(EEsetupRead@pW+1)& (0+255),w,b
  3908  000A8A  6E3F               	movwf	(??_EEsetupRead+1)& (0+255),c
  3909  000A8C  6A40               	clrf	(??_EEsetupRead+2)& (0+255),c
  3910  000A8E  6A41               	clrf	(??_EEsetupRead+3)& (0+255),c
  3911  000A90  0E26               	movlw	38
  3912  000A92  023E               	mulwf	??_EEsetupRead& (0+255),c
  3913  000A94  CFF3 F042          	movff	prodl,??_EEsetupRead+4
  3914  000A98  CFF4 F043          	movff	prodh,??_EEsetupRead+5
  3915  000A9C  6A44               	clrf	(??_EEsetupRead+6)& (0+255),c
  3916  000A9E  6A45               	clrf	(??_EEsetupRead+7)& (0+255),c
  3917  000AA0  023F               	mulwf	(??_EEsetupRead+1)& (0+255),c
  3918  000AA2  50F3               	movf	prodl,w,c
  3919  000AA4  2643               	addwf	(??_EEsetupRead+5)& (0+255),f,c
  3920  000AA6  50F4               	movf	prodh,w,c
  3921  000AA8  2244               	addwfc	(??_EEsetupRead+6)& (0+255),f,c
  3922  000AAA  0E00               	movlw	0
  3923  000AAC  2245               	addwfc	(??_EEsetupRead+7)& (0+255),f,c
  3924  000AAE  0E02               	movlw	2
  3925  000AB0  023E               	mulwf	??_EEsetupRead& (0+255),c
  3926  000AB2  50F3               	movf	prodl,w,c
  3927  000AB4  2643               	addwf	(??_EEsetupRead+5)& (0+255),f,c
  3928  000AB6  50F4               	movf	prodh,w,c
  3929  000AB8  2244               	addwfc	(??_EEsetupRead+6)& (0+255),f,c
  3930  000ABA  0E00               	movlw	0
  3931  000ABC  2245               	addwfc	(??_EEsetupRead+7)& (0+255),f,c
  3932  000ABE  0E26               	movlw	38
  3933  000AC0  0240               	mulwf	(??_EEsetupRead+2)& (0+255),c
  3934  000AC2  50F3               	movf	prodl,w,c
  3935  000AC4  2644               	addwf	(??_EEsetupRead+6)& (0+255),f,c
  3936  000AC6  50F4               	movf	prodh,w,c
  3937  000AC8  2245               	addwfc	(??_EEsetupRead+7)& (0+255),f,c
  3938  000ACA  0E02               	movlw	2
  3939  000ACC  023F               	mulwf	(??_EEsetupRead+1)& (0+255),c
  3940  000ACE  50F3               	movf	prodl,w,c
  3941  000AD0  2644               	addwf	(??_EEsetupRead+6)& (0+255),f,c
  3942  000AD2  50F4               	movf	prodh,w,c
  3943  000AD4  2245               	addwfc	(??_EEsetupRead+7)& (0+255),f,c
  3944  000AD6  0E00               	movlw	0
  3945  000AD8  023E               	mulwf	??_EEsetupRead& (0+255),c
  3946  000ADA  50F3               	movf	prodl,w,c
  3947  000ADC  2644               	addwf	(??_EEsetupRead+6)& (0+255),f,c
  3948  000ADE  50F4               	movf	prodh,w,c
  3949  000AE0  2245               	addwfc	(??_EEsetupRead+7)& (0+255),f,c
  3950  000AE2  0E26               	movlw	38
  3951  000AE4  0241               	mulwf	(??_EEsetupRead+3)& (0+255),c
  3952  000AE6  50F3               	movf	prodl,w,c
  3953  000AE8  2645               	addwf	(??_EEsetupRead+7)& (0+255),f,c
  3954  000AEA  0E02               	movlw	2
  3955  000AEC  0240               	mulwf	(??_EEsetupRead+2)& (0+255),c
  3956  000AEE  50F3               	movf	prodl,w,c
  3957  000AF0  2645               	addwf	(??_EEsetupRead+7)& (0+255),f,c
  3958  000AF2  0E00               	movlw	0
  3959  000AF4  023F               	mulwf	(??_EEsetupRead+1)& (0+255),c
  3960  000AF6  50F3               	movf	prodl,w,c
  3961  000AF8  2645               	addwf	(??_EEsetupRead+7)& (0+255),f,c
  3962  000AFA  0E00               	movlw	0
  3963  000AFC  023E               	mulwf	??_EEsetupRead& (0+255),c
  3964  000AFE  50F3               	movf	prodl,w,c
  3965  000B00  2645               	addwf	(??_EEsetupRead+7)& (0+255),f,c
  3966  000B02  C042  F00D         	movff	??_EEsetupRead+4,___lltoft@c
  3967  000B06  C043  F00E         	movff	??_EEsetupRead+5,___lltoft@c+1
  3968  000B0A  C044  F00F         	movff	??_EEsetupRead+6,___lltoft@c+2
  3969  000B0E  C045  F010         	movff	??_EEsetupRead+7,___lltoft@c+3
  3970  000B12  EC3A  F00F         	call	___lltoft	;wreg free
  3971  000B16  C00D  F01F         	movff	?___lltoft,sqrt@a
  3972  000B1A  C00E  F020         	movff	?___lltoft+1,sqrt@a+1
  3973  000B1E  C00F  F021         	movff	?___lltoft+2,sqrt@a+2
  3974  000B22  ECD1  F008         	call	_sqrt	;wreg free
  3975  000B26  C01F  F02F         	movff	?_sqrt,___fttol@f1
  3976  000B2A  C020  F030         	movff	?_sqrt+1,___fttol@f1+1
  3977  000B2E  C021  F031         	movff	?_sqrt+2,___fttol@f1+2
  3978  000B32  EC66  F00B         	call	___fttol	;wreg free
  3979  000B36  C02F  F0E9         	movff	?___fttol,_max_pwr	;volatile
  3980  000B3A  C030  F0EA         	movff	?___fttol+1,_max_pwr+1	;volatile
  3981                           
  3982                           ;eep.h: 53: rW = readEEPROM16(2)&0x1FF;
  3983  000B3E  0E02               	movlw	2
  3984  000B40  EC94  F010         	call	_readEEPROM16
  3985  000B44  5006               	movf	?_readEEPROM16,w,c
  3986  000B46  0100               	movlb	0	; () banked
  3987  000B48  6FF7               	movwf	EEsetupRead@rW& (0+255),b
  3988  000B4A  0E01               	movlw	1
  3989  000B4C  1407               	andwf	?_readEEPROM16+1,w,c
  3990  000B4E  6FF8               	movwf	(EEsetupRead@rW+1)& (0+255),b
  3991                           
  3992                           ;eep.h: 54: max_ref = (unsigned int)sqrt((unsigned long)rW * (unsigned long)550);
  3993  000B50  51F7               	movf	EEsetupRead@rW& (0+255),w,b
  3994  000B52  6E3E               	movwf	??_EEsetupRead& (0+255),c
  3995  000B54  51F8               	movf	(EEsetupRead@rW+1)& (0+255),w,b
  3996  000B56  6E3F               	movwf	(??_EEsetupRead+1)& (0+255),c
  3997  000B58  6A40               	clrf	(??_EEsetupRead+2)& (0+255),c
  3998  000B5A  6A41               	clrf	(??_EEsetupRead+3)& (0+255),c
  3999  000B5C  0E26               	movlw	38
  4000  000B5E  023E               	mulwf	??_EEsetupRead& (0+255),c
  4001  000B60  CFF3 F042          	movff	prodl,??_EEsetupRead+4
  4002  000B64  CFF4 F043          	movff	prodh,??_EEsetupRead+5
  4003  000B68  6A44               	clrf	(??_EEsetupRead+6)& (0+255),c
  4004  000B6A  6A45               	clrf	(??_EEsetupRead+7)& (0+255),c
  4005  000B6C  023F               	mulwf	(??_EEsetupRead+1)& (0+255),c
  4006  000B6E  50F3               	movf	prodl,w,c
  4007  000B70  2643               	addwf	(??_EEsetupRead+5)& (0+255),f,c
  4008  000B72  50F4               	movf	prodh,w,c
  4009  000B74  2244               	addwfc	(??_EEsetupRead+6)& (0+255),f,c
  4010  000B76  0E00               	movlw	0
  4011  000B78  2245               	addwfc	(??_EEsetupRead+7)& (0+255),f,c
  4012  000B7A  0E02               	movlw	2
  4013  000B7C  023E               	mulwf	??_EEsetupRead& (0+255),c
  4014  000B7E  50F3               	movf	prodl,w,c
  4015  000B80  2643               	addwf	(??_EEsetupRead+5)& (0+255),f,c
  4016  000B82  50F4               	movf	prodh,w,c
  4017  000B84  2244               	addwfc	(??_EEsetupRead+6)& (0+255),f,c
  4018  000B86  0E00               	movlw	0
  4019  000B88  2245               	addwfc	(??_EEsetupRead+7)& (0+255),f,c
  4020  000B8A  0E26               	movlw	38
  4021  000B8C  0240               	mulwf	(??_EEsetupRead+2)& (0+255),c
  4022  000B8E  50F3               	movf	prodl,w,c
  4023  000B90  2644               	addwf	(??_EEsetupRead+6)& (0+255),f,c
  4024  000B92  50F4               	movf	prodh,w,c
  4025  000B94  2245               	addwfc	(??_EEsetupRead+7)& (0+255),f,c
  4026  000B96  0E02               	movlw	2
  4027  000B98  023F               	mulwf	(??_EEsetupRead+1)& (0+255),c
  4028  000B9A  50F3               	movf	prodl,w,c
  4029  000B9C  2644               	addwf	(??_EEsetupRead+6)& (0+255),f,c
  4030  000B9E  50F4               	movf	prodh,w,c
  4031  000BA0  2245               	addwfc	(??_EEsetupRead+7)& (0+255),f,c
  4032  000BA2  0E00               	movlw	0
  4033  000BA4  023E               	mulwf	??_EEsetupRead& (0+255),c
  4034  000BA6  50F3               	movf	prodl,w,c
  4035  000BA8  2644               	addwf	(??_EEsetupRead+6)& (0+255),f,c
  4036  000BAA  50F4               	movf	prodh,w,c
  4037  000BAC  2245               	addwfc	(??_EEsetupRead+7)& (0+255),f,c
  4038  000BAE  0E26               	movlw	38
  4039  000BB0  0241               	mulwf	(??_EEsetupRead+3)& (0+255),c
  4040  000BB2  50F3               	movf	prodl,w,c
  4041  000BB4  2645               	addwf	(??_EEsetupRead+7)& (0+255),f,c
  4042  000BB6  0E02               	movlw	2
  4043  000BB8  0240               	mulwf	(??_EEsetupRead+2)& (0+255),c
  4044  000BBA  50F3               	movf	prodl,w,c
  4045  000BBC  2645               	addwf	(??_EEsetupRead+7)& (0+255),f,c
  4046  000BBE  0E00               	movlw	0
  4047  000BC0  023F               	mulwf	(??_EEsetupRead+1)& (0+255),c
  4048  000BC2  50F3               	movf	prodl,w,c
  4049  000BC4  2645               	addwf	(??_EEsetupRead+7)& (0+255),f,c
  4050  000BC6  0E00               	movlw	0
  4051  000BC8  023E               	mulwf	??_EEsetupRead& (0+255),c
  4052  000BCA  50F3               	movf	prodl,w,c
  4053  000BCC  2645               	addwf	(??_EEsetupRead+7)& (0+255),f,c
  4054  000BCE  C042  F00D         	movff	??_EEsetupRead+4,___lltoft@c
  4055  000BD2  C043  F00E         	movff	??_EEsetupRead+5,___lltoft@c+1
  4056  000BD6  C044  F00F         	movff	??_EEsetupRead+6,___lltoft@c+2
  4057  000BDA  C045  F010         	movff	??_EEsetupRead+7,___lltoft@c+3
  4058  000BDE  EC3A  F00F         	call	___lltoft	;wreg free
  4059  000BE2  C00D  F01F         	movff	?___lltoft,sqrt@a
  4060  000BE6  C00E  F020         	movff	?___lltoft+1,sqrt@a+1
  4061  000BEA  C00F  F021         	movff	?___lltoft+2,sqrt@a+2
  4062  000BEE  ECD1  F008         	call	_sqrt	;wreg free
  4063  000BF2  C01F  F02F         	movff	?_sqrt,___fttol@f1
  4064  000BF6  C020  F030         	movff	?_sqrt+1,___fttol@f1+1
  4065  000BFA  C021  F031         	movff	?_sqrt+2,___fttol@f1+2
  4066  000BFE  EC66  F00B         	call	___fttol	;wreg free
  4067  000C02  C02F  F0E7         	movff	?___fttol,_max_ref	;volatile
  4068  000C06  C030  F0E8         	movff	?___fttol+1,_max_ref+1	;volatile
  4069                           
  4070                           ;eep.h: 56: max_curr = readEEPROM16(4)&0x3FF;
  4071  000C0A  0E04               	movlw	4
  4072  000C0C  EC94  F010         	call	_readEEPROM16
  4073  000C10  5006               	movf	?_readEEPROM16,w,c
  4074  000C12  0100               	movlb	0	; () banked
  4075  000C14  6FE3               	movwf	_max_curr& (0+255),b	;volatile
  4076  000C16  0E03               	movlw	3
  4077  000C18  1407               	andwf	?_readEEPROM16+1,w,c
  4078  000C1A  6FE4               	movwf	(_max_curr+1)& (0+255),b	;volatile
  4079                           
  4080                           ; BSR set to: 0
  4081                           ;eep.h: 57: max_volt = readEEPROM16(6)&0x3FF;
  4082  000C1C  0E06               	movlw	6
  4083  000C1E  EC94  F010         	call	_readEEPROM16
  4084  000C22  5006               	movf	?_readEEPROM16,w,c
  4085  000C24  0100               	movlb	0	; () banked
  4086  000C26  6FE5               	movwf	_max_volt& (0+255),b	;volatile
  4087  000C28  0E03               	movlw	3
  4088  000C2A  1407               	andwf	?_readEEPROM16+1,w,c
  4089  000C2C  6FE6               	movwf	(_max_volt+1)& (0+255),b	;volatile
  4090                           
  4091                           ; BSR set to: 0
  4092                           ;eep.h: 58: max_temp = readEEPROM16(8)&0x7F;
  4093  000C2E  0E08               	movlw	8
  4094  000C30  EC94  F010         	call	_readEEPROM16
  4095  000C34  0E7F               	movlw	127
  4096  000C36  1406               	andwf	?_readEEPROM16,w,c
  4097  000C38  0100               	movlb	0	; () banked
  4098  000C3A  6FE1               	movwf	_max_temp& (0+255),b	;volatile
  4099  000C3C  6BE2               	clrf	(_max_temp+1)& (0+255),b	;volatile
  4100                           
  4101                           ; BSR set to: 0
  4102                           ;eep.h: 59: max_tFAN = readEEPROM16(10)&0x7F;
  4103  000C3E  0E0A               	movlw	10
  4104  000C40  EC94  F010         	call	_readEEPROM16
  4105  000C44  0E7F               	movlw	127
  4106  000C46  1406               	andwf	?_readEEPROM16,w,c
  4107  000C48  0100               	movlb	0	; () banked
  4108  000C4A  6FDF               	movwf	_max_tFAN& (0+255),b	;volatile
  4109  000C4C  6BE0               	clrf	(_max_tFAN+1)& (0+255),b	;volatile
  4110                           
  4111                           ; BSR set to: 0
  4112                           ;eep.h: 61: lW = readEEPROM16(12)&0x3FF;
  4113  000C4E  0E0C               	movlw	12
  4114  000C50  EC94  F010         	call	_readEEPROM16
  4115  000C54  5006               	movf	?_readEEPROM16,w,c
  4116  000C56  0100               	movlb	0	; () banked
  4117  000C58  6FF9               	movwf	EEsetupRead@lW& (0+255),b
  4118  000C5A  0E03               	movlw	3
  4119  000C5C  1407               	andwf	?_readEEPROM16+1,w,c
  4120  000C5E  6FFA               	movwf	(EEsetupRead@lW+1)& (0+255),b
  4121                           
  4122                           ; BSR set to: 0
  4123                           ;eep.h: 62: lpferrP = (unsigned int)sqrt((unsigned long)lW * (unsigned long)550);
  4124  000C60  51F9               	movf	EEsetupRead@lW& (0+255),w,b
  4125  000C62  6E3E               	movwf	??_EEsetupRead& (0+255),c
  4126  000C64  51FA               	movf	(EEsetupRead@lW+1)& (0+255),w,b
  4127  000C66  6E3F               	movwf	(??_EEsetupRead+1)& (0+255),c
  4128  000C68  6A40               	clrf	(??_EEsetupRead+2)& (0+255),c
  4129  000C6A  6A41               	clrf	(??_EEsetupRead+3)& (0+255),c
  4130  000C6C  0E26               	movlw	38
  4131  000C6E  023E               	mulwf	??_EEsetupRead& (0+255),c
  4132  000C70  CFF3 F042          	movff	prodl,??_EEsetupRead+4
  4133  000C74  CFF4 F043          	movff	prodh,??_EEsetupRead+5
  4134  000C78  6A44               	clrf	(??_EEsetupRead+6)& (0+255),c
  4135  000C7A  6A45               	clrf	(??_EEsetupRead+7)& (0+255),c
  4136  000C7C  023F               	mulwf	(??_EEsetupRead+1)& (0+255),c
  4137  000C7E  50F3               	movf	prodl,w,c
  4138  000C80  2643               	addwf	(??_EEsetupRead+5)& (0+255),f,c
  4139  000C82  50F4               	movf	prodh,w,c
  4140  000C84  2244               	addwfc	(??_EEsetupRead+6)& (0+255),f,c
  4141  000C86  0E00               	movlw	0
  4142  000C88  2245               	addwfc	(??_EEsetupRead+7)& (0+255),f,c
  4143  000C8A  0E02               	movlw	2
  4144  000C8C  023E               	mulwf	??_EEsetupRead& (0+255),c
  4145  000C8E  50F3               	movf	prodl,w,c
  4146  000C90  2643               	addwf	(??_EEsetupRead+5)& (0+255),f,c
  4147  000C92  50F4               	movf	prodh,w,c
  4148  000C94  2244               	addwfc	(??_EEsetupRead+6)& (0+255),f,c
  4149  000C96  0E00               	movlw	0
  4150  000C98  2245               	addwfc	(??_EEsetupRead+7)& (0+255),f,c
  4151  000C9A  0E26               	movlw	38
  4152  000C9C  0240               	mulwf	(??_EEsetupRead+2)& (0+255),c
  4153  000C9E  50F3               	movf	prodl,w,c
  4154  000CA0  2644               	addwf	(??_EEsetupRead+6)& (0+255),f,c
  4155  000CA2  50F4               	movf	prodh,w,c
  4156  000CA4  2245               	addwfc	(??_EEsetupRead+7)& (0+255),f,c
  4157  000CA6  0E02               	movlw	2
  4158  000CA8  023F               	mulwf	(??_EEsetupRead+1)& (0+255),c
  4159  000CAA  50F3               	movf	prodl,w,c
  4160  000CAC  2644               	addwf	(??_EEsetupRead+6)& (0+255),f,c
  4161  000CAE  50F4               	movf	prodh,w,c
  4162  000CB0  2245               	addwfc	(??_EEsetupRead+7)& (0+255),f,c
  4163  000CB2  0E00               	movlw	0
  4164  000CB4  023E               	mulwf	??_EEsetupRead& (0+255),c
  4165  000CB6  50F3               	movf	prodl,w,c
  4166  000CB8  2644               	addwf	(??_EEsetupRead+6)& (0+255),f,c
  4167  000CBA  50F4               	movf	prodh,w,c
  4168  000CBC  2245               	addwfc	(??_EEsetupRead+7)& (0+255),f,c
  4169  000CBE  0E26               	movlw	38
  4170  000CC0  0241               	mulwf	(??_EEsetupRead+3)& (0+255),c
  4171  000CC2  50F3               	movf	prodl,w,c
  4172  000CC4  2645               	addwf	(??_EEsetupRead+7)& (0+255),f,c
  4173  000CC6  0E02               	movlw	2
  4174  000CC8  0240               	mulwf	(??_EEsetupRead+2)& (0+255),c
  4175  000CCA  50F3               	movf	prodl,w,c
  4176  000CCC  2645               	addwf	(??_EEsetupRead+7)& (0+255),f,c
  4177  000CCE  0E00               	movlw	0
  4178  000CD0  023F               	mulwf	(??_EEsetupRead+1)& (0+255),c
  4179  000CD2  50F3               	movf	prodl,w,c
  4180  000CD4  2645               	addwf	(??_EEsetupRead+7)& (0+255),f,c
  4181  000CD6  0E00               	movlw	0
  4182  000CD8  023E               	mulwf	??_EEsetupRead& (0+255),c
  4183  000CDA  50F3               	movf	prodl,w,c
  4184  000CDC  2645               	addwf	(??_EEsetupRead+7)& (0+255),f,c
  4185  000CDE  C042  F00D         	movff	??_EEsetupRead+4,___lltoft@c
  4186  000CE2  C043  F00E         	movff	??_EEsetupRead+5,___lltoft@c+1
  4187  000CE6  C044  F00F         	movff	??_EEsetupRead+6,___lltoft@c+2
  4188  000CEA  C045  F010         	movff	??_EEsetupRead+7,___lltoft@c+3
  4189  000CEE  EC3A  F00F         	call	___lltoft	;wreg free
  4190  000CF2  C00D  F01F         	movff	?___lltoft,sqrt@a
  4191  000CF6  C00E  F020         	movff	?___lltoft+1,sqrt@a+1
  4192  000CFA  C00F  F021         	movff	?___lltoft+2,sqrt@a+2
  4193  000CFE  ECD1  F008         	call	_sqrt	;wreg free
  4194  000D02  C01F  F02F         	movff	?_sqrt,___fttol@f1
  4195  000D06  C020  F030         	movff	?_sqrt+1,___fttol@f1+1
  4196  000D0A  C021  F031         	movff	?_sqrt+2,___fttol@f1+2
  4197  000D0E  EC66  F00B         	call	___fttol	;wreg free
  4198  000D12  C02F  F0DD         	movff	?___fttol,_lpferrP	;volatile
  4199  000D16  C030  F0DE         	movff	?___fttol+1,_lpferrP+1	;volatile
  4200                           
  4201                           ;eep.h: 63: lpferrC = readEEPROM16(14)&0x3FF;
  4202  000D1A  0E0E               	movlw	14
  4203  000D1C  EC94  F010         	call	_readEEPROM16
  4204  000D20  5006               	movf	?_readEEPROM16,w,c
  4205  000D22  0100               	movlb	0	; () banked
  4206  000D24  6FDB               	movwf	_lpferrC& (0+255),b	;volatile
  4207  000D26  0E03               	movlw	3
  4208  000D28  1407               	andwf	?_readEEPROM16+1,w,c
  4209  000D2A  6FDC               	movwf	(_lpferrC+1)& (0+255),b	;volatile
  4210                           
  4211                           ; BSR set to: 0
  4212                           ;eep.h: 65: lpferrR = (readEEPROM(16)&0x7F) * 10;
  4213  000D2C  0E10               	movlw	16
  4214  000D2E  EC3F  F011         	call	_readEEPROM
  4215  000D32  0B7F               	andlw	127
  4216  000D34  0D0A               	mullw	10
  4217  000D36  CFF3 F0D9          	movff	prodl,_lpferrR	;volatile
  4218  000D3A  CFF4 F0DA          	movff	prodh,_lpferrR+1	;volatile
  4219                           
  4220                           ;eep.h: 66: ptt_hold = readEEPROM(17)&0x7F;
  4221  000D3E  0E11               	movlw	17
  4222  000D40  EC3F  F011         	call	_readEEPROM
  4223  000D44  0B7F               	andlw	127
  4224  000D46  0100               	movlb	0	; () banked
  4225  000D48  6FEB               	movwf	_ptt_hold& (0+255),b	;volatile
  4226                           
  4227                           ; BSR set to: 0
  4228                           ;eep.h: 67: hystT = readEEPROM(18)&0x1F;
  4229  000D4A  0E12               	movlw	18
  4230  000D4C  EC3F  F011         	call	_readEEPROM
  4231  000D50  0B1F               	andlw	31
  4232  000D52  0100               	movlb	0	; () banked
  4233  000D54  6FF0               	movwf	_hystT& (0+255),b	;volatile
  4234                           
  4235                           ; BSR set to: 0
  4236                           ;eep.h: 68: hystF = readEEPROM(19)&0x1F;
  4237  000D56  0E13               	movlw	19
  4238  000D58  EC3F  F011         	call	_readEEPROM
  4239  000D5C  0B1F               	andlw	31
  4240  000D5E  0100               	movlb	0	; () banked
  4241  000D60  6FEF               	movwf	_hystF& (0+255),b	;volatile
  4242                           
  4243                           ; BSR set to: 0
  4244                           ;eep.h: 69: reldel = readEEPROM(20)&0x7F;
  4245  000D62  0E14               	movlw	20
  4246  000D64  EC3F  F011         	call	_readEEPROM
  4247  000D68  0B7F               	andlw	127
  4248  000D6A  0100               	movlb	0	; () banked
  4249  000D6C  6FF4               	movwf	_reldel& (0+255),b	;volatile
  4250                           
  4251                           ; BSR set to: 0
  4252                           ;eep.h: 70: biasdel = readEEPROM(21)&0x7F;
  4253  000D6E  0E15               	movlw	21
  4254  000D70  EC3F  F011         	call	_readEEPROM
  4255  000D74  0B7F               	andlw	127
  4256  000D76  0100               	movlb	0	; () banked
  4257  000D78  6FF3               	movwf	_biasdel& (0+255),b	;volatile
  4258                           
  4259                           ; BSR set to: 0
  4260                           ;eep.h: 71: sensor = readEEPROM(22)&0x1F;
  4261  000D7A  0E16               	movlw	22
  4262  000D7C  EC3F  F011         	call	_readEEPROM
  4263  000D80  0B1F               	andlw	31
  4264  000D82  0100               	movlb	0	; () banked
  4265  000D84  6FEC               	movwf	_sensor& (0+255),b	;volatile
  4266                           
  4267                           ; BSR set to: 0
  4268                           ;eep.h: 72: fanptt = readEEPROM(23)&0x01;
  4269  000D86  0E17               	movlw	23
  4270  000D88  EC3F  F011         	call	_readEEPROM
  4271  000D8C  0B01               	andlw	1
  4272  000D8E  0100               	movlb	0	; () banked
  4273  000D90  6FF2               	movwf	_fanptt& (0+255),b	;volatile
  4274                           
  4275                           ; BSR set to: 0
  4276                           ;eep.h: 73: beeper = readEEPROM(24)&0x01;
  4277  000D92  0E18               	movlw	24
  4278  000D94  EC3F  F011         	call	_readEEPROM
  4279  000D98  0B01               	andlw	1
  4280  000D9A  0100               	movlb	0	; () banked
  4281  000D9C  6FEE               	movwf	_beeper& (0+255),b	;volatile
  4282                           
  4283                           ; BSR set to: 0
  4284                           ;eep.h: 74: logo = readEEPROM(25)&0x01;
  4285  000D9E  0E19               	movlw	25
  4286  000DA0  EC3F  F011         	call	_readEEPROM
  4287  000DA4  0B01               	andlw	1
  4288  000DA6  0100               	movlb	0	; () banked
  4289  000DA8  6FED               	movwf	_logo& (0+255),b	;volatile
  4290                           
  4291                           ; BSR set to: 0
  4292  000DAA  0012               	return		;funcret
  4293  000DAC  FFFF               	dw	65535	; errata NOP
  4294  000DAE                     __end_of_EEsetupRead:
  4295                           	opt stack 0
  4296                           stkptr	equ	0xFFC
  4297                           tblptru	equ	0xFF8
  4298                           tblptrh	equ	0xFF7
  4299                           tblptrl	equ	0xFF6
  4300                           tablat	equ	0xFF5
  4301                           prodh	equ	0xFF4
  4302                           prodl	equ	0xFF3
  4303                           intcon	equ	0xFF2
  4304                           intcon2	equ	0xFF1
  4305                           postinc0	equ	0xFEE
  4306                           wreg	equ	0xFE8
  4307                           indf2	equ	0xFDF
  4308                           fsr2h	equ	0xFDA
  4309                           fsr2l	equ	0xFD9
  4310                           status	equ	0xFD8
  4311                           
  4312 ;; *************** function _sqrt *****************
  4313 ;; Defined at:
  4314 ;;		line 9 in file "C:\Program Files (x86)\Microchip\xc8\v2.00\pic\sources\c90\common\sprcsqrt.c"
  4315 ;; Parameters:    Size  Location     Type
  4316 ;;  a               3   30[COMRAM] void 
  4317 ;; Auto vars:     Size  Location     Type
  4318 ;;  x               3   43[COMRAM] void 
  4319 ;;  q               3   40[COMRAM] void 
  4320 ;;  z               3   36[COMRAM] void 
  4321 ;;  og              3    0        void 
  4322 ;;  i               1   39[COMRAM] unsigned char 
  4323 ;; Return value:  Size  Location     Type
  4324 ;;                  3   30[COMRAM] unsigned char 
  4325 ;; Registers used:
  4326 ;;		wreg, status,2, status,0, prodl, prodh, cstack
  4327 ;; Tracked objects:
  4328 ;;		On entry : 0/0
  4329 ;;		On exit  : 0/0
  4330 ;;		Unchanged: 0/0
  4331 ;; Data sizes:     COMRAM   BANK0   BANK1   BANK2   BANK3   BANK4   BANK5
  4332 ;;      Params:         3       0       0       0       0       0       0
  4333 ;;      Locals:        10       0       0       0       0       0       0
  4334 ;;      Temps:          3       0       0       0       0       0       0
  4335 ;;      Totals:        16       0       0       0       0       0       0
  4336 ;;Total ram usage:       16 bytes
  4337 ;; Hardware stack levels used:    1
  4338 ;; Hardware stack levels required when called:    6
  4339 ;; This function calls:
  4340 ;;		___ftge
  4341 ;;		___ftmul
  4342 ;;		___ftsub
  4343 ;; This function is called by:
  4344 ;;		_EEsetupRead
  4345 ;; This function uses a non-reentrant model
  4346 ;;
  4347                           
  4348                           	psect	text17
  4349  0011A2                     __ptext17:
  4350                           	opt stack 0
  4351  0011A2                     _sqrt:
  4352                           	opt stack 0
  4353  0011A2  FFFF               	dw	65535	; assembler added errata NOP
  4354                           
  4355                           ; BSR set to: 0
  4356                           ;incstack = 0
  4357  0011A4  6A13               	clrf	___ftge@ff1,c
  4358  0011A6  6A14               	clrf	___ftge@ff1+1,c
  4359  0011A8  6A15               	clrf	___ftge@ff1+2,c
  4360  0011AA  C01F  F016         	movff	sqrt@a,___ftge@ff2
  4361  0011AE  C020  F017         	movff	sqrt@a+1,___ftge@ff2+1
  4362  0011B2  C021  F018         	movff	sqrt@a+2,___ftge@ff2+2
  4363  0011B6  ECB5  F00E         	call	___ftge	;wreg free
  4364  0011BA  E304               	bnc	l1196
  4365  0011BC  6A1F               	clrf	?_sqrt,c
  4366  0011BE  6A20               	clrf	?_sqrt+1,c
  4367  0011C0  6A21               	clrf	?_sqrt+2,c
  4368  0011C2  D09A               	goto	l1198
  4369  0011C4                     l1196:
  4370  0011C4  C01F  F025         	movff	sqrt@a,sqrt@z
  4371  0011C8  C020  F026         	movff	sqrt@a+1,sqrt@z+1
  4372  0011CC  C021  F027         	movff	sqrt@a+2,sqrt@z+2
  4373  0011D0  0EC8               	movlw	200
  4374  0011D2  6E22               	movwf	??_sqrt& (0+255),c
  4375  0011D4  0E6E               	movlw	110
  4376  0011D6  6E23               	movwf	(??_sqrt+1)& (0+255),c
  4377  0011D8  0EBE               	movlw	190
  4378  0011DA  6E24               	movwf	(??_sqrt+2)& (0+255),c
  4379  0011DC  501F               	movf	sqrt@a,w,c
  4380  0011DE  5C22               	subwf	??_sqrt,w,c
  4381  0011E0  6E2C               	movwf	sqrt@x,c
  4382  0011E2  5020               	movf	sqrt@a+1,w,c
  4383  0011E4  5823               	subwfb	??_sqrt+1,w,c
  4384  0011E6  6E2D               	movwf	sqrt@x+1,c
  4385  0011E8  5021               	movf	sqrt@a+2,w,c
  4386  0011EA  5824               	subwfb	??_sqrt+2,w,c
  4387  0011EC  6E2E               	movwf	sqrt@x+2,c
  4388  0011EE  90D8               	bcf	status,0,c
  4389  0011F0  322E               	rrcf	sqrt@x+2,f,c
  4390  0011F2  322D               	rrcf	sqrt@x+1,f,c
  4391  0011F4  322C               	rrcf	sqrt@x,f,c
  4392  0011F6  80D8               	bsf	status,0,c
  4393  0011F8  0E80               	movlw	128
  4394  0011FA  5A26               	subwfb	sqrt@z+1,f,c
  4395  0011FC  0E00               	movlw	0
  4396  0011FE  5A27               	subwfb	sqrt@z+2,f,c
  4397  001200  0E04               	movlw	4
  4398  001202  6E28               	movwf	sqrt@i,c
  4399  001204                     l4196:
  4400  001204  FFFF               	dw	65535	; assembler added errata NOP
  4401  001206  C02C  F00D         	movff	sqrt@x,___ftmul@f1
  4402  00120A  C02D  F00E         	movff	sqrt@x+1,___ftmul@f1+1
  4403  00120E  C02E  F00F         	movff	sqrt@x+2,___ftmul@f1+2
  4404  001212  C025  F010         	movff	sqrt@z,___ftmul@f2
  4405  001216  C026  F011         	movff	sqrt@z+1,___ftmul@f2+1
  4406  00121A  C027  F012         	movff	sqrt@z+2,___ftmul@f2+2
  4407  00121E  EC91  F00A         	call	___ftmul	;wreg free
  4408  001222  C00D  F029         	movff	?___ftmul,sqrt@q
  4409  001226  C00E  F02A         	movff	?___ftmul+1,sqrt@q+1
  4410  00122A  C00F  F02B         	movff	?___ftmul+2,sqrt@q+2
  4411  00122E  C029  F00D         	movff	sqrt@q,___ftmul@f1
  4412  001232  C02A  F00E         	movff	sqrt@q+1,___ftmul@f1+1
  4413  001236  C02B  F00F         	movff	sqrt@q+2,___ftmul@f1+2
  4414  00123A  C02C  F010         	movff	sqrt@x,___ftmul@f2
  4415  00123E  C02D  F011         	movff	sqrt@x+1,___ftmul@f2+1
  4416  001242  C02E  F012         	movff	sqrt@x+2,___ftmul@f2+2
  4417  001246  EC91  F00A         	call	___ftmul	;wreg free
  4418  00124A  C00D  F029         	movff	?___ftmul,sqrt@q
  4419  00124E  C00E  F02A         	movff	?___ftmul+1,sqrt@q+1
  4420  001252  C00F  F02B         	movff	?___ftmul+2,sqrt@q+2
  4421  001256  C029  F00D         	movff	sqrt@q,___ftmul@f1
  4422  00125A  C02A  F00E         	movff	sqrt@q+1,___ftmul@f1+1
  4423  00125E  C02B  F00F         	movff	sqrt@q+2,___ftmul@f1+2
  4424  001262  C02C  F010         	movff	sqrt@x,___ftmul@f2
  4425  001266  C02D  F011         	movff	sqrt@x+1,___ftmul@f2+1
  4426  00126A  C02E  F012         	movff	sqrt@x+2,___ftmul@f2+2
  4427  00126E  EC91  F00A         	call	___ftmul	;wreg free
  4428  001272  C00D  F029         	movff	?___ftmul,sqrt@q
  4429  001276  C00E  F02A         	movff	?___ftmul+1,sqrt@q+1
  4430  00127A  C00F  F02B         	movff	?___ftmul+2,sqrt@q+2
  4431  00127E  C02C  F00D         	movff	sqrt@x,___ftmul@f1
  4432  001282  C02D  F00E         	movff	sqrt@x+1,___ftmul@f1+1
  4433  001286  C02E  F00F         	movff	sqrt@x+2,___ftmul@f1+2
  4434  00128A  6A10               	clrf	___ftmul@f2,c
  4435  00128C  0EC0               	movlw	192
  4436  00128E  6E11               	movwf	___ftmul@f2+1,c
  4437  001290  0E3F               	movlw	63
  4438  001292  6E12               	movwf	___ftmul@f2+2,c
  4439  001294  EC91  F00A         	call	___ftmul	;wreg free
  4440  001298  C00D  F02C         	movff	?___ftmul,sqrt@x
  4441  00129C  C00E  F02D         	movff	?___ftmul+1,sqrt@x+1
  4442  0012A0  C00F  F02E         	movff	?___ftmul+2,sqrt@x+2
  4443  0012A4  C02C  F019         	movff	sqrt@x,___ftsub@f1
  4444  0012A8  C02D  F01A         	movff	sqrt@x+1,___ftsub@f1+1
  4445  0012AC  C02E  F01B         	movff	sqrt@x+2,___ftsub@f1+2
  4446  0012B0  C029  F01C         	movff	sqrt@q,___ftsub@f2
  4447  0012B4  C02A  F01D         	movff	sqrt@q+1,___ftsub@f2+1
  4448  0012B8  C02B  F01E         	movff	sqrt@q+2,___ftsub@f2+2
  4449  0012BC  EC9F  F00F         	call	___ftsub	;wreg free
  4450  0012C0  C019  F02C         	movff	?___ftsub,sqrt@x
  4451  0012C4  C01A  F02D         	movff	?___ftsub+1,sqrt@x+1
  4452  0012C8  C01B  F02E         	movff	?___ftsub+2,sqrt@x+2
  4453  0012CC  2E28               	decfsz	sqrt@i,f,c
  4454  0012CE  D79A               	goto	l4196
  4455  0012D0  C02C  F00D         	movff	sqrt@x,___ftmul@f1
  4456  0012D4  C02D  F00E         	movff	sqrt@x+1,___ftmul@f1+1
  4457  0012D8  C02E  F00F         	movff	sqrt@x+2,___ftmul@f1+2
  4458  0012DC  C01F  F010         	movff	sqrt@a,___ftmul@f2
  4459  0012E0  C020  F011         	movff	sqrt@a+1,___ftmul@f2+1
  4460  0012E4  C021  F012         	movff	sqrt@a+2,___ftmul@f2+2
  4461  0012E8  EC91  F00A         	call	___ftmul	;wreg free
  4462  0012EC  C00D  F01F         	movff	?___ftmul,?_sqrt
  4463  0012F0  C00E  F020         	movff	?___ftmul+1,?_sqrt+1
  4464  0012F4  C00F  F021         	movff	?___ftmul+2,?_sqrt+2
  4465  0012F8                     l1198:
  4466  0012F8  FFFF               	dw	65535	; assembler added errata NOP
  4467  0012FA  0012               	return		;funcret
  4468  0012FC  FFFF               	dw	65535	; errata NOP
  4469  0012FE                     __end_of_sqrt:
  4470                           	opt stack 0
  4471                           stkptr	equ	0xFFC
  4472                           tblptru	equ	0xFF8
  4473                           tblptrh	equ	0xFF7
  4474                           tblptrl	equ	0xFF6
  4475                           tablat	equ	0xFF5
  4476                           prodh	equ	0xFF4
  4477                           prodl	equ	0xFF3
  4478                           intcon	equ	0xFF2
  4479                           intcon2	equ	0xFF1
  4480                           postinc0	equ	0xFEE
  4481                           wreg	equ	0xFE8
  4482                           indf2	equ	0xFDF
  4483                           fsr2h	equ	0xFDA
  4484                           fsr2l	equ	0xFD9
  4485                           status	equ	0xFD8
  4486                           
  4487 ;; *************** function ___ftsub *****************
  4488 ;; Defined at:
  4489 ;;		line 19 in file "C:\Program Files (x86)\Microchip\xc8\v2.00\pic\sources\c90\common\ftsub.c"
  4490 ;; Parameters:    Size  Location     Type
  4491 ;;  f1              3   24[COMRAM] float 
  4492 ;;  f2              3   27[COMRAM] float 
  4493 ;; Auto vars:     Size  Location     Type
  4494 ;;		None
  4495 ;; Return value:  Size  Location     Type
  4496 ;;                  3   24[COMRAM] float 
  4497 ;; Registers used:
  4498 ;;		wreg, status,2, status,0, cstack
  4499 ;; Tracked objects:
  4500 ;;		On entry : 0/0
  4501 ;;		On exit  : 0/0
  4502 ;;		Unchanged: 0/0
  4503 ;; Data sizes:     COMRAM   BANK0   BANK1   BANK2   BANK3   BANK4   BANK5
  4504 ;;      Params:         6       0       0       0       0       0       0
  4505 ;;      Locals:         0       0       0       0       0       0       0
  4506 ;;      Temps:          0       0       0       0       0       0       0
  4507 ;;      Totals:         6       0       0       0       0       0       0
  4508 ;;Total ram usage:        6 bytes
  4509 ;; Hardware stack levels used:    1
  4510 ;; Hardware stack levels required when called:    5
  4511 ;; This function calls:
  4512 ;;		___ftadd
  4513 ;; This function is called by:
  4514 ;;		_sqrt
  4515 ;; This function uses a non-reentrant model
  4516 ;;
  4517                           
  4518                           	psect	text18
  4519  001F3E                     __ptext18:
  4520                           	opt stack 0
  4521  001F3E                     ___ftsub:
  4522                           	opt stack 0
  4523  001F3E  FFFF               	dw	65535	; assembler added errata NOP
  4524                           
  4525                           ;incstack = 0
  4526  001F40  501C               	movf	___ftsub@f2,w,c
  4527  001F42  101D               	iorwf	___ftsub@f2+1,w,c
  4528  001F44  101E               	iorwf	___ftsub@f2+2,w,c
  4529  001F46  E002               	bz	l4174
  4530  001F48  0E80               	movlw	128
  4531  001F4A  1A1E               	xorwf	___ftsub@f2+2,f,c
  4532  001F4C                     l4174:
  4533  001F4C  C019  F00D         	movff	___ftsub@f1,___ftadd@f1
  4534  001F50  C01A  F00E         	movff	___ftsub@f1+1,___ftadd@f1+1
  4535  001F54  C01B  F00F         	movff	___ftsub@f1+2,___ftadd@f1+2
  4536  001F58  C01C  F010         	movff	___ftsub@f2,___ftadd@f2
  4537  001F5C  C01D  F011         	movff	___ftsub@f2+1,___ftadd@f2+1
  4538  001F60  C01E  F012         	movff	___ftsub@f2+2,___ftadd@f2+2
  4539  001F64  EC18  F008         	call	___ftadd	;wreg free
  4540  001F68  C00D  F019         	movff	?___ftadd,?___ftsub
  4541  001F6C  C00E  F01A         	movff	?___ftadd+1,?___ftsub+1
  4542  001F70  C00F  F01B         	movff	?___ftadd+2,?___ftsub+2
  4543  001F74  0012               	return		;funcret
  4544  001F76  FFFF               	dw	65535	; errata NOP
  4545  001F78                     __end_of___ftsub:
  4546                           	opt stack 0
  4547                           stkptr	equ	0xFFC
  4548                           tblptru	equ	0xFF8
  4549                           tblptrh	equ	0xFF7
  4550                           tblptrl	equ	0xFF6
  4551                           tablat	equ	0xFF5
  4552                           prodh	equ	0xFF4
  4553                           prodl	equ	0xFF3
  4554                           intcon	equ	0xFF2
  4555                           intcon2	equ	0xFF1
  4556                           postinc0	equ	0xFEE
  4557                           wreg	equ	0xFE8
  4558                           indf2	equ	0xFDF
  4559                           fsr2h	equ	0xFDA
  4560                           fsr2l	equ	0xFD9
  4561                           status	equ	0xFD8
  4562                           
  4563 ;; *************** function ___ftadd *****************
  4564 ;; Defined at:
  4565 ;;		line 86 in file "C:\Program Files (x86)\Microchip\xc8\v2.00\pic\sources\c90\common\ftadd.c"
  4566 ;; Parameters:    Size  Location     Type
  4567 ;;  f1              3   12[COMRAM] float 
  4568 ;;  f2              3   15[COMRAM] float 
  4569 ;; Auto vars:     Size  Location     Type
  4570 ;;  exp1            1   23[COMRAM] unsigned char 
  4571 ;;  exp2            1   22[COMRAM] unsigned char 
  4572 ;;  sign            1   21[COMRAM] unsigned char 
  4573 ;; Return value:  Size  Location     Type
  4574 ;;                  3   12[COMRAM] float 
  4575 ;; Registers used:
  4576 ;;		wreg, status,2, status,0, cstack
  4577 ;; Tracked objects:
  4578 ;;		On entry : 0/0
  4579 ;;		On exit  : 0/0
  4580 ;;		Unchanged: 0/0
  4581 ;; Data sizes:     COMRAM   BANK0   BANK1   BANK2   BANK3   BANK4   BANK5
  4582 ;;      Params:         6       0       0       0       0       0       0
  4583 ;;      Locals:         3       0       0       0       0       0       0
  4584 ;;      Temps:          3       0       0       0       0       0       0
  4585 ;;      Totals:        12       0       0       0       0       0       0
  4586 ;;Total ram usage:       12 bytes
  4587 ;; Hardware stack levels used:    1
  4588 ;; Hardware stack levels required when called:    4
  4589 ;; This function calls:
  4590 ;;		___ftpack
  4591 ;; This function is called by:
  4592 ;;		___ftsub
  4593 ;; This function uses a non-reentrant model
  4594 ;;
  4595                           
  4596                           	psect	text19
  4597  001030                     __ptext19:
  4598                           	opt stack 0
  4599  001030                     ___ftadd:
  4600                           	opt stack 0
  4601  001030  FFFF               	dw	65535	; assembler added errata NOP
  4602                           
  4603                           ;incstack = 0
  4604  001032  C00F  F013         	movff	___ftadd@f1+2,??___ftadd
  4605  001036  6A14               	clrf	(??___ftadd+1)& (0+255),c
  4606  001038  6A15               	clrf	(??___ftadd+2)& (0+255),c
  4607  00103A  340E               	rlcf	___ftadd@f1+1,w,c
  4608  00103C  3613               	rlcf	??___ftadd& (0+255),f,c
  4609  00103E  E301               	bnc	u4351
  4610  001040  8014               	bsf	(??___ftadd+1)& (0+255),0,c
  4611  001042                     u4351:
  4612  001042  5013               	movf	??___ftadd,w,c
  4613  001044  6E18               	movwf	___ftadd@exp1,c
  4614  001046  C012  F013         	movff	___ftadd@f2+2,??___ftadd
  4615  00104A  6A14               	clrf	(??___ftadd+1)& (0+255),c
  4616  00104C  6A15               	clrf	(??___ftadd+2)& (0+255),c
  4617  00104E  3411               	rlcf	___ftadd@f2+1,w,c
  4618  001050  3613               	rlcf	??___ftadd& (0+255),f,c
  4619  001052  E301               	bnc	u4361
  4620  001054  8014               	bsf	(??___ftadd+1)& (0+255),0,c
  4621  001056                     u4361:
  4622  001056  5013               	movf	??___ftadd,w,c
  4623  001058  6E17               	movwf	___ftadd@exp2,c
  4624  00105A  5018               	movf	___ftadd@exp1,w,c
  4625  00105C  E009               	bz	u4390
  4626  00105E  5017               	movf	___ftadd@exp2,w,c
  4627  001060  5C18               	subwf	___ftadd@exp1,w,c
  4628  001062  E20D               	bc	l4000
  4629  001064  5018               	movf	___ftadd@exp1,w,c
  4630  001066  5C17               	subwf	___ftadd@exp2,w,c
  4631  001068  6E13               	movwf	??___ftadd& (0+255),c
  4632  00106A  0E18               	movlw	24
  4633  00106C  6413               	cpfsgt	??___ftadd,c
  4634  00106E  D007               	goto	l4000
  4635  001070                     u4390:
  4636  001070  C010  F00D         	movff	___ftadd@f2,?___ftadd
  4637  001074  C011  F00E         	movff	___ftadd@f2+1,?___ftadd+1
  4638  001078  C012  F00F         	movff	___ftadd@f2+2,?___ftadd+2
  4639  00107C  D08F               	goto	l882
  4640  00107E                     l4000:
  4641  00107E  FFFF               	dw	65535	; assembler added errata NOP
  4642  001080  5017               	movf	___ftadd@exp2,w,c
  4643  001082  E009               	bz	u4420
  4644  001084  5018               	movf	___ftadd@exp1,w,c
  4645  001086  5C17               	subwf	___ftadd@exp2,w,c
  4646  001088  E20D               	bc	l4006
  4647  00108A  5017               	movf	___ftadd@exp2,w,c
  4648  00108C  5C18               	subwf	___ftadd@exp1,w,c
  4649  00108E  6E13               	movwf	??___ftadd& (0+255),c
  4650  001090  0E18               	movlw	24
  4651  001092  6413               	cpfsgt	??___ftadd,c
  4652  001094  D007               	goto	l4006
  4653  001096                     u4420:
  4654  001096  C00D  F00D         	movff	___ftadd@f1,?___ftadd
  4655  00109A  C00E  F00E         	movff	___ftadd@f1+1,?___ftadd+1
  4656  00109E  C00F  F00F         	movff	___ftadd@f1+2,?___ftadd+2
  4657  0010A2  D07C               	goto	l882
  4658  0010A4                     l4006:
  4659  0010A4  FFFF               	dw	65535	; assembler added errata NOP
  4660  0010A6  0E06               	movlw	6
  4661  0010A8  6E16               	movwf	___ftadd@sign,c
  4662  0010AA  BE0F               	btfsc	___ftadd@f1+2,7,c
  4663  0010AC  8E16               	bsf	___ftadd@sign,7,c
  4664  0010AE  BE12               	btfsc	___ftadd@f2+2,7,c
  4665  0010B0  8C16               	bsf	___ftadd@sign,6,c
  4666  0010B2  8E0E               	bsf	___ftadd@f1+1,7,c
  4667  0010B4  6A0F               	clrf	___ftadd@f1+2,c
  4668  0010B6  8E11               	bsf	___ftadd@f2+1,7,c
  4669  0010B8  6A12               	clrf	___ftadd@f2+2,c
  4670  0010BA  5017               	movf	___ftadd@exp2,w,c
  4671  0010BC  5C18               	subwf	___ftadd@exp1,w,c
  4672  0010BE  E21A               	bc	l4032
  4673  0010C0                     u4450:
  4674  0010C0  FFFF               	dw	65535	; assembler added errata NOP
  4675  0010C2  90D8               	bcf	status,0,c
  4676  0010C4  3610               	rlcf	___ftadd@f2,f,c
  4677  0010C6  3611               	rlcf	___ftadd@f2+1,f,c
  4678  0010C8  3612               	rlcf	___ftadd@f2+2,f,c
  4679  0010CA  0617               	decf	___ftadd@exp2,f,c
  4680  0010CC  5018               	movf	___ftadd@exp1,w,c
  4681  0010CE  1817               	xorwf	___ftadd@exp2,w,c
  4682  0010D0  E00D               	bz	l4030
  4683  0010D2  0616               	decf	___ftadd@sign,f,c
  4684  0010D4  C016  F013         	movff	___ftadd@sign,??___ftadd
  4685  0010D8  0E07               	movlw	7
  4686  0010DA  1613               	andwf	??___ftadd,f,c
  4687  0010DC  E007               	bz	l4030
  4688  0010DE  D7F0               	goto	u4450
  4689  0010E0                     l4028:
  4690  0010E0  FFFF               	dw	65535	; assembler added errata NOP
  4691  0010E2  90D8               	bcf	status,0,c
  4692  0010E4  320F               	rrcf	___ftadd@f1+2,f,c
  4693  0010E6  320E               	rrcf	___ftadd@f1+1,f,c
  4694  0010E8  320D               	rrcf	___ftadd@f1,f,c
  4695  0010EA  2A18               	incf	___ftadd@exp1,f,c
  4696  0010EC                     l4030:
  4697  0010EC  5017               	movf	___ftadd@exp2,w,c
  4698  0010EE  1818               	xorwf	___ftadd@exp1,w,c
  4699  0010F0  E01C               	bz	u4520
  4700  0010F2  D7F6               	goto	l4028
  4701  0010F4                     l4032:
  4702  0010F4  5018               	movf	___ftadd@exp1,w,c
  4703  0010F6  5C17               	subwf	___ftadd@exp2,w,c
  4704  0010F8  E218               	bc	u4520
  4705  0010FA                     u4490:
  4706  0010FA  FFFF               	dw	65535	; assembler added errata NOP
  4707  0010FC  90D8               	bcf	status,0,c
  4708  0010FE  360D               	rlcf	___ftadd@f1,f,c
  4709  001100  360E               	rlcf	___ftadd@f1+1,f,c
  4710  001102  360F               	rlcf	___ftadd@f1+2,f,c
  4711  001104  0618               	decf	___ftadd@exp1,f,c
  4712  001106  5018               	movf	___ftadd@exp1,w,c
  4713  001108  1817               	xorwf	___ftadd@exp2,w,c
  4714  00110A  E00C               	bz	l4042
  4715  00110C  0616               	decf	___ftadd@sign,f,c
  4716  00110E  C016  F013         	movff	___ftadd@sign,??___ftadd
  4717  001112  0E07               	movlw	7
  4718  001114  1613               	andwf	??___ftadd,f,c
  4719  001116  E006               	bz	l4042
  4720  001118  D7F0               	goto	u4490
  4721  00111A                     l4040:
  4722  00111A  90D8               	bcf	status,0,c
  4723  00111C  3212               	rrcf	___ftadd@f2+2,f,c
  4724  00111E  3211               	rrcf	___ftadd@f2+1,f,c
  4725  001120  3210               	rrcf	___ftadd@f2,f,c
  4726  001122  2A17               	incf	___ftadd@exp2,f,c
  4727  001124                     l4042:
  4728  001124  5017               	movf	___ftadd@exp2,w,c
  4729  001126  1818               	xorwf	___ftadd@exp1,w,c
  4730  001128  E1F8               	bnz	l4040
  4731  00112A                     u4520:
  4732  00112A  AE16               	btfss	___ftadd@sign,7,c
  4733  00112C  D007               	goto	l905
  4734  00112E  1E0D               	comf	___ftadd@f1,f,c
  4735  001130  1E0E               	comf	___ftadd@f1+1,f,c
  4736  001132  1E0F               	comf	___ftadd@f1+2,f,c
  4737  001134  2A0D               	incf	___ftadd@f1,f,c
  4738  001136  0E00               	movlw	0
  4739  001138  220E               	addwfc	___ftadd@f1+1,f,c
  4740  00113A  220F               	addwfc	___ftadd@f1+2,f,c
  4741  00113C                     l905:
  4742  00113C  FFFF               	dw	65535	; assembler added errata NOP
  4743  00113E  AC16               	btfss	___ftadd@sign,6,c
  4744  001140  D007               	goto	l906
  4745  001142  1E10               	comf	___ftadd@f2,f,c
  4746  001144  1E11               	comf	___ftadd@f2+1,f,c
  4747  001146  1E12               	comf	___ftadd@f2+2,f,c
  4748  001148  2A10               	incf	___ftadd@f2,f,c
  4749  00114A  0E00               	movlw	0
  4750  00114C  2211               	addwfc	___ftadd@f2+1,f,c
  4751  00114E  2212               	addwfc	___ftadd@f2+2,f,c
  4752  001150                     l906:
  4753  001150  FFFF               	dw	65535	; assembler added errata NOP
  4754  001152  6A16               	clrf	___ftadd@sign,c
  4755  001154  500D               	movf	___ftadd@f1,w,c
  4756  001156  2610               	addwf	___ftadd@f2,f,c
  4757  001158  500E               	movf	___ftadd@f1+1,w,c
  4758  00115A  2211               	addwfc	___ftadd@f2+1,f,c
  4759  00115C  500F               	movf	___ftadd@f1+2,w,c
  4760  00115E  2212               	addwfc	___ftadd@f2+2,f,c
  4761  001160  AE12               	btfss	___ftadd@f2+2,7,c
  4762  001162  D009               	goto	l4052
  4763  001164  1E10               	comf	___ftadd@f2,f,c
  4764  001166  1E11               	comf	___ftadd@f2+1,f,c
  4765  001168  1E12               	comf	___ftadd@f2+2,f,c
  4766  00116A  2A10               	incf	___ftadd@f2,f,c
  4767  00116C  0E00               	movlw	0
  4768  00116E  2211               	addwfc	___ftadd@f2+1,f,c
  4769  001170  2212               	addwfc	___ftadd@f2+2,f,c
  4770  001172  0E01               	movlw	1
  4771  001174  6E16               	movwf	___ftadd@sign,c
  4772  001176                     l4052:
  4773  001176  FFFF               	dw	65535	; assembler added errata NOP
  4774  001178  C010  F005         	movff	___ftadd@f2,___ftpack@arg
  4775  00117C  C011  F006         	movff	___ftadd@f2+1,___ftpack@arg+1
  4776  001180  C012  F007         	movff	___ftadd@f2+2,___ftpack@arg+2
  4777  001184  C018  F008         	movff	___ftadd@exp1,___ftpack@exp
  4778  001188  C016  F009         	movff	___ftadd@sign,___ftpack@sign
  4779  00118C  EC37  F00D         	call	___ftpack	;wreg free
  4780  001190  C005  F00D         	movff	?___ftpack,?___ftadd
  4781  001194  C006  F00E         	movff	?___ftpack+1,?___ftadd+1
  4782  001198  C007  F00F         	movff	?___ftpack+2,?___ftadd+2
  4783  00119C                     l882:
  4784  00119C  FFFF               	dw	65535	; assembler added errata NOP
  4785  00119E  0012               	return		;funcret
  4786  0011A0  FFFF               	dw	65535	; errata NOP
  4787  0011A2                     __end_of___ftadd:
  4788                           	opt stack 0
  4789                           stkptr	equ	0xFFC
  4790                           tblptru	equ	0xFF8
  4791                           tblptrh	equ	0xFF7
  4792                           tblptrl	equ	0xFF6
  4793                           tablat	equ	0xFF5
  4794                           prodh	equ	0xFF4
  4795                           prodl	equ	0xFF3
  4796                           intcon	equ	0xFF2
  4797                           intcon2	equ	0xFF1
  4798                           postinc0	equ	0xFEE
  4799                           wreg	equ	0xFE8
  4800                           indf2	equ	0xFDF
  4801                           fsr2h	equ	0xFDA
  4802                           fsr2l	equ	0xFD9
  4803                           status	equ	0xFD8
  4804                           
  4805 ;; *************** function ___ftmul *****************
  4806 ;; Defined at:
  4807 ;;		line 62 in file "C:\Program Files (x86)\Microchip\xc8\v2.00\pic\sources\c90\common\ftmul.c"
  4808 ;; Parameters:    Size  Location     Type
  4809 ;;  f1              3   12[COMRAM] float 
  4810 ;;  f2              3   15[COMRAM] float 
  4811 ;; Auto vars:     Size  Location     Type
  4812 ;;  f3_as_produc    3   23[COMRAM] unsigned um
  4813 ;;  sign            1   22[COMRAM] unsigned char 
  4814 ;;  exp             1   21[COMRAM] unsigned char 
  4815 ;;  cntr            1    0        unsigned char 
  4816 ;; Return value:  Size  Location     Type
  4817 ;;                  3   12[COMRAM] float 
  4818 ;; Registers used:
  4819 ;;		wreg, status,2, status,0, prodl, prodh, cstack
  4820 ;; Tracked objects:
  4821 ;;		On entry : 0/0
  4822 ;;		On exit  : 0/0
  4823 ;;		Unchanged: 0/0
  4824 ;; Data sizes:     COMRAM   BANK0   BANK1   BANK2   BANK3   BANK4   BANK5
  4825 ;;      Params:         6       0       0       0       0       0       0
  4826 ;;      Locals:         5       0       0       0       0       0       0
  4827 ;;      Temps:          3       0       0       0       0       0       0
  4828 ;;      Totals:        14       0       0       0       0       0       0
  4829 ;;Total ram usage:       14 bytes
  4830 ;; Hardware stack levels used:    1
  4831 ;; Hardware stack levels required when called:    4
  4832 ;; This function calls:
  4833 ;;		___ftpack
  4834 ;; This function is called by:
  4835 ;;		_sqrt
  4836 ;; This function uses a non-reentrant model
  4837 ;;
  4838                           
  4839                           	psect	text20
  4840  001522                     __ptext20:
  4841                           	opt stack 0
  4842  001522                     ___ftmul:
  4843                           	opt stack 0
  4844  001522  FFFF               	dw	65535	; assembler added errata NOP
  4845                           
  4846                           ;incstack = 0
  4847  001524  C00F  F013         	movff	___ftmul@f1+2,??___ftmul
  4848  001528  6A14               	clrf	(??___ftmul+1)& (0+255),c
  4849  00152A  6A15               	clrf	(??___ftmul+2)& (0+255),c
  4850  00152C  340E               	rlcf	___ftmul@f1+1,w,c
  4851  00152E  3613               	rlcf	??___ftmul& (0+255),f,c
  4852  001530  E301               	bnc	u4661
  4853  001532  8014               	bsf	(??___ftmul+1)& (0+255),0,c
  4854  001534                     u4661:
  4855  001534  5013               	movf	??___ftmul,w,c
  4856  001536  6E16               	movwf	___ftmul@exp,c
  4857  001538  5016               	movf	___ftmul@exp,w,c
  4858  00153A  E101               	bnz	l4136
  4859  00153C  D00C               	goto	u4690
  4860  00153E                     l4136:
  4861  00153E  C012  F013         	movff	___ftmul@f2+2,??___ftmul
  4862  001542  6A14               	clrf	(??___ftmul+1)& (0+255),c
  4863  001544  6A15               	clrf	(??___ftmul+2)& (0+255),c
  4864  001546  3411               	rlcf	___ftmul@f2+1,w,c
  4865  001548  3613               	rlcf	??___ftmul& (0+255),f,c
  4866  00154A  E301               	bnc	u4681
  4867  00154C  8014               	bsf	(??___ftmul+1)& (0+255),0,c
  4868  00154E                     u4681:
  4869  00154E  5013               	movf	??___ftmul,w,c
  4870  001550  6E17               	movwf	___ftmul@sign,c
  4871  001552  5017               	movf	___ftmul@sign,w,c
  4872  001554  E105               	bnz	l4140
  4873  001556                     u4690:
  4874  001556  FFFF               	dw	65535	; assembler added errata NOP
  4875  001558  6A0D               	clrf	?___ftmul,c
  4876  00155A  6A0E               	clrf	?___ftmul+1,c
  4877  00155C  6A0F               	clrf	?___ftmul+2,c
  4878  00155E  D04B               	goto	l928
  4879  001560                     l4140:
  4880  001560  5017               	movf	___ftmul@sign,w,c
  4881  001562  0F7B               	addlw	123
  4882  001564  2616               	addwf	___ftmul@exp,f,c
  4883  001566  C00F  F017         	movff	___ftmul@f1+2,___ftmul@sign
  4884  00156A  5012               	movf	___ftmul@f2+2,w,c
  4885  00156C  1A17               	xorwf	___ftmul@sign,f,c
  4886  00156E  0E80               	movlw	128
  4887  001570  1617               	andwf	___ftmul@sign,f,c
  4888  001572  8E0E               	bsf	___ftmul@f1+1,7,c
  4889  001574  8E11               	bsf	___ftmul@f2+1,7,c
  4890  001576  6A12               	clrf	___ftmul@f2+2,c
  4891  001578  6A0F               	clrf	___ftmul@f1+2,c
  4892  00157A  500D               	movf	___ftmul@f1,w,c
  4893  00157C  0210               	mulwf	___ftmul@f2,c
  4894  00157E  CFF4 FFF3          	movff	prodh,prodl
  4895  001582  6AF4               	clrf	prodh,c
  4896  001584  CFF3 F018          	movff	prodl,___ftmul@f3_as_product
  4897  001588  CFF4 F019          	movff	prodh,___ftmul@f3_as_product+1
  4898  00158C  6A1A               	clrf	___ftmul@f3_as_product+2,c
  4899  00158E  500D               	movf	___ftmul@f1,w,c
  4900  001590  0211               	mulwf	___ftmul@f2+1,c
  4901  001592  50F3               	movf	prodl,w,c
  4902  001594  2618               	addwf	___ftmul@f3_as_product,f,c
  4903  001596  50F4               	movf	prodh,w,c
  4904  001598  2219               	addwfc	___ftmul@f3_as_product+1,f,c
  4905  00159A  0E00               	movlw	0
  4906  00159C  221A               	addwfc	___ftmul@f3_as_product+2,f,c
  4907  00159E  500E               	movf	___ftmul@f1+1,w,c
  4908  0015A0  0210               	mulwf	___ftmul@f2,c
  4909  0015A2  50F3               	movf	prodl,w,c
  4910  0015A4  2618               	addwf	___ftmul@f3_as_product,f,c
  4911  0015A6  50F4               	movf	prodh,w,c
  4912  0015A8  2219               	addwfc	___ftmul@f3_as_product+1,f,c
  4913  0015AA  0E00               	movlw	0
  4914  0015AC  221A               	addwfc	___ftmul@f3_as_product+2,f,c
  4915  0015AE  500E               	movf	___ftmul@f1+1,w,c
  4916  0015B0  0211               	mulwf	___ftmul@f2+1,c
  4917  0015B2  50F3               	movf	prodl,w,c
  4918  0015B4  2619               	addwf	___ftmul@f3_as_product+1,f,c
  4919  0015B6  50F4               	movf	prodh,w,c
  4920  0015B8  221A               	addwfc	___ftmul@f3_as_product+2,f,c
  4921  0015BA  AE1A               	btfss	___ftmul@f3_as_product+2,7,c
  4922  0015BC  D005               	goto	l930
  4923  0015BE  90D8               	bcf	status,0,c
  4924  0015C0  321A               	rrcf	___ftmul@f3_as_product+2,f,c
  4925  0015C2  3219               	rrcf	___ftmul@f3_as_product+1,f,c
  4926  0015C4  3218               	rrcf	___ftmul@f3_as_product,f,c
  4927  0015C6  2A16               	incf	___ftmul@exp,f,c
  4928  0015C8                     l930:
  4929  0015C8  FFFF               	dw	65535	; assembler added errata NOP
  4930  0015CA  90D8               	bcf	status,0,c
  4931  0015CC  321A               	rrcf	___ftmul@f3_as_product+2,f,c
  4932  0015CE  3219               	rrcf	___ftmul@f3_as_product+1,f,c
  4933  0015D0  3218               	rrcf	___ftmul@f3_as_product,f,c
  4934  0015D2  C018  F005         	movff	___ftmul@f3_as_product,___ftpack@arg
  4935  0015D6  C019  F006         	movff	___ftmul@f3_as_product+1,___ftpack@arg+1
  4936  0015DA  C01A  F007         	movff	___ftmul@f3_as_product+2,___ftpack@arg+2
  4937  0015DE  C016  F008         	movff	___ftmul@exp,___ftpack@exp
  4938  0015E2  C017  F009         	movff	___ftmul@sign,___ftpack@sign
  4939  0015E6  EC37  F00D         	call	___ftpack	;wreg free
  4940  0015EA  C005  F00D         	movff	?___ftpack,?___ftmul
  4941  0015EE  C006  F00E         	movff	?___ftpack+1,?___ftmul+1
  4942  0015F2  C007  F00F         	movff	?___ftpack+2,?___ftmul+2
  4943  0015F6                     l928:
  4944  0015F6  FFFF               	dw	65535	; assembler added errata NOP
  4945  0015F8  0012               	return		;funcret
  4946  0015FA  FFFF               	dw	65535	; errata NOP
  4947  0015FC                     __end_of___ftmul:
  4948                           	opt stack 0
  4949                           stkptr	equ	0xFFC
  4950                           tblptru	equ	0xFF8
  4951                           tblptrh	equ	0xFF7
  4952                           tblptrl	equ	0xFF6
  4953                           tablat	equ	0xFF5
  4954                           prodh	equ	0xFF4
  4955                           prodl	equ	0xFF3
  4956                           intcon	equ	0xFF2
  4957                           intcon2	equ	0xFF1
  4958                           postinc0	equ	0xFEE
  4959                           wreg	equ	0xFE8
  4960                           indf2	equ	0xFDF
  4961                           fsr2h	equ	0xFDA
  4962                           fsr2l	equ	0xFD9
  4963                           status	equ	0xFD8
  4964                           
  4965 ;; *************** function _readEEPROM16 *****************
  4966 ;; Defined at:
  4967 ;;		line 32 in file "../eep.h"
  4968 ;; Parameters:    Size  Location     Type
  4969 ;;  addr            1    wreg     unsigned char 
  4970 ;; Auto vars:     Size  Location     Type
  4971 ;;  addr            1   12[COMRAM] unsigned char 
  4972 ;;  ee              2   10[COMRAM] unsigned int 
  4973 ;; Return value:  Size  Location     Type
  4974 ;;                  2    5[COMRAM] unsigned int 
  4975 ;; Registers used:
  4976 ;;		wreg, status,2, status,0, cstack
  4977 ;; Tracked objects:
  4978 ;;		On entry : 0/0
  4979 ;;		On exit  : 0/0
  4980 ;;		Unchanged: 0/0
  4981 ;; Data sizes:     COMRAM   BANK0   BANK1   BANK2   BANK3   BANK4   BANK5
  4982 ;;      Params:         2       0       0       0       0       0       0
  4983 ;;      Locals:         3       0       0       0       0       0       0
  4984 ;;      Temps:          3       0       0       0       0       0       0
  4985 ;;      Totals:         8       0       0       0       0       0       0
  4986 ;;Total ram usage:        8 bytes
  4987 ;; Hardware stack levels used:    1
  4988 ;; Hardware stack levels required when called:    4
  4989 ;; This function calls:
  4990 ;;		_readEEPROM
  4991 ;; This function is called by:
  4992 ;;		_EEsetupRead
  4993 ;; This function uses a non-reentrant model
  4994 ;;
  4995                           
  4996                           	psect	text21
  4997  002128                     __ptext21:
  4998                           	opt stack 0
  4999  002128                     _readEEPROM16:
  5000                           	opt stack 0
  5001  002128  FFFF               	dw	65535	; assembler added errata NOP
  5002                           
  5003                           ;incstack = 0
  5004                           ;readEEPROM16@addr stored from wreg
  5005  00212A  6E0D               	movwf	readEEPROM16@addr,c
  5006                           
  5007                           ;eep.h: 34: unsigned int ee;;eep.h: 35: ee = (unsigned int)(readEEPROM(addr)) | ((unsign
      +                          ed int)(readEEPROM(addr+1)) << 8);
  5008  00212C  500D               	movf	readEEPROM16@addr,w,c
  5009  00212E  EC3F  F011         	call	_readEEPROM
  5010  002132  6E08               	movwf	??_readEEPROM16& (0+255),c
  5011  002134  280D               	incf	readEEPROM16@addr,w,c
  5012  002136  EC3F  F011         	call	_readEEPROM
  5013  00213A  6E09               	movwf	(??_readEEPROM16+1)& (0+255),c
  5014  00213C  5008               	movf	??_readEEPROM16,w,c
  5015  00213E  6E0B               	movwf	readEEPROM16@ee,c
  5016  002140  C009  F00C         	movff	??_readEEPROM16+1,readEEPROM16@ee+1
  5017                           
  5018                           ;eep.h: 36: return(ee);
  5019  002144  C00B  F006         	movff	readEEPROM16@ee,?_readEEPROM16
  5020  002148  C00C  F007         	movff	readEEPROM16@ee+1,?_readEEPROM16+1
  5021  00214C  0012               	return		;funcret
  5022  00214E  FFFF               	dw	65535	; errata NOP
  5023  002150                     __end_of_readEEPROM16:
  5024                           	opt stack 0
  5025                           stkptr	equ	0xFFC
  5026                           tblptru	equ	0xFF8
  5027                           tblptrh	equ	0xFF7
  5028                           tblptrl	equ	0xFF6
  5029                           tablat	equ	0xFF5
  5030                           prodh	equ	0xFF4
  5031                           prodl	equ	0xFF3
  5032                           intcon	equ	0xFF2
  5033                           intcon2	equ	0xFF1
  5034                           postinc0	equ	0xFEE
  5035                           wreg	equ	0xFE8
  5036                           indf2	equ	0xFDF
  5037                           fsr2h	equ	0xFDA
  5038                           fsr2l	equ	0xFD9
  5039                           status	equ	0xFD8
  5040                           
  5041 ;; *************** function ___lltoft *****************
  5042 ;; Defined at:
  5043 ;;		line 35 in file "C:\Program Files (x86)\Microchip\xc8\v2.00\pic\sources\c90\common\lltoft.c"
  5044 ;; Parameters:    Size  Location     Type
  5045 ;;  c               4   12[COMRAM] unsigned long 
  5046 ;; Auto vars:     Size  Location     Type
  5047 ;;  exp             1   20[COMRAM] unsigned char 
  5048 ;; Return value:  Size  Location     Type
  5049 ;;                  3   12[COMRAM] float 
  5050 ;; Registers used:
  5051 ;;		wreg, status,2, status,0, cstack
  5052 ;; Tracked objects:
  5053 ;;		On entry : 3F/0
  5054 ;;		On exit  : 0/0
  5055 ;;		Unchanged: 0/0
  5056 ;; Data sizes:     COMRAM   BANK0   BANK1   BANK2   BANK3   BANK4   BANK5
  5057 ;;      Params:         4       0       0       0       0       0       0
  5058 ;;      Locals:         1       0       0       0       0       0       0
  5059 ;;      Temps:          4       0       0       0       0       0       0
  5060 ;;      Totals:         9       0       0       0       0       0       0
  5061 ;;Total ram usage:        9 bytes
  5062 ;; Hardware stack levels used:    1
  5063 ;; Hardware stack levels required when called:    4
  5064 ;; This function calls:
  5065 ;;		___ftpack
  5066 ;; This function is called by:
  5067 ;;		_EEsetupRead
  5068 ;; This function uses a non-reentrant model
  5069 ;;
  5070                           
  5071                           	psect	text22
  5072  001E74                     __ptext22:
  5073                           	opt stack 0
  5074  001E74                     ___lltoft:
  5075                           	opt stack 0
  5076  001E74  FFFF               	dw	65535	; assembler added errata NOP
  5077                           
  5078                           ; BSR set to: 0
  5079                           
  5080                           ;incstack = 0
  5081  001E76  0E8E               	movlw	142
  5082  001E78  6E15               	movwf	___lltoft@exp,c
  5083  001E7A  D006               	goto	l4274
  5084  001E7C                     l4272:
  5085                           
  5086                           ; BSR set to: 0
  5087  001E7C  90D8               	bcf	status,0,c
  5088  001E7E  3210               	rrcf	___lltoft@c+3,f,c
  5089  001E80  320F               	rrcf	___lltoft@c+2,f,c
  5090  001E82  320E               	rrcf	___lltoft@c+1,f,c
  5091  001E84  320D               	rrcf	___lltoft@c,f,c
  5092  001E86  2A15               	incf	___lltoft@exp,f,c
  5093  001E88                     l4274:
  5094  001E88  FFFF               	dw	65535	; assembler added errata NOP
  5095                           
  5096                           ; BSR set to: 0
  5097  001E8A  6A11               	clrf	??___lltoft& (0+255),c
  5098  001E8C  6A12               	clrf	(??___lltoft+1)& (0+255),c
  5099  001E8E  6A13               	clrf	(??___lltoft+2)& (0+255),c
  5100  001E90  5010               	movf	___lltoft@c+3,w,c
  5101  001E92  6E14               	movwf	(??___lltoft+3)& (0+255),c
  5102  001E94  5011               	movf	??___lltoft,w,c
  5103  001E96  1012               	iorwf	??___lltoft+1,w,c
  5104  001E98  1013               	iorwf	??___lltoft+2,w,c
  5105  001E9A  1014               	iorwf	??___lltoft+3,w,c
  5106  001E9C  E1EF               	bnz	l4272
  5107                           
  5108                           ; BSR set to: 0
  5109  001E9E  C00D  F005         	movff	___lltoft@c,___ftpack@arg
  5110  001EA2  C00E  F006         	movff	___lltoft@c+1,___ftpack@arg+1
  5111  001EA6  C00F  F007         	movff	___lltoft@c+2,___ftpack@arg+2
  5112  001EAA  C015  F008         	movff	___lltoft@exp,___ftpack@exp
  5113  001EAE  0E00               	movlw	0
  5114  001EB0  6E09               	movwf	___ftpack@sign,c
  5115  001EB2  EC37  F00D         	call	___ftpack	;wreg free
  5116  001EB6  C005  F00D         	movff	?___ftpack,?___lltoft
  5117  001EBA  C006  F00E         	movff	?___ftpack+1,?___lltoft+1
  5118  001EBE  C007  F00F         	movff	?___ftpack+2,?___lltoft+2
  5119  001EC2  0012               	return		;funcret
  5120  001EC4  FFFF               	dw	65535	; errata NOP
  5121  001EC6                     __end_of___lltoft:
  5122                           	opt stack 0
  5123                           stkptr	equ	0xFFC
  5124                           tblptru	equ	0xFF8
  5125                           tblptrh	equ	0xFF7
  5126                           tblptrl	equ	0xFF6
  5127                           tablat	equ	0xFF5
  5128                           prodh	equ	0xFF4
  5129                           prodl	equ	0xFF3
  5130                           intcon	equ	0xFF2
  5131                           intcon2	equ	0xFF1
  5132                           postinc0	equ	0xFEE
  5133                           wreg	equ	0xFE8
  5134                           indf2	equ	0xFDF
  5135                           fsr2h	equ	0xFDA
  5136                           fsr2l	equ	0xFD9
  5137                           status	equ	0xFD8
  5138                           
  5139 ;; *************** function ___fttol *****************
  5140 ;; Defined at:
  5141 ;;		line 44 in file "C:\Program Files (x86)\Microchip\xc8\v2.00\pic\sources\c90\common\fttol.c"
  5142 ;; Parameters:    Size  Location     Type
  5143 ;;  f1              3   46[COMRAM] float 
  5144 ;; Auto vars:     Size  Location     Type
  5145 ;;  lval            4   56[COMRAM] unsigned long 
  5146 ;;  exp1            1   60[COMRAM] unsigned char 
  5147 ;;  sign1           1   55[COMRAM] unsigned char 
  5148 ;; Return value:  Size  Location     Type
  5149 ;;                  4   46[COMRAM] long 
  5150 ;; Registers used:
  5151 ;;		wreg, status,2, status,0
  5152 ;; Tracked objects:
  5153 ;;		On entry : 0/0
  5154 ;;		On exit  : 0/0
  5155 ;;		Unchanged: 0/0
  5156 ;; Data sizes:     COMRAM   BANK0   BANK1   BANK2   BANK3   BANK4   BANK5
  5157 ;;      Params:         4       0       0       0       0       0       0
  5158 ;;      Locals:         6       0       0       0       0       0       0
  5159 ;;      Temps:          5       0       0       0       0       0       0
  5160 ;;      Totals:        15       0       0       0       0       0       0
  5161 ;;Total ram usage:       15 bytes
  5162 ;; Hardware stack levels used:    1
  5163 ;; Hardware stack levels required when called:    3
  5164 ;; This function calls:
  5165 ;;		Nothing
  5166 ;; This function is called by:
  5167 ;;		_EEsetupRead
  5168 ;; This function uses a non-reentrant model
  5169 ;;
  5170                           
  5171                           	psect	text23
  5172  0016CC                     __ptext23:
  5173                           	opt stack 0
  5174  0016CC                     ___fttol:
  5175                           	opt stack 0
  5176  0016CC  FFFF               	dw	65535	; assembler added errata NOP
  5177                           
  5178                           ;incstack = 0
  5179  0016CE  C031  F033         	movff	___fttol@f1+2,??___fttol
  5180  0016D2  6A34               	clrf	(??___fttol+1)& (0+255),c
  5181  0016D4  6A35               	clrf	(??___fttol+2)& (0+255),c
  5182  0016D6  3430               	rlcf	___fttol@f1+1,w,c
  5183  0016D8  3633               	rlcf	??___fttol& (0+255),f,c
  5184  0016DA  E301               	bnc	u4761
  5185  0016DC  8034               	bsf	(??___fttol+1)& (0+255),0,c
  5186  0016DE                     u4761:
  5187  0016DE  5033               	movf	??___fttol,w,c
  5188  0016E0  6E3D               	movwf	___fttol@exp1,c
  5189  0016E2  503D               	movf	___fttol@exp1,w,c
  5190  0016E4  E106               	bnz	l4234
  5191  0016E6                     u4770:
  5192  0016E6  FFFF               	dw	65535	; assembler added errata NOP
  5193  0016E8  6A2F               	clrf	?___fttol,c
  5194  0016EA  6A30               	clrf	?___fttol+1,c
  5195  0016EC  6A31               	clrf	?___fttol+2,c
  5196  0016EE  6A32               	clrf	?___fttol+3,c
  5197  0016F0  D050               	goto	l944
  5198  0016F2                     l4234:
  5199  0016F2  0E17               	movlw	23
  5200  0016F4  6E33               	movwf	??___fttol& (0+255),c
  5201  0016F6  C02F  F034         	movff	___fttol@f1,??___fttol+1
  5202  0016FA  C030  F035         	movff	___fttol@f1+1,??___fttol+2
  5203  0016FE  C031  F036         	movff	___fttol@f1+2,??___fttol+3
  5204  001702  2833               	incf	??___fttol,w,c
  5205  001704  6E37               	movwf	(??___fttol+4)& (0+255),c
  5206  001706  D005               	goto	u4780
  5207  001708                     u4785:
  5208  001708  FFFF               	dw	65535	; assembler added errata NOP
  5209  00170A  90D8               	bcf	status,0,c
  5210  00170C  3236               	rrcf	??___fttol+3,f,c
  5211  00170E  3235               	rrcf	??___fttol+2,f,c
  5212  001710  3234               	rrcf	??___fttol+1,f,c
  5213  001712                     u4780:
  5214  001712  FFFF               	dw	65535	; assembler added errata NOP
  5215  001714  2E37               	decfsz	(??___fttol+4)& (0+255),f,c
  5216  001716  D7F8               	goto	u4785
  5217  001718  5034               	movf	??___fttol+1,w,c
  5218  00171A  6E38               	movwf	___fttol@sign1,c
  5219  00171C  8E30               	bsf	___fttol@f1+1,7,c
  5220  00171E  6A31               	clrf	___fttol@f1+2,c
  5221  001720  502F               	movf	___fttol@f1,w,c
  5222  001722  6E39               	movwf	___fttol@lval,c
  5223  001724  5030               	movf	___fttol@f1+1,w,c
  5224  001726  6E3A               	movwf	___fttol@lval+1,c
  5225  001728  5031               	movf	___fttol@f1+2,w,c
  5226  00172A  6E3B               	movwf	___fttol@lval+2,c
  5227  00172C  6A3C               	clrf	___fttol@lval+3,c
  5228  00172E  0E8E               	movlw	142
  5229  001730  5E3D               	subwf	___fttol@exp1,f,c
  5230  001732  AE3D               	btfss	___fttol@exp1,7,c
  5231  001734  D00D               	goto	l4254
  5232  001736  503D               	movf	___fttol@exp1,w,c
  5233  001738  0A80               	xorlw	128
  5234  00173A  0F8F               	addlw	143
  5235  00173C  E3D4               	bnc	u4770
  5236  00173E                     l4250:
  5237  00173E  FFFF               	dw	65535	; assembler added errata NOP
  5238  001740  90D8               	bcf	status,0,c
  5239  001742  323C               	rrcf	___fttol@lval+3,f,c
  5240  001744  323B               	rrcf	___fttol@lval+2,f,c
  5241  001746  323A               	rrcf	___fttol@lval+1,f,c
  5242  001748  3239               	rrcf	___fttol@lval,f,c
  5243  00174A  3E3D               	incfsz	___fttol@exp1,f,c
  5244  00174C  D7F8               	goto	l4250
  5245  00174E  D00E               	goto	u4820
  5246  001750                     l4254:
  5247  001750  FFFF               	dw	65535	; assembler added errata NOP
  5248  001752  0E17               	movlw	23
  5249  001754  643D               	cpfsgt	___fttol@exp1,c
  5250  001756  D007               	goto	l4260
  5251  001758  D7C6               	goto	u4770
  5252  00175A                     l4258:
  5253  00175A  90D8               	bcf	status,0,c
  5254  00175C  3639               	rlcf	___fttol@lval,f,c
  5255  00175E  363A               	rlcf	___fttol@lval+1,f,c
  5256  001760  363B               	rlcf	___fttol@lval+2,f,c
  5257  001762  363C               	rlcf	___fttol@lval+3,f,c
  5258  001764  063D               	decf	___fttol@exp1,f,c
  5259  001766                     l4260:
  5260  001766  FFFF               	dw	65535	; assembler added errata NOP
  5261  001768  503D               	movf	___fttol@exp1,w,c
  5262  00176A  E1F7               	bnz	l4258
  5263  00176C                     u4820:
  5264  00176C  FFFF               	dw	65535	; assembler added errata NOP
  5265  00176E  5038               	movf	___fttol@sign1,w,c
  5266  001770  E008               	bz	l4266
  5267  001772  1E3C               	comf	___fttol@lval+3,f,c
  5268  001774  1E3B               	comf	___fttol@lval+2,f,c
  5269  001776  1E3A               	comf	___fttol@lval+1,f,c
  5270  001778  6C39               	negf	___fttol@lval,c
  5271  00177A  0E00               	movlw	0
  5272  00177C  223A               	addwfc	___fttol@lval+1,f,c
  5273  00177E  223B               	addwfc	___fttol@lval+2,f,c
  5274  001780  223C               	addwfc	___fttol@lval+3,f,c
  5275  001782                     l4266:
  5276  001782  C039  F02F         	movff	___fttol@lval,?___fttol
  5277  001786  C03A  F030         	movff	___fttol@lval+1,?___fttol+1
  5278  00178A  C03B  F031         	movff	___fttol@lval+2,?___fttol+2
  5279  00178E  C03C  F032         	movff	___fttol@lval+3,?___fttol+3
  5280  001792                     l944:
  5281  001792  FFFF               	dw	65535	; assembler added errata NOP
  5282  001794  0012               	return		;funcret
  5283  001796  FFFF               	dw	65535	; errata NOP
  5284  001798                     __end_of___fttol:
  5285                           	opt stack 0
  5286                           stkptr	equ	0xFFC
  5287                           tblptru	equ	0xFF8
  5288                           tblptrh	equ	0xFF7
  5289                           tblptrl	equ	0xFF6
  5290                           tablat	equ	0xFF5
  5291                           prodh	equ	0xFF4
  5292                           prodl	equ	0xFF3
  5293                           intcon	equ	0xFF2
  5294                           intcon2	equ	0xFF1
  5295                           postinc0	equ	0xFEE
  5296                           wreg	equ	0xFE8
  5297                           indf2	equ	0xFDF
  5298                           fsr2h	equ	0xFDA
  5299                           fsr2l	equ	0xFD9
  5300                           status	equ	0xFD8
  5301                           
  5302 ;; *************** function _EEmbandRead *****************
  5303 ;; Defined at:
  5304 ;;		line 77 in file "../eep.h"
  5305 ;; Parameters:    Size  Location     Type
  5306 ;;		None
  5307 ;; Auto vars:     Size  Location     Type
  5308 ;;		None
  5309 ;; Return value:  Size  Location     Type
  5310 ;;                  1    wreg      void 
  5311 ;; Registers used:
  5312 ;;		wreg, status,2, status,0, cstack
  5313 ;; Tracked objects:
  5314 ;;		On entry : 3F/0
  5315 ;;		On exit  : 0/0
  5316 ;;		Unchanged: 0/0
  5317 ;; Data sizes:     COMRAM   BANK0   BANK1   BANK2   BANK3   BANK4   BANK5
  5318 ;;      Params:         0       0       0       0       0       0       0
  5319 ;;      Locals:         0       0       0       0       0       0       0
  5320 ;;      Temps:          0       0       0       0       0       0       0
  5321 ;;      Totals:         0       0       0       0       0       0       0
  5322 ;;Total ram usage:        0 bytes
  5323 ;; Hardware stack levels used:    1
  5324 ;; Hardware stack levels required when called:    4
  5325 ;; This function calls:
  5326 ;;		_readEEPROM
  5327 ;; This function is called by:
  5328 ;;		_ReadStatusFromLCD
  5329 ;;		_main
  5330 ;; This function uses a non-reentrant model
  5331 ;;
  5332                           
  5333                           	psect	text24
  5334  00219E                     __ptext24:
  5335                           	opt stack 0
  5336  00219E                     _EEmbandRead:
  5337                           	opt stack 0
  5338  00219E  FFFF               	dw	65535	; assembler added errata NOP
  5339                           
  5340                           ; BSR set to: 0
  5341                           ;eep.h: 79: band = readEEPROM(26)&0x0F;
  5342                           
  5343                           ;incstack = 0
  5344  0021A0  0E1A               	movlw	26
  5345  0021A2  EC3F  F011         	call	_readEEPROM
  5346  0021A6  0B0F               	andlw	15
  5347  0021A8  6E57               	movwf	_band,c	;volatile
  5348                           
  5349                           ;eep.h: 80: aband = readEEPROM(27)&0x01;
  5350  0021AA  0E1B               	movlw	27
  5351  0021AC  EC3F  F011         	call	_readEEPROM
  5352  0021B0  0B01               	andlw	1
  5353  0021B2  0100               	movlb	0	; () banked
  5354  0021B4  6FF1               	movwf	_aband& (0+255),b	;volatile
  5355                           
  5356                           ;eep.h: 81: bypass = readEEPROM(28)&0x01;
  5357  0021B6  0E1C               	movlw	28
  5358  0021B8  EC3F  F011         	call	_readEEPROM
  5359  0021BC  0B01               	andlw	1
  5360  0021BE  6E58               	movwf	_bypass,c	;volatile
  5361  0021C0  0012               	return		;funcret
  5362  0021C2  FFFF               	dw	65535	; errata NOP
  5363  0021C4                     __end_of_EEmbandRead:
  5364                           	opt stack 0
  5365                           stkptr	equ	0xFFC
  5366                           tblptru	equ	0xFF8
  5367                           tblptrh	equ	0xFF7
  5368                           tblptrl	equ	0xFF6
  5369                           tablat	equ	0xFF5
  5370                           prodh	equ	0xFF4
  5371                           prodl	equ	0xFF3
  5372                           intcon	equ	0xFF2
  5373                           intcon2	equ	0xFF1
  5374                           postinc0	equ	0xFEE
  5375                           wreg	equ	0xFE8
  5376                           indf2	equ	0xFDF
  5377                           fsr2h	equ	0xFDA
  5378                           fsr2l	equ	0xFD9
  5379                           status	equ	0xFD8
  5380                           
  5381 ;; *************** function _readEEPROM *****************
  5382 ;; Defined at:
  5383 ;;		line 2 in file "../eep.h"
  5384 ;; Parameters:    Size  Location     Type
  5385 ;;  addr            1    wreg     unsigned char 
  5386 ;; Auto vars:     Size  Location     Type
  5387 ;;  addr            1    4[COMRAM] unsigned char 
  5388 ;; Return value:  Size  Location     Type
  5389 ;;                  1    wreg      unsigned char 
  5390 ;; Registers used:
  5391 ;;		wreg, status,2
  5392 ;; Tracked objects:
  5393 ;;		On entry : 0/0
  5394 ;;		On exit  : 0/0
  5395 ;;		Unchanged: 0/0
  5396 ;; Data sizes:     COMRAM   BANK0   BANK1   BANK2   BANK3   BANK4   BANK5
  5397 ;;      Params:         0       0       0       0       0       0       0
  5398 ;;      Locals:         1       0       0       0       0       0       0
  5399 ;;      Temps:          0       0       0       0       0       0       0
  5400 ;;      Totals:         1       0       0       0       0       0       0
  5401 ;;Total ram usage:        1 bytes
  5402 ;; Hardware stack levels used:    1
  5403 ;; Hardware stack levels required when called:    3
  5404 ;; This function calls:
  5405 ;;		Nothing
  5406 ;; This function is called by:
  5407 ;;		_readEEPROM16
  5408 ;;		_EEsetupRead
  5409 ;;		_EEmbandRead
  5410 ;; This function uses a non-reentrant model
  5411 ;;
  5412                           
  5413                           	psect	text25
  5414  00227E                     __ptext25:
  5415                           	opt stack 0
  5416  00227E                     _readEEPROM:
  5417                           	opt stack 0
  5418  00227E  FFFF               	dw	65535	; assembler added errata NOP
  5419                           
  5420                           ;incstack = 0
  5421                           ;readEEPROM@addr stored from wreg
  5422  002280  6E05               	movwf	readEEPROM@addr,c
  5423                           
  5424                           ;eep.h: 4: EECON1 = 0;
  5425  002282  6AA6               	clrf	4006,c	;volsfr
  5426                           
  5427                           ;eep.h: 5: EEADR = addr;
  5428  002284  C005  FFA9         	movff	readEEPROM@addr,4009	;volatile
  5429                           
  5430                           ;eep.h: 6: EECON1bits.RD = 1;
  5431  002288  80A6               	bsf	4006,0,c	;volsfr
  5432                           
  5433                           ;eep.h: 7: __nop();
  5434  00228A  F000               	nop	
  5435                           
  5436                           ;eep.h: 8: __nop();
  5437  00228C  F000               	nop	
  5438                           
  5439                           ;eep.h: 9: __nop();
  5440  00228E  F000               	nop	
  5441                           
  5442                           ;eep.h: 10: __nop();
  5443  002290  F000               	nop	
  5444                           
  5445                           ;eep.h: 11: return EEDATA;
  5446  002292  50A8               	movf	4008,w,c	;volatile
  5447  002294  0012               	return		;funcret
  5448  002296  FFFF               	dw	65535	; errata NOP
  5449  002298                     __end_of_readEEPROM:
  5450                           	opt stack 0
  5451                           stkptr	equ	0xFFC
  5452                           tblptru	equ	0xFF8
  5453                           tblptrh	equ	0xFF7
  5454                           tblptrl	equ	0xFF6
  5455                           tablat	equ	0xFF5
  5456                           prodh	equ	0xFF4
  5457                           prodl	equ	0xFF3
  5458                           intcon	equ	0xFF2
  5459                           intcon2	equ	0xFF1
  5460                           postinc0	equ	0xFEE
  5461                           wreg	equ	0xFE8
  5462                           indf2	equ	0xFDF
  5463                           fsr2h	equ	0xFDA
  5464                           fsr2l	equ	0xFD9
  5465                           status	equ	0xFD8
  5466                           
  5467 ;; *************** function _Beep *****************
  5468 ;; Defined at:
  5469 ;;		line 79 in file "../digital.h"
  5470 ;; Parameters:    Size  Location     Type
  5471 ;;		None
  5472 ;; Auto vars:     Size  Location     Type
  5473 ;;		None
  5474 ;; Return value:  Size  Location     Type
  5475 ;;                  1    wreg      void 
  5476 ;; Registers used:
  5477 ;;		wreg, status,2, status,0, cstack
  5478 ;; Tracked objects:
  5479 ;;		On entry : 0/0
  5480 ;;		On exit  : 0/0
  5481 ;;		Unchanged: 0/0
  5482 ;; Data sizes:     COMRAM   BANK0   BANK1   BANK2   BANK3   BANK4   BANK5
  5483 ;;      Params:         0       0       0       0       0       0       0
  5484 ;;      Locals:         0       0       0       0       0       0       0
  5485 ;;      Temps:          0       0       0       0       0       0       0
  5486 ;;      Totals:         0       0       0       0       0       0       0
  5487 ;;Total ram usage:        0 bytes
  5488 ;; Hardware stack levels used:    1
  5489 ;; Hardware stack levels required when called:    4
  5490 ;; This function calls:
  5491 ;;		_DelayMs
  5492 ;; This function is called by:
  5493 ;;		_ReadStatusFromLCD
  5494 ;;		_main
  5495 ;; This function uses a non-reentrant model
  5496 ;;
  5497                           
  5498                           	psect	text26
  5499  00222A                     __ptext26:
  5500                           	opt stack 0
  5501  00222A                     _Beep:
  5502                           	opt stack 0
  5503  00222A  FFFF               	dw	65535	; assembler added errata NOP
  5504                           
  5505                           ;digital.h: 81: if (!beeper) return;
  5506                           
  5507                           ;incstack = 0
  5508  00222C  0100               	movlb	0	; () banked
  5509  00222E  51EE               	movf	_beeper& (0+255),w,b	;volatile
  5510  002230  E008               	bz	l340
  5511                           
  5512                           ; BSR set to: 0
  5513                           ;digital.h: 82: LATCbits.LC5 = 1; DelayMs(100);
  5514  002232  8A8B               	bsf	3979,5,c	;volatile
  5515                           
  5516                           ; BSR set to: 0
  5517  002234  0E64               	movlw	100
  5518  002236  ECE2  F010         	call	_DelayMs
  5519                           
  5520                           ;digital.h: 83: LATCbits.LC5 = 0; DelayMs(100);
  5521  00223A  9A8B               	bcf	3979,5,c	;volatile
  5522  00223C  0E64               	movlw	100
  5523  00223E  ECE2  F010         	call	_DelayMs
  5524  002242                     l340:
  5525  002242  0012               	return		;funcret
  5526  002244  FFFF               	dw	65535	; errata NOP
  5527  002246                     __end_of_Beep:
  5528                           	opt stack 0
  5529                           stkptr	equ	0xFFC
  5530                           tblptru	equ	0xFF8
  5531                           tblptrh	equ	0xFF7
  5532                           tblptrl	equ	0xFF6
  5533                           tablat	equ	0xFF5
  5534                           prodh	equ	0xFF4
  5535                           prodl	equ	0xFF3
  5536                           intcon	equ	0xFF2
  5537                           intcon2	equ	0xFF1
  5538                           postinc0	equ	0xFEE
  5539                           wreg	equ	0xFE8
  5540                           indf2	equ	0xFDF
  5541                           fsr2h	equ	0xFDA
  5542                           fsr2l	equ	0xFD9
  5543                           status	equ	0xFD8
  5544                           
  5545 ;; *************** function _ProtectCheck *****************
  5546 ;; Defined at:
  5547 ;;		line 199 in file "../digital.h"
  5548 ;; Parameters:    Size  Location     Type
  5549 ;;		None
  5550 ;; Auto vars:     Size  Location     Type
  5551 ;;		None
  5552 ;; Return value:  Size  Location     Type
  5553 ;;                  1    wreg      void 
  5554 ;; Registers used:
  5555 ;;		wreg, status,2, status,0, cstack
  5556 ;; Tracked objects:
  5557 ;;		On entry : 3F/0
  5558 ;;		On exit  : 3F/0
  5559 ;;		Unchanged: 0/0
  5560 ;; Data sizes:     COMRAM   BANK0   BANK1   BANK2   BANK3   BANK4   BANK5
  5561 ;;      Params:         0       0       0       0       0       0       0
  5562 ;;      Locals:         0       0       0       0       0       0       0
  5563 ;;      Temps:          0       0       0       0       0       0       0
  5564 ;;      Totals:         0       0       0       0       0       0       0
  5565 ;;Total ram usage:        0 bytes
  5566 ;; Hardware stack levels used:    1
  5567 ;; Hardware stack levels required when called:    8
  5568 ;; This function calls:
  5569 ;;		_PTT_read
  5570 ;;		_SwitchOFF
  5571 ;; This function is called by:
  5572 ;;		_main
  5573 ;; This function uses a non-reentrant model
  5574 ;;
  5575                           
  5576                           	psect	text27
  5577  00143C                     __ptext27:
  5578                           	opt stack 0
  5579  00143C                     _ProtectCheck:
  5580                           	opt stack 0
  5581  00143C  FFFF               	dw	65535	; assembler added errata NOP
  5582                           
  5583                           ; BSR set to: 0
  5584                           
  5585                           ;incstack = 0
  5586  00143E  0004               	clrwdt		;# 
  5587                           
  5588                           ;digital.h: 207: if (frwd >= max_pwr) err |= 0x01;
  5589  001440  0100               	movlb	0	; () banked
  5590  001442  51E9               	movf	_max_pwr& (0+255),w,b	;volatile
  5591  001444  5C50               	subwf	_frwd,w,c	;volatile
  5592  001446  51EA               	movf	(_max_pwr+1)& (0+255),w,b	;volatile
  5593  001448  5851               	subwfb	_frwd+1,w,c	;volatile
  5594  00144A  E301               	bnc	l4334
  5595                           
  5596                           ; BSR set to: 0
  5597  00144C  8054               	bsf	_err,0,c	;volatile
  5598  00144E                     l4334:
  5599                           
  5600                           ; BSR set to: 0
  5601                           ;digital.h: 209: if (refl >= max_ref) err |= 0x02;
  5602  00144E  51E7               	movf	_max_ref& (0+255),w,b	;volatile
  5603  001450  5C4E               	subwf	_refl,w,c	;volatile
  5604  001452  51E8               	movf	(_max_ref+1)& (0+255),w,b	;volatile
  5605  001454  584F               	subwfb	_refl+1,w,c	;volatile
  5606  001456  E301               	bnc	l4338
  5607                           
  5608                           ; BSR set to: 0
  5609  001458  8254               	bsf	_err,1,c	;volatile
  5610  00145A                     l4338:
  5611                           
  5612                           ; BSR set to: 0
  5613                           ;digital.h: 211: if (curr >= max_curr) err |= 0x04;
  5614  00145A  51E3               	movf	_max_curr& (0+255),w,b	;volatile
  5615  00145C  5C4C               	subwf	_curr,w,c	;volatile
  5616  00145E  51E4               	movf	(_max_curr+1)& (0+255),w,b	;volatile
  5617  001460  584D               	subwfb	_curr+1,w,c	;volatile
  5618  001462  E301               	bnc	l4342
  5619                           
  5620                           ; BSR set to: 0
  5621  001464  8454               	bsf	_err,2,c	;volatile
  5622  001466                     l4342:
  5623                           
  5624                           ; BSR set to: 0
  5625                           ;digital.h: 213: if ((curr >= lpferrC) && (frwd <= lpferrP))
  5626  001466  51DB               	movf	_lpferrC& (0+255),w,b	;volatile
  5627  001468  5C4C               	subwf	_curr,w,c	;volatile
  5628  00146A  51DC               	movf	(_lpferrC+1)& (0+255),w,b	;volatile
  5629  00146C  584D               	subwfb	_curr+1,w,c	;volatile
  5630  00146E  E30E               	bnc	l403
  5631                           
  5632                           ; BSR set to: 0
  5633  001470  5050               	movf	_frwd,w,c	;volatile
  5634  001472  5DDD               	subwf	_lpferrP& (0+255),w,b	;volatile
  5635  001474  5051               	movf	_frwd+1,w,c	;volatile
  5636  001476  59DE               	subwfb	(_lpferrP+1)& (0+255),w,b	;volatile
  5637  001478  E309               	bnc	l403
  5638                           
  5639                           ; BSR set to: 0
  5640                           ;digital.h: 214: {;digital.h: 215: if (++elpf >= lpferrR) err |= 0x10;
  5641  00147A  4B6C               	infsnz	_elpf& (0+255),f,b	;volatile
  5642  00147C  2B6D               	incf	(_elpf+1)& (0+255),f,b	;volatile
  5643  00147E  51D9               	movf	_lpferrR& (0+255),w,b	;volatile
  5644  001480  5D6C               	subwf	_elpf& (0+255),w,b	;volatile
  5645  001482  51DA               	movf	(_lpferrR+1)& (0+255),w,b	;volatile
  5646  001484  596D               	subwfb	(_elpf+1)& (0+255),w,b	;volatile
  5647  001486  E304               	bnc	l4350
  5648                           
  5649                           ; BSR set to: 0
  5650  001488  8854               	bsf	_err,4,c	;volatile
  5651  00148A  D002               	goto	l4350
  5652  00148C                     l403:
  5653                           
  5654                           ; BSR set to: 0
  5655                           ;digital.h: 217: else elpf = 0;
  5656  00148C  6B6C               	clrf	_elpf& (0+255),b	;volatile
  5657  00148E  6B6D               	clrf	(_elpf+1)& (0+255),b	;volatile
  5658  001490                     l4350:
  5659  001490  FFFF               	dw	65535	; assembler added errata NOP
  5660                           
  5661                           ; BSR set to: 0
  5662                           ;digital.h: 219: if (temp >= max_temp) err |= 0x20;
  5663  001492  51E1               	movf	_max_temp& (0+255),w,b	;volatile
  5664  001494  5C4A               	subwf	_temp,w,c	;volatile
  5665  001496  51E2               	movf	(_max_temp+1)& (0+255),w,b	;volatile
  5666  001498  584B               	subwfb	_temp+1,w,c	;volatile
  5667  00149A  E301               	bnc	l4354
  5668                           
  5669                           ; BSR set to: 0
  5670  00149C  8A54               	bsf	_err,5,c	;volatile
  5671  00149E                     l4354:
  5672                           
  5673                           ; BSR set to: 0
  5674                           ;digital.h: 221: if (volt >= max_volt) err |= 0x40;
  5675  00149E  51E5               	movf	_max_volt& (0+255),w,b	;volatile
  5676  0014A0  5D82               	subwf	_volt& (0+255),w,b	;volatile
  5677  0014A2  51E6               	movf	(_max_volt+1)& (0+255),w,b	;volatile
  5678  0014A4  5983               	subwfb	(_volt+1)& (0+255),w,b	;volatile
  5679  0014A6  E301               	bnc	l4358
  5680                           
  5681                           ; BSR set to: 0
  5682  0014A8  8C54               	bsf	_err,6,c	;volatile
  5683  0014AA                     l4358:
  5684                           
  5685                           ; BSR set to: 0
  5686                           ;digital.h: 223: if (ptt_hold)
  5687  0014AA  51EB               	movf	_ptt_hold& (0+255),w,b	;volatile
  5688  0014AC  E004               	bz	l4364
  5689                           
  5690                           ; BSR set to: 0
  5691                           ;digital.h: 224: {;digital.h: 225: if (ptt_htimer >= ptt_hold) err |= 0x08;
  5692  0014AE  51EB               	movf	_ptt_hold& (0+255),w,b	;volatile
  5693  0014B0  5D88               	subwf	_ptt_htimer& (0+255),w,b	;volatile
  5694  0014B2  E301               	bnc	l4364
  5695                           
  5696                           ; BSR set to: 0
  5697  0014B4  8654               	bsf	_err,3,c	;volatile
  5698  0014B6                     l4364:
  5699                           
  5700                           ; BSR set to: 0
  5701                           ;digital.h: 226: };digital.h: 228: if (err)
  5702  0014B6  5054               	movf	_err,w,c	;volatile
  5703  0014B8  E02B               	bz	l410
  5704                           
  5705                           ; BSR set to: 0
  5706                           ;digital.h: 229: {;digital.h: 230: SwitchOFF();
  5707  0014BA  EC64  F011         	call	_SwitchOFF	;wreg free
  5708                           
  5709                           ; BSR set to: 0
  5710                           ;digital.h: 232: if (!beeper) return;
  5711  0014BE  51EE               	movf	_beeper& (0+255),w,b	;volatile
  5712  0014C0  E02D               	bz	l412
  5713                           
  5714                           ; BSR set to: 0
  5715                           ;digital.h: 233: if (err & 0x20) beepPer = 2500*10;
  5716  0014C2  AA54               	btfss	_err,5,c	;volatile
  5717  0014C4  D004               	goto	l4374
  5718                           
  5719                           ; BSR set to: 0
  5720  0014C6  0E61               	movlw	97
  5721  0014C8  6F65               	movwf	(ProtectCheck@beepPer+1)& (0+255),b
  5722  0014CA  0EA8               	movlw	168
  5723  0014CC  D004               	goto	L2
  5724  0014CE                     l4374:
  5725  0014CE  FFFF               	dw	65535	; assembler added errata NOP
  5726                           
  5727                           ; BSR set to: 0
  5728                           ;digital.h: 234: else beepPer = 2500;
  5729  0014D0  0E09               	movlw	9
  5730  0014D2  6F65               	movwf	(ProtectCheck@beepPer+1)& (0+255),b
  5731  0014D4  0EC4               	movlw	196
  5732  0014D6                     L2:
  5733  0014D6  FFFF               	dw	65535	; assembler added errata NOP
  5734  0014D8  6F64               	movwf	ProtectCheck@beepPer& (0+255),b
  5735                           
  5736                           ; BSR set to: 0
  5737                           ;digital.h: 236: if (bp == 0)
  5738  0014DA  5184               	movf	ProtectCheck@bp& (0+255),w,b
  5739  0014DC  E10B               	bnz	l415
  5740                           
  5741                           ; BSR set to: 0
  5742                           ;digital.h: 237: {;digital.h: 238: LATCbits.LC5 = 1;
  5743  0014DE  8A8B               	bsf	3979,5,c	;volatile
  5744                           
  5745                           ; BSR set to: 0
  5746                           ;digital.h: 239: if (++bpt >= 2500) {bp = 1; bpt = 0;}
  5747  0014E0  4B66               	infsnz	ProtectCheck@bpt& (0+255),f,b
  5748  0014E2  2B67               	incf	(ProtectCheck@bpt+1)& (0+255),f,b
  5749  0014E4  0EC4               	movlw	196
  5750  0014E6  5D66               	subwf	ProtectCheck@bpt& (0+255),w,b
  5751  0014E8  0E09               	movlw	9
  5752  0014EA  5967               	subwfb	(ProtectCheck@bpt+1)& (0+255),w,b
  5753  0014EC  E317               	bnc	l412
  5754                           
  5755                           ; BSR set to: 0
  5756  0014EE  0E01               	movlw	1
  5757  0014F0  6F84               	movwf	ProtectCheck@bp& (0+255),b
  5758  0014F2  D00A               	goto	L3
  5759  0014F4                     l415:
  5760                           
  5761                           ; BSR set to: 0
  5762                           ;digital.h: 241: else;digital.h: 242: {;digital.h: 243: LATCbits.LC5 = 0;
  5763  0014F4  9A8B               	bcf	3979,5,c	;volatile
  5764                           
  5765                           ; BSR set to: 0
  5766                           ;digital.h: 244: if (++bpt >= beepPer) {bp = 0; bpt = 0;}
  5767  0014F6  4B66               	infsnz	ProtectCheck@bpt& (0+255),f,b
  5768  0014F8  2B67               	incf	(ProtectCheck@bpt+1)& (0+255),f,b
  5769  0014FA  5164               	movf	ProtectCheck@beepPer& (0+255),w,b
  5770  0014FC  5D66               	subwf	ProtectCheck@bpt& (0+255),w,b
  5771  0014FE  5165               	movf	(ProtectCheck@beepPer+1)& (0+255),w,b
  5772  001500  5967               	subwfb	(ProtectCheck@bpt+1)& (0+255),w,b
  5773  001502  E30C               	bnc	l412
  5774  001504                     u5020:
  5775  001504  FFFF               	dw	65535	; assembler added errata NOP
  5776                           
  5777                           ; BSR set to: 0
  5778  001506  6B84               	clrf	ProtectCheck@bp& (0+255),b
  5779  001508                     L3:
  5780  001508  FFFF               	dw	65535	; assembler added errata NOP
  5781  00150A  6B66               	clrf	ProtectCheck@bpt& (0+255),b
  5782  00150C  6B67               	clrf	(ProtectCheck@bpt+1)& (0+255),b
  5783  00150E  D006               	goto	l412
  5784  001510                     l410:
  5785                           
  5786                           ; BSR set to: 0
  5787                           ;digital.h: 247: else;digital.h: 248: {;digital.h: 249: LATEbits.LE1 = 1;
  5788  001510  828D               	bsf	3981,1,c	;volatile
  5789                           
  5790                           ; BSR set to: 0
  5791                           ;digital.h: 250: PTT_read();
  5792  001512  EC23  F011         	call	_PTT_read	;wreg free
  5793                           
  5794                           ;digital.h: 252: LATCbits.LC5 = 0; bp = 0; bpt = 0;
  5795  001516  9A8B               	bcf	3979,5,c	;volatile
  5796  001518  0100               	movlb	0	; () banked
  5797  00151A  D7F4               	goto	u5020
  5798  00151C                     l412:
  5799  00151C  FFFF               	dw	65535	; assembler added errata NOP
  5800                           
  5801                           ; BSR set to: 0
  5802  00151E  0012               	return		;funcret
  5803  001520  FFFF               	dw	65535	; errata NOP
  5804  001522                     __end_of_ProtectCheck:
  5805                           	opt stack 0
  5806                           stkptr	equ	0xFFC
  5807                           tblptru	equ	0xFF8
  5808                           tblptrh	equ	0xFF7
  5809                           tblptrl	equ	0xFF6
  5810                           tablat	equ	0xFF5
  5811                           prodh	equ	0xFF4
  5812                           prodl	equ	0xFF3
  5813                           intcon	equ	0xFF2
  5814                           intcon2	equ	0xFF1
  5815                           postinc0	equ	0xFEE
  5816                           wreg	equ	0xFE8
  5817                           indf2	equ	0xFDF
  5818                           fsr2h	equ	0xFDA
  5819                           fsr2l	equ	0xFD9
  5820                           status	equ	0xFD8
  5821                           
  5822 ;; *************** function _SwitchOFF *****************
  5823 ;; Defined at:
  5824 ;;		line 86 in file "../digital.h"
  5825 ;; Parameters:    Size  Location     Type
  5826 ;;		None
  5827 ;; Auto vars:     Size  Location     Type
  5828 ;;		None
  5829 ;; Return value:  Size  Location     Type
  5830 ;;                  1    wreg      void 
  5831 ;; Registers used:
  5832 ;;		None
  5833 ;; Tracked objects:
  5834 ;;		On entry : 3F/0
  5835 ;;		On exit  : 3F/0
  5836 ;;		Unchanged: 3F/0
  5837 ;; Data sizes:     COMRAM   BANK0   BANK1   BANK2   BANK3   BANK4   BANK5
  5838 ;;      Params:         0       0       0       0       0       0       0
  5839 ;;      Locals:         0       0       0       0       0       0       0
  5840 ;;      Temps:          0       0       0       0       0       0       0
  5841 ;;      Totals:         0       0       0       0       0       0       0
  5842 ;;Total ram usage:        0 bytes
  5843 ;; Hardware stack levels used:    1
  5844 ;; Hardware stack levels required when called:    3
  5845 ;; This function calls:
  5846 ;;		Nothing
  5847 ;; This function is called by:
  5848 ;;		_ProtectCheck
  5849 ;;		_SetupMode
  5850 ;; This function uses a non-reentrant model
  5851 ;;
  5852                           
  5853                           	psect	text28
  5854  0022C8                     __ptext28:
  5855                           	opt stack 0
  5856  0022C8                     _SwitchOFF:
  5857                           	opt stack 0
  5858  0022C8  FFFF               	dw	65535	; assembler added errata NOP
  5859                           
  5860                           ; BSR set to: 0
  5861                           ;digital.h: 88: LATEbits.LE2 = 0;
  5862                           
  5863                           ; BSR set to: 0
  5864                           ;incstack = 0
  5865  0022CA  948D               	bcf	3981,2,c	;volatile
  5866                           
  5867                           ;digital.h: 89: LATEbits.LE1 = 0;
  5868  0022CC  928D               	bcf	3981,1,c	;volatile
  5869                           
  5870                           ;digital.h: 90: LATCbits.LC4 = 0;
  5871  0022CE  988B               	bcf	3979,4,c	;volatile
  5872                           
  5873                           ;digital.h: 91: LATBbits.LB3 = 0;
  5874  0022D0  968A               	bcf	3978,3,c	;volatile
  5875                           
  5876                           ;digital.h: 93: ptt = 0;
  5877  0022D2  6A56               	clrf	_ptt,c	;volatile
  5878                           
  5879                           ; BSR set to: 0
  5880  0022D4  0012               	return		;funcret
  5881  0022D6  FFFF               	dw	65535	; errata NOP
  5882  0022D8                     __end_of_SwitchOFF:
  5883                           	opt stack 0
  5884                           stkptr	equ	0xFFC
  5885                           tblptru	equ	0xFF8
  5886                           tblptrh	equ	0xFF7
  5887                           tblptrl	equ	0xFF6
  5888                           tablat	equ	0xFF5
  5889                           prodh	equ	0xFF4
  5890                           prodl	equ	0xFF3
  5891                           intcon	equ	0xFF2
  5892                           intcon2	equ	0xFF1
  5893                           postinc0	equ	0xFEE
  5894                           wreg	equ	0xFE8
  5895                           indf2	equ	0xFDF
  5896                           fsr2h	equ	0xFDA
  5897                           fsr2l	equ	0xFD9
  5898                           status	equ	0xFD8
  5899                           
  5900 ;; *************** function _PTT_read *****************
  5901 ;; Defined at:
  5902 ;;		line 125 in file "../digital.h"
  5903 ;; Parameters:    Size  Location     Type
  5904 ;;		None
  5905 ;; Auto vars:     Size  Location     Type
  5906 ;;		None
  5907 ;; Return value:  Size  Location     Type
  5908 ;;                  1    wreg      void 
  5909 ;; Registers used:
  5910 ;;		wreg, status,2, status,0, cstack
  5911 ;; Tracked objects:
  5912 ;;		On entry : 3F/0
  5913 ;;		On exit  : 0/0
  5914 ;;		Unchanged: 0/0
  5915 ;; Data sizes:     COMRAM   BANK0   BANK1   BANK2   BANK3   BANK4   BANK5
  5916 ;;      Params:         0       0       0       0       0       0       0
  5917 ;;      Locals:         0       0       0       0       0       0       0
  5918 ;;      Temps:          0       0       0       0       0       0       0
  5919 ;;      Totals:         0       0       0       0       0       0       0
  5920 ;;Total ram usage:        0 bytes
  5921 ;; Hardware stack levels used:    1
  5922 ;; Hardware stack levels required when called:    7
  5923 ;; This function calls:
  5924 ;;		_PTT_OFF
  5925 ;;		_PTT_ON
  5926 ;; This function is called by:
  5927 ;;		_ProtectCheck
  5928 ;; This function uses a non-reentrant model
  5929 ;;
  5930                           
  5931                           	psect	text29
  5932  002246                     __ptext29:
  5933                           	opt stack 0
  5934  002246                     _PTT_read:
  5935                           	opt stack 0
  5936  002246  FFFF               	dw	65535	; assembler added errata NOP
  5937                           
  5938                           ; BSR set to: 0
  5939                           ;digital.h: 127: if (bypass) return;
  5940                           
  5941                           ; BSR set to: 0
  5942                           ;incstack = 0
  5943  002248  5058               	movf	_bypass,w,c	;volatile
  5944  00224A  E108               	bnz	l357
  5945                           
  5946                           ; BSR set to: 0
  5947                           ;digital.h: 129: if (!PORTAbits.RA4) PTT_ON();
  5948  00224C  B880               	btfsc	3968,4,c	;volatile
  5949  00224E  D003               	goto	l4326
  5950                           
  5951                           ; BSR set to: 0
  5952  002250  EC3E  F010         	call	_PTT_ON	;wreg free
  5953  002254  D003               	goto	l357
  5954  002256                     l4326:
  5955  002256  FFFF               	dw	65535	; assembler added errata NOP
  5956                           
  5957                           ; BSR set to: 0
  5958                           ;digital.h: 130: else PTT_OFF();
  5959  002258  EC4C  F011         	call	_PTT_OFF	;wreg free
  5960  00225C                     l357:
  5961  00225C  FFFF               	dw	65535	; assembler added errata NOP
  5962  00225E  0012               	return		;funcret
  5963  002260  FFFF               	dw	65535	; errata NOP
  5964  002262                     __end_of_PTT_read:
  5965                           	opt stack 0
  5966                           stkptr	equ	0xFFC
  5967                           tblptru	equ	0xFF8
  5968                           tblptrh	equ	0xFF7
  5969                           tblptrl	equ	0xFF6
  5970                           tablat	equ	0xFF5
  5971                           prodh	equ	0xFF4
  5972                           prodl	equ	0xFF3
  5973                           intcon	equ	0xFF2
  5974                           intcon2	equ	0xFF1
  5975                           postinc0	equ	0xFEE
  5976                           wreg	equ	0xFE8
  5977                           indf2	equ	0xFDF
  5978                           fsr2h	equ	0xFDA
  5979                           fsr2l	equ	0xFD9
  5980                           status	equ	0xFD8
  5981                           
  5982 ;; *************** function _PTT_ON *****************
  5983 ;; Defined at:
  5984 ;;		line 96 in file "../digital.h"
  5985 ;; Parameters:    Size  Location     Type
  5986 ;;		None
  5987 ;; Auto vars:     Size  Location     Type
  5988 ;;		None
  5989 ;; Return value:  Size  Location     Type
  5990 ;;                  1    wreg      void 
  5991 ;; Registers used:
  5992 ;;		wreg, status,2, status,0, cstack
  5993 ;; Tracked objects:
  5994 ;;		On entry : 3F/0
  5995 ;;		On exit  : 0/0
  5996 ;;		Unchanged: 0/0
  5997 ;; Data sizes:     COMRAM   BANK0   BANK1   BANK2   BANK3   BANK4   BANK5
  5998 ;;      Params:         0       0       0       0       0       0       0
  5999 ;;      Locals:         0       0       0       0       0       0       0
  6000 ;;      Temps:          0       0       0       0       0       0       0
  6001 ;;      Totals:         0       0       0       0       0       0       0
  6002 ;;Total ram usage:        0 bytes
  6003 ;; Hardware stack levels used:    1
  6004 ;; Hardware stack levels required when called:    6
  6005 ;; This function calls:
  6006 ;;		_DelayMs
  6007 ;;		_FreqMeasure
  6008 ;; This function is called by:
  6009 ;;		_PTT_read
  6010 ;; This function uses a non-reentrant model
  6011 ;;
  6012                           
  6013                           	psect	text30
  6014  00207C                     __ptext30:
  6015                           	opt stack 0
  6016  00207C                     _PTT_ON:
  6017                           	opt stack 0
  6018  00207C  FFFF               	dw	65535	; assembler added errata NOP
  6019                           
  6020                           ; BSR set to: 0
  6021                           ;digital.h: 98: if (ptt == 1) return;
  6022                           
  6023                           ;incstack = 0
  6024  00207E  0456               	decf	_ptt,w,c	;volatile
  6025  002080  E012               	bz	l347
  6026                           
  6027                           ; BSR set to: 0
  6028                           ;digital.h: 99: ptt = 1;
  6029  002082  0E01               	movlw	1
  6030  002084  6E56               	movwf	_ptt,c	;volatile
  6031                           
  6032                           ; BSR set to: 0
  6033                           ;digital.h: 101: LATBbits.LB3 = 1;
  6034  002086  868A               	bsf	3978,3,c	;volatile
  6035                           
  6036                           ; BSR set to: 0
  6037                           ;digital.h: 102: LATCbits.LC4 = 1;
  6038  002088  888B               	bsf	3979,4,c	;volatile
  6039                           
  6040                           ;digital.h: 104: if (aband)
  6041  00208A  51F1               	movf	_aband& (0+255),w,b	;volatile
  6042  00208C  E007               	bz	l4226
  6043                           
  6044                           ; BSR set to: 0
  6045                           ;digital.h: 105: {;digital.h: 106: DelayMs(reldel);
  6046  00208E  51F4               	movf	_reldel& (0+255),w,b	;volatile
  6047  002090  ECE2  F010         	call	_DelayMs
  6048                           
  6049                           ;digital.h: 107: if (!FreqMeasure()) return;
  6050  002094  EC87  F00C         	call	_FreqMeasure	;wreg free
  6051  002098  0900               	iorlw	0
  6052  00209A  E005               	bz	l347
  6053  00209C                     l4226:
  6054                           
  6055                           ;digital.h: 108: };digital.h: 109: DelayMs(biasdel);
  6056  00209C  0100               	movlb	0	; () banked
  6057  00209E  51F3               	movf	_biasdel& (0+255),w,b	;volatile
  6058  0020A0  ECE2  F010         	call	_DelayMs
  6059                           
  6060                           ;digital.h: 110: LATEbits.LE2 = 1;
  6061  0020A4  848D               	bsf	3981,2,c	;volatile
  6062  0020A6                     l347:
  6063  0020A6  0012               	return		;funcret
  6064  0020A8  FFFF               	dw	65535	; errata NOP
  6065  0020AA                     __end_of_PTT_ON:
  6066                           	opt stack 0
  6067                           stkptr	equ	0xFFC
  6068                           tblptru	equ	0xFF8
  6069                           tblptrh	equ	0xFF7
  6070                           tblptrl	equ	0xFF6
  6071                           tablat	equ	0xFF5
  6072                           prodh	equ	0xFF4
  6073                           prodl	equ	0xFF3
  6074                           intcon	equ	0xFF2
  6075                           intcon2	equ	0xFF1
  6076                           postinc0	equ	0xFEE
  6077                           wreg	equ	0xFE8
  6078                           indf2	equ	0xFDF
  6079                           fsr2h	equ	0xFDA
  6080                           fsr2l	equ	0xFD9
  6081                           status	equ	0xFD8
  6082                           
  6083 ;; *************** function _FreqMeasure *****************
  6084 ;; Defined at:
  6085 ;;		line 19 in file "../digital.h"
  6086 ;; Parameters:    Size  Location     Type
  6087 ;;		None
  6088 ;; Auto vars:     Size  Location     Type
  6089 ;;  tmr             2   29[COMRAM] unsigned int 
  6090 ;;  err             1   28[COMRAM] unsigned char 
  6091 ;;  jj              1   27[COMRAM] unsigned char 
  6092 ;; Return value:  Size  Location     Type
  6093 ;;                  1    wreg      unsigned char 
  6094 ;; Registers used:
  6095 ;;		wreg, status,2, status,0, cstack
  6096 ;; Tracked objects:
  6097 ;;		On entry : 0/0
  6098 ;;		On exit  : 0/0
  6099 ;;		Unchanged: 0/0
  6100 ;; Data sizes:     COMRAM   BANK0   BANK1   BANK2   BANK3   BANK4   BANK5
  6101 ;;      Params:         0       0       0       0       0       0       0
  6102 ;;      Locals:         4       0       0       0       0       0       0
  6103 ;;      Temps:          0       0       0       0       0       0       0
  6104 ;;      Totals:         4       0       0       0       0       0       0
  6105 ;;Total ram usage:        4 bytes
  6106 ;; Hardware stack levels used:    1
  6107 ;; Hardware stack levels required when called:    5
  6108 ;; This function calls:
  6109 ;;		_BandDecode
  6110 ;;		___ftge
  6111 ;;		___lwtoft
  6112 ;;		_fabs
  6113 ;; This function is called by:
  6114 ;;		_PTT_ON
  6115 ;; This function uses a non-reentrant model
  6116 ;;
  6117                           
  6118                           	psect	text31
  6119  00190E                     __ptext31:
  6120                           	opt stack 0
  6121  00190E                     _FreqMeasure:
  6122                           	opt stack 0
  6123  00190E  FFFF               	dw	65535	; assembler added errata NOP
  6124                           
  6125                           ;digital.h: 21: unsigned char jj, err;;digital.h: 22: unsigned int tmr;;digital.h: 24: w
      +                          hile(!PORTAbits.RA4)
  6126                           
  6127                           ;incstack = 0
  6128  001910  D050               	goto	l313
  6129  001912                     l314:
  6130  001912  FFFF               	dw	65535	; assembler added errata NOP
  6131  001914  0004               	clrwdt		;# 
  6132                           
  6133                           ;digital.h: 27: if (PORTCbits.RC0)
  6134  001916  A082               	btfss	3970,0,c	;volatile
  6135  001918  D04C               	goto	l313
  6136                           
  6137                           ;digital.h: 28: {;digital.h: 29: freq = 0; err = 0;
  6138  00191A  6A48               	clrf	_freq,c	;volatile
  6139  00191C  6A49               	clrf	_freq+1,c	;volatile
  6140  00191E  6A1D               	clrf	FreqMeasure@err,c
  6141                           
  6142                           ;digital.h: 30: jj = 30;
  6143  001920  0E1E               	movlw	30
  6144  001922  6E1C               	movwf	FreqMeasure@jj,c
  6145                           
  6146                           ;digital.h: 32: INTCONbits.GIE = 0;
  6147  001924  9EF2               	bcf	intcon,7,c	;volatile
  6148                           
  6149                           ;digital.h: 33: while(jj--)
  6150  001926  D034               	goto	l4116
  6151  001928                     l317:
  6152                           
  6153                           ;digital.h: 34: {;digital.h: 35: TMR1H = 0;
  6154  001928  6ACF               	clrf	4047,c	;volatile
  6155                           
  6156                           ;digital.h: 36: PIR1bits.TMR1IF = 0;
  6157  00192A  909E               	bcf	3998,0,c	;volatile
  6158                           
  6159                           ;digital.h: 37: TMR1L = 0;
  6160  00192C  6ACE               	clrf	4046,c	;volatile
  6161                           
  6162                           ;digital.h: 39: _delay((unsigned long)((100)*(40000000/4000000.0)));
  6163  00192E  0EC8               	movlw	200
  6164  001930                     u5197:
  6165  001930  FFFF               	dw	65535	; errata NOP
  6166  001932  F000               	nop	
  6167  001934  2EE8               	decfsz	wreg,f,c
  6168  001936  D7FC               	bra	u5197
  6169                           
  6170                           ;digital.h: 40: tmr = (TMR1);
  6171  001938  CFCE F01E          	movff	4046,FreqMeasure@tmr	;volatile
  6172  00193C  CFCF F01F          	movff	4047,FreqMeasure@tmr+1	;volatile
  6173                           
  6174                           ;digital.h: 42: if (fabs(freq - tmr) >= 100) err++;
  6175  001940  501E               	movf	FreqMeasure@tmr,w,c
  6176  001942  5C48               	subwf	_freq,w,c	;volatile
  6177  001944  6E0D               	movwf	___lwtoft@c,c
  6178  001946  501F               	movf	FreqMeasure@tmr+1,w,c
  6179  001948  5849               	subwfb	_freq+1,w,c	;volatile
  6180  00194A  6E0E               	movwf	___lwtoft@c+1,c
  6181  00194C  ECA8  F010         	call	___lwtoft	;wreg free
  6182  001950  C00D  F010         	movff	?___lwtoft,fabs@d
  6183  001954  C00E  F011         	movff	?___lwtoft+1,fabs@d+1
  6184  001958  C00F  F012         	movff	?___lwtoft+2,fabs@d+2
  6185  00195C  ECBC  F00F         	call	_fabs	;wreg free
  6186  001960  C010  F013         	movff	?_fabs,___ftge@ff1
  6187  001964  C011  F014         	movff	?_fabs+1,___ftge@ff1+1
  6188  001968  C012  F015         	movff	?_fabs+2,___ftge@ff1+2
  6189  00196C  6A16               	clrf	___ftge@ff2,c
  6190  00196E  0EC8               	movlw	200
  6191  001970  6E17               	movwf	___ftge@ff2+1,c
  6192  001972  0E42               	movlw	66
  6193  001974  6E18               	movwf	___ftge@ff2+2,c
  6194  001976  ECB5  F00E         	call	___ftge	;wreg free
  6195  00197A  E301               	bnc	l4112
  6196  00197C  2A1D               	incf	FreqMeasure@err,f,c
  6197  00197E                     l4112:
  6198                           
  6199                           ;digital.h: 43: if (tmr > freq) freq = tmr;
  6200  00197E  501E               	movf	FreqMeasure@tmr,w,c
  6201  001980  5C48               	subwf	_freq,w,c	;volatile
  6202  001982  501F               	movf	FreqMeasure@tmr+1,w,c
  6203  001984  5849               	subwfb	_freq+1,w,c	;volatile
  6204  001986  E204               	bc	l4116
  6205  001988  C01E  F048         	movff	FreqMeasure@tmr,_freq	;volatile
  6206  00198C  C01F  F049         	movff	FreqMeasure@tmr+1,_freq+1	;volatile
  6207  001990                     l4116:
  6208  001990  FFFF               	dw	65535	; assembler added errata NOP
  6209  001992  061C               	decf	FreqMeasure@jj,f,c
  6210  001994  281C               	incf	FreqMeasure@jj,w,c
  6211  001996  E1C8               	bnz	l317
  6212                           
  6213                           ;digital.h: 44: };digital.h: 45: INTCONbits.GIE = 1;
  6214  001998  8EF2               	bsf	intcon,7,c	;volatile
  6215                           
  6216                           ;digital.h: 46: if (err < 9)
  6217  00199A  0E09               	movlw	9
  6218  00199C  601D               	cpfslt	FreqMeasure@err,c
  6219  00199E  D009               	goto	l313
  6220                           
  6221                           ;digital.h: 47: {;digital.h: 49: if (freq >= 100)
  6222  0019A0  5049               	movf	_freq+1,w,c	;volatile
  6223  0019A2  E103               	bnz	u4640
  6224  0019A4  0E64               	movlw	100
  6225  0019A6  5C48               	subwf	_freq,w,c	;volatile
  6226  0019A8  E304               	bnc	l313
  6227  0019AA                     u4640:
  6228                           
  6229                           ;digital.h: 50: {;digital.h: 51: BandDecode();
  6230  0019AA  EC82  F00E         	call	_BandDecode	;wreg free
  6231                           
  6232                           ;digital.h: 52: return(1);
  6233  0019AE  0E01               	movlw	1
  6234  0019B0  D004               	goto	l323
  6235  0019B2                     l313:
  6236  0019B2  FFFF               	dw	65535	; assembler added errata NOP
  6237  0019B4  A880               	btfss	3968,4,c	;volatile
  6238  0019B6  D7AD               	goto	l314
  6239                           
  6240                           ;digital.h: 53: };digital.h: 54: };digital.h: 55: };digital.h: 56: };digital.h: 57: retu
      +                          rn(0);
  6241  0019B8  0E00               	movlw	0
  6242  0019BA                     l323:
  6243  0019BA  FFFF               	dw	65535	; assembler added errata NOP
  6244  0019BC  0012               	return		;funcret
  6245  0019BE  FFFF               	dw	65535	; errata NOP
  6246  0019C0                     __end_of_FreqMeasure:
  6247                           	opt stack 0
  6248                           stkptr	equ	0xFFC
  6249                           tblptru	equ	0xFF8
  6250                           tblptrh	equ	0xFF7
  6251                           tblptrl	equ	0xFF6
  6252                           tablat	equ	0xFF5
  6253                           prodh	equ	0xFF4
  6254                           prodl	equ	0xFF3
  6255                           intcon	equ	0xFF2
  6256                           intcon2	equ	0xFF1
  6257                           postinc0	equ	0xFEE
  6258                           wreg	equ	0xFE8
  6259                           indf2	equ	0xFDF
  6260                           fsr2h	equ	0xFDA
  6261                           fsr2l	equ	0xFD9
  6262                           status	equ	0xFD8
  6263                           
  6264 ;; *************** function _fabs *****************
  6265 ;; Defined at:
  6266 ;;		line 4 in file "C:\Program Files (x86)\Microchip\xc8\v2.00\pic\sources\c90\common\fabs.c"
  6267 ;; Parameters:    Size  Location     Type
  6268 ;;  d               3   15[COMRAM] unsigned char 
  6269 ;; Auto vars:     Size  Location     Type
  6270 ;;		None
  6271 ;; Return value:  Size  Location     Type
  6272 ;;                  3   15[COMRAM] unsigned char 
  6273 ;; Registers used:
  6274 ;;		wreg, status,2, status,0, cstack
  6275 ;; Tracked objects:
  6276 ;;		On entry : 0/0
  6277 ;;		On exit  : 0/0
  6278 ;;		Unchanged: 0/0
  6279 ;; Data sizes:     COMRAM   BANK0   BANK1   BANK2   BANK3   BANK4   BANK5
  6280 ;;      Params:         3       0       0       0       0       0       0
  6281 ;;      Locals:         0       0       0       0       0       0       0
  6282 ;;      Temps:          0       0       0       0       0       0       0
  6283 ;;      Totals:         3       0       0       0       0       0       0
  6284 ;;Total ram usage:        3 bytes
  6285 ;; Hardware stack levels used:    1
  6286 ;; Hardware stack levels required when called:    4
  6287 ;; This function calls:
  6288 ;;		___ftneg
  6289 ;; This function is called by:
  6290 ;;		_FreqMeasure
  6291 ;; This function uses a non-reentrant model
  6292 ;;
  6293                           
  6294                           	psect	text32
  6295  001F78                     __ptext32:
  6296                           	opt stack 0
  6297  001F78                     _fabs:
  6298                           	opt stack 0
  6299  001F78  FFFF               	dw	65535	; assembler added errata NOP
  6300                           
  6301                           ;incstack = 0
  6302  001F7A  AE12               	btfss	fabs@d+2,7,c
  6303  001F7C  D00F               	goto	l1243
  6304  001F7E  C010  F005         	movff	fabs@d,___ftneg@f1
  6305  001F82  C011  F006         	movff	fabs@d+1,___ftneg@f1+1
  6306  001F86  C012  F007         	movff	fabs@d+2,___ftneg@f1+2
  6307  001F8A  EC06  F011         	call	___ftneg	;wreg free
  6308  001F8E  C005  F010         	movff	?___ftneg,?_fabs
  6309  001F92  C006  F011         	movff	?___ftneg+1,?_fabs+1
  6310  001F96  C007  F012         	movff	?___ftneg+2,?_fabs+2
  6311  001F9A  D007               	goto	l1244
  6312  001F9C                     l1243:
  6313  001F9C  FFFF               	dw	65535	; assembler added errata NOP
  6314  001F9E  C010  F010         	movff	fabs@d,?_fabs
  6315  001FA2  C011  F011         	movff	fabs@d+1,?_fabs+1
  6316  001FA6  C012  F012         	movff	fabs@d+2,?_fabs+2
  6317  001FAA                     l1244:
  6318  001FAA  FFFF               	dw	65535	; assembler added errata NOP
  6319  001FAC  0012               	return		;funcret
  6320  001FAE  FFFF               	dw	65535	; errata NOP
  6321  001FB0                     __end_of_fabs:
  6322                           	opt stack 0
  6323                           stkptr	equ	0xFFC
  6324                           tblptru	equ	0xFF8
  6325                           tblptrh	equ	0xFF7
  6326                           tblptrl	equ	0xFF6
  6327                           tablat	equ	0xFF5
  6328                           prodh	equ	0xFF4
  6329                           prodl	equ	0xFF3
  6330                           intcon	equ	0xFF2
  6331                           intcon2	equ	0xFF1
  6332                           postinc0	equ	0xFEE
  6333                           wreg	equ	0xFE8
  6334                           indf2	equ	0xFDF
  6335                           fsr2h	equ	0xFDA
  6336                           fsr2l	equ	0xFD9
  6337                           status	equ	0xFD8
  6338                           
  6339 ;; *************** function ___ftneg *****************
  6340 ;; Defined at:
  6341 ;;		line 15 in file "C:\Program Files (x86)\Microchip\xc8\v2.00\pic\sources\c90\common\ftneg.c"
  6342 ;; Parameters:    Size  Location     Type
  6343 ;;  f1              3    4[COMRAM] float 
  6344 ;; Auto vars:     Size  Location     Type
  6345 ;;		None
  6346 ;; Return value:  Size  Location     Type
  6347 ;;                  3    4[COMRAM] float 
  6348 ;; Registers used:
  6349 ;;		wreg, status,2, status,0
  6350 ;; Tracked objects:
  6351 ;;		On entry : 0/0
  6352 ;;		On exit  : 0/0
  6353 ;;		Unchanged: 0/0
  6354 ;; Data sizes:     COMRAM   BANK0   BANK1   BANK2   BANK3   BANK4   BANK5
  6355 ;;      Params:         3       0       0       0       0       0       0
  6356 ;;      Locals:         0       0       0       0       0       0       0
  6357 ;;      Temps:          0       0       0       0       0       0       0
  6358 ;;      Totals:         3       0       0       0       0       0       0
  6359 ;;Total ram usage:        3 bytes
  6360 ;; Hardware stack levels used:    1
  6361 ;; Hardware stack levels required when called:    3
  6362 ;; This function calls:
  6363 ;;		Nothing
  6364 ;; This function is called by:
  6365 ;;		_fabs
  6366 ;; This function uses a non-reentrant model
  6367 ;;
  6368                           
  6369                           	psect	text33
  6370  00220C                     __ptext33:
  6371                           	opt stack 0
  6372  00220C                     ___ftneg:
  6373                           	opt stack 0
  6374  00220C  FFFF               	dw	65535	; assembler added errata NOP
  6375                           
  6376                           ;incstack = 0
  6377  00220E  5005               	movf	___ftneg@f1,w,c
  6378  002210  1006               	iorwf	___ftneg@f1+1,w,c
  6379  002212  1007               	iorwf	___ftneg@f1+2,w,c
  6380  002214  E002               	bz	l933
  6381  002216  0E80               	movlw	128
  6382  002218  1A07               	xorwf	___ftneg@f1+2,f,c
  6383  00221A                     l933:
  6384  00221A  C005  F005         	movff	___ftneg@f1,?___ftneg
  6385  00221E  C006  F006         	movff	___ftneg@f1+1,?___ftneg+1
  6386  002222  C007  F007         	movff	___ftneg@f1+2,?___ftneg+2
  6387  002226  0012               	return		;funcret
  6388  002228  FFFF               	dw	65535	; errata NOP
  6389  00222A                     __end_of___ftneg:
  6390                           	opt stack 0
  6391                           stkptr	equ	0xFFC
  6392                           tblptru	equ	0xFF8
  6393                           tblptrh	equ	0xFF7
  6394                           tblptrl	equ	0xFF6
  6395                           tablat	equ	0xFF5
  6396                           prodh	equ	0xFF4
  6397                           prodl	equ	0xFF3
  6398                           intcon	equ	0xFF2
  6399                           intcon2	equ	0xFF1
  6400                           postinc0	equ	0xFEE
  6401                           wreg	equ	0xFE8
  6402                           indf2	equ	0xFDF
  6403                           fsr2h	equ	0xFDA
  6404                           fsr2l	equ	0xFD9
  6405                           status	equ	0xFD8
  6406                           
  6407 ;; *************** function ___lwtoft *****************
  6408 ;; Defined at:
  6409 ;;		line 28 in file "C:\Program Files (x86)\Microchip\xc8\v2.00\pic\sources\c90\common\lwtoft.c"
  6410 ;; Parameters:    Size  Location     Type
  6411 ;;  c               2   12[COMRAM] unsigned int 
  6412 ;; Auto vars:     Size  Location     Type
  6413 ;;		None
  6414 ;; Return value:  Size  Location     Type
  6415 ;;                  3   12[COMRAM] float 
  6416 ;; Registers used:
  6417 ;;		wreg, status,2, status,0, cstack
  6418 ;; Tracked objects:
  6419 ;;		On entry : 0/0
  6420 ;;		On exit  : 0/0
  6421 ;;		Unchanged: 0/0
  6422 ;; Data sizes:     COMRAM   BANK0   BANK1   BANK2   BANK3   BANK4   BANK5
  6423 ;;      Params:         3       0       0       0       0       0       0
  6424 ;;      Locals:         0       0       0       0       0       0       0
  6425 ;;      Temps:          0       0       0       0       0       0       0
  6426 ;;      Totals:         3       0       0       0       0       0       0
  6427 ;;Total ram usage:        3 bytes
  6428 ;; Hardware stack levels used:    1
  6429 ;; Hardware stack levels required when called:    4
  6430 ;; This function calls:
  6431 ;;		___ftpack
  6432 ;; This function is called by:
  6433 ;;		_FreqMeasure
  6434 ;; This function uses a non-reentrant model
  6435 ;;
  6436                           
  6437                           	psect	text34
  6438  002150                     __ptext34:
  6439                           	opt stack 0
  6440  002150                     ___lwtoft:
  6441                           	opt stack 0
  6442  002150  FFFF               	dw	65535	; assembler added errata NOP
  6443                           
  6444                           ;incstack = 0
  6445  002152  C00D  F005         	movff	___lwtoft@c,___ftpack@arg
  6446  002156  C00E  F006         	movff	___lwtoft@c+1,___ftpack@arg+1
  6447  00215A  6A07               	clrf	___ftpack@arg+2,c
  6448  00215C  0E8E               	movlw	142
  6449  00215E  6E08               	movwf	___ftpack@exp,c
  6450  002160  0E00               	movlw	0
  6451  002162  6E09               	movwf	___ftpack@sign,c
  6452  002164  EC37  F00D         	call	___ftpack	;wreg free
  6453  002168  C005  F00D         	movff	?___ftpack,?___lwtoft
  6454  00216C  C006  F00E         	movff	?___ftpack+1,?___lwtoft+1
  6455  002170  C007  F00F         	movff	?___ftpack+2,?___lwtoft+2
  6456  002174  0012               	return		;funcret
  6457  002176  FFFF               	dw	65535	; errata NOP
  6458  002178                     __end_of___lwtoft:
  6459                           	opt stack 0
  6460                           stkptr	equ	0xFFC
  6461                           tblptru	equ	0xFF8
  6462                           tblptrh	equ	0xFF7
  6463                           tblptrl	equ	0xFF6
  6464                           tablat	equ	0xFF5
  6465                           prodh	equ	0xFF4
  6466                           prodl	equ	0xFF3
  6467                           intcon	equ	0xFF2
  6468                           intcon2	equ	0xFF1
  6469                           postinc0	equ	0xFEE
  6470                           wreg	equ	0xFE8
  6471                           indf2	equ	0xFDF
  6472                           fsr2h	equ	0xFDA
  6473                           fsr2l	equ	0xFD9
  6474                           status	equ	0xFD8
  6475                           
  6476 ;; *************** function ___ftpack *****************
  6477 ;; Defined at:
  6478 ;;		line 62 in file "C:\Program Files (x86)\Microchip\xc8\v2.00\pic\sources\c90\common\float.c"
  6479 ;; Parameters:    Size  Location     Type
  6480 ;;  arg             3    4[COMRAM] unsigned um
  6481 ;;  exp             1    7[COMRAM] unsigned char 
  6482 ;;  sign            1    8[COMRAM] unsigned char 
  6483 ;; Auto vars:     Size  Location     Type
  6484 ;;		None
  6485 ;; Return value:  Size  Location     Type
  6486 ;;                  3    4[COMRAM] float 
  6487 ;; Registers used:
  6488 ;;		wreg, status,2, status,0
  6489 ;; Tracked objects:
  6490 ;;		On entry : 0/0
  6491 ;;		On exit  : 0/0
  6492 ;;		Unchanged: 0/0
  6493 ;; Data sizes:     COMRAM   BANK0   BANK1   BANK2   BANK3   BANK4   BANK5
  6494 ;;      Params:         5       0       0       0       0       0       0
  6495 ;;      Locals:         0       0       0       0       0       0       0
  6496 ;;      Temps:          3       0       0       0       0       0       0
  6497 ;;      Totals:         8       0       0       0       0       0       0
  6498 ;;Total ram usage:        8 bytes
  6499 ;; Hardware stack levels used:    1
  6500 ;; Hardware stack levels required when called:    3
  6501 ;; This function calls:
  6502 ;;		Nothing
  6503 ;; This function is called by:
  6504 ;;		___ftadd
  6505 ;;		___ftmul
  6506 ;;		___lltoft
  6507 ;;		___lwtoft
  6508 ;; This function uses a non-reentrant model
  6509 ;;
  6510                           
  6511                           	psect	text35
  6512  001A6E                     __ptext35:
  6513                           	opt stack 0
  6514  001A6E                     ___ftpack:
  6515                           	opt stack 0
  6516  001A6E  FFFF               	dw	65535	; assembler added errata NOP
  6517                           
  6518                           ;incstack = 0
  6519  001A70  5008               	movf	___ftpack@exp,w,c
  6520  001A72  E004               	bz	u4280
  6521  001A74  5005               	movf	___ftpack@arg,w,c
  6522  001A76  1006               	iorwf	___ftpack@arg+1,w,c
  6523  001A78  1007               	iorwf	___ftpack@arg+2,w,c
  6524  001A7A  E10A               	bnz	l3964
  6525  001A7C                     u4280:
  6526  001A7C  6A05               	clrf	?___ftpack,c
  6527  001A7E  6A06               	clrf	?___ftpack+1,c
  6528  001A80  6A07               	clrf	?___ftpack+2,c
  6529  001A82  D03E               	goto	l847
  6530  001A84                     l3962:
  6531  001A84  FFFF               	dw	65535	; assembler added errata NOP
  6532  001A86  2A08               	incf	___ftpack@exp,f,c
  6533  001A88  90D8               	bcf	status,0,c
  6534  001A8A  3207               	rrcf	___ftpack@arg+2,f,c
  6535  001A8C  3206               	rrcf	___ftpack@arg+1,f,c
  6536  001A8E  3205               	rrcf	___ftpack@arg,f,c
  6537  001A90                     l3964:
  6538  001A90  6A0A               	clrf	??___ftpack& (0+255),c
  6539  001A92  6A0B               	clrf	(??___ftpack+1)& (0+255),c
  6540  001A94  0EFE               	movlw	254
  6541  001A96  1407               	andwf	___ftpack@arg+2,w,c
  6542  001A98  6E0C               	movwf	(??___ftpack+2)& (0+255),c
  6543  001A9A  500A               	movf	??___ftpack,w,c
  6544  001A9C  100B               	iorwf	??___ftpack+1,w,c
  6545  001A9E  100C               	iorwf	??___ftpack+2,w,c
  6546  001AA0  E00B               	bz	l3970
  6547  001AA2  D7F0               	goto	l3962
  6548  001AA4                     l3966:
  6549  001AA4  FFFF               	dw	65535	; assembler added errata NOP
  6550  001AA6  2A08               	incf	___ftpack@exp,f,c
  6551  001AA8  2A05               	incf	___ftpack@arg,f,c
  6552  001AAA  0E00               	movlw	0
  6553  001AAC  2206               	addwfc	___ftpack@arg+1,f,c
  6554  001AAE  2207               	addwfc	___ftpack@arg+2,f,c
  6555  001AB0  90D8               	bcf	status,0,c
  6556  001AB2  3207               	rrcf	___ftpack@arg+2,f,c
  6557  001AB4  3206               	rrcf	___ftpack@arg+1,f,c
  6558  001AB6  3205               	rrcf	___ftpack@arg,f,c
  6559  001AB8                     l3970:
  6560  001AB8  6A0A               	clrf	??___ftpack& (0+255),c
  6561  001ABA  6A0B               	clrf	(??___ftpack+1)& (0+255),c
  6562  001ABC  5007               	movf	___ftpack@arg+2,w,c
  6563  001ABE  6E0C               	movwf	(??___ftpack+2)& (0+255),c
  6564  001AC0  500A               	movf	??___ftpack,w,c
  6565  001AC2  100B               	iorwf	??___ftpack+1,w,c
  6566  001AC4  100C               	iorwf	??___ftpack+2,w,c
  6567  001AC6  E007               	bz	l3974
  6568  001AC8  D7ED               	goto	l3966
  6569  001ACA                     l3972:
  6570  001ACA  FFFF               	dw	65535	; assembler added errata NOP
  6571  001ACC  0608               	decf	___ftpack@exp,f,c
  6572  001ACE  90D8               	bcf	status,0,c
  6573  001AD0  3605               	rlcf	___ftpack@arg,f,c
  6574  001AD2  3606               	rlcf	___ftpack@arg+1,f,c
  6575  001AD4  3607               	rlcf	___ftpack@arg+2,f,c
  6576  001AD6                     l3974:
  6577  001AD6  BE06               	btfsc	___ftpack@arg+1,7,c
  6578  001AD8  D003               	goto	u4320
  6579  001ADA  0E02               	movlw	2
  6580  001ADC  6008               	cpfslt	___ftpack@exp,c
  6581  001ADE  D7F5               	goto	l3972
  6582  001AE0                     u4320:
  6583  001AE0  FFFF               	dw	65535	; assembler added errata NOP
  6584  001AE2  A008               	btfss	___ftpack@exp,0,c
  6585  001AE4  9E06               	bcf	___ftpack@arg+1,7,c
  6586  001AE6  90D8               	bcf	status,0,c
  6587  001AE8  3208               	rrcf	___ftpack@exp,f,c
  6588  001AEA  5008               	movf	___ftpack@exp,w,c
  6589  001AEC  1207               	iorwf	___ftpack@arg+2,f,c
  6590  001AEE  5009               	movf	___ftpack@sign,w,c
  6591  001AF0  E001               	bz	l3988
  6592  001AF2  8E07               	bsf	___ftpack@arg+2,7,c
  6593  001AF4                     l3988:
  6594  001AF4  C005  F005         	movff	___ftpack@arg,?___ftpack
  6595  001AF8  C006  F006         	movff	___ftpack@arg+1,?___ftpack+1
  6596  001AFC  C007  F007         	movff	___ftpack@arg+2,?___ftpack+2
  6597  001B00                     l847:
  6598  001B00  FFFF               	dw	65535	; assembler added errata NOP
  6599  001B02  0012               	return		;funcret
  6600  001B04  FFFF               	dw	65535	; errata NOP
  6601  001B06                     __end_of___ftpack:
  6602                           	opt stack 0
  6603                           stkptr	equ	0xFFC
  6604                           tblptru	equ	0xFF8
  6605                           tblptrh	equ	0xFF7
  6606                           tblptrl	equ	0xFF6
  6607                           tablat	equ	0xFF5
  6608                           prodh	equ	0xFF4
  6609                           prodl	equ	0xFF3
  6610                           intcon	equ	0xFF2
  6611                           intcon2	equ	0xFF1
  6612                           postinc0	equ	0xFEE
  6613                           wreg	equ	0xFE8
  6614                           indf2	equ	0xFDF
  6615                           fsr2h	equ	0xFDA
  6616                           fsr2l	equ	0xFD9
  6617                           status	equ	0xFD8
  6618                           
  6619 ;; *************** function ___ftge *****************
  6620 ;; Defined at:
  6621 ;;		line 4 in file "C:\Program Files (x86)\Microchip\xc8\v2.00\pic\sources\c90\common\ftge.c"
  6622 ;; Parameters:    Size  Location     Type
  6623 ;;  ff1             3   18[COMRAM] float 
  6624 ;;  ff2             3   21[COMRAM] float 
  6625 ;; Auto vars:     Size  Location     Type
  6626 ;;		None
  6627 ;; Return value:  Size  Location     Type
  6628 ;;		None               void
  6629 ;; Registers used:
  6630 ;;		wreg, status,2, status,0
  6631 ;; Tracked objects:
  6632 ;;		On entry : 0/0
  6633 ;;		On exit  : 0/0
  6634 ;;		Unchanged: 0/0
  6635 ;; Data sizes:     COMRAM   BANK0   BANK1   BANK2   BANK3   BANK4   BANK5
  6636 ;;      Params:         6       0       0       0       0       0       0
  6637 ;;      Locals:         0       0       0       0       0       0       0
  6638 ;;      Temps:          3       0       0       0       0       0       0
  6639 ;;      Totals:         9       0       0       0       0       0       0
  6640 ;;Total ram usage:        9 bytes
  6641 ;; Hardware stack levels used:    1
  6642 ;; Hardware stack levels required when called:    3
  6643 ;; This function calls:
  6644 ;;		Nothing
  6645 ;; This function is called by:
  6646 ;;		_FreqMeasure
  6647 ;;		_sqrt
  6648 ;; This function uses a non-reentrant model
  6649 ;;
  6650                           
  6651                           	psect	text36
  6652  001D6A                     __ptext36:
  6653                           	opt stack 0
  6654  001D6A                     ___ftge:
  6655                           	opt stack 0
  6656  001D6A  FFFF               	dw	65535	; assembler added errata NOP
  6657                           
  6658                           ;incstack = 0
  6659  001D6C  AE15               	btfss	___ftge@ff1+2,7,c
  6660  001D6E  D00D               	goto	l4060
  6661  001D70  6A19               	clrf	??___ftge& (0+255),c
  6662  001D72  6A1A               	clrf	(??___ftge+1)& (0+255),c
  6663  001D74  0E80               	movlw	128
  6664  001D76  6E1B               	movwf	(??___ftge+2)& (0+255),c
  6665  001D78  5013               	movf	___ftge@ff1,w,c
  6666  001D7A  5C19               	subwf	??___ftge,w,c
  6667  001D7C  6E13               	movwf	___ftge@ff1,c
  6668  001D7E  5014               	movf	___ftge@ff1+1,w,c
  6669  001D80  581A               	subwfb	??___ftge+1,w,c
  6670  001D82  6E14               	movwf	___ftge@ff1+1,c
  6671  001D84  5015               	movf	___ftge@ff1+2,w,c
  6672  001D86  581B               	subwfb	??___ftge+2,w,c
  6673  001D88  6E15               	movwf	___ftge@ff1+2,c
  6674  001D8A                     l4060:
  6675  001D8A  FFFF               	dw	65535	; assembler added errata NOP
  6676  001D8C  AE18               	btfss	___ftge@ff2+2,7,c
  6677  001D8E  D00D               	goto	l4064
  6678  001D90  6A19               	clrf	??___ftge& (0+255),c
  6679  001D92  6A1A               	clrf	(??___ftge+1)& (0+255),c
  6680  001D94  0E80               	movlw	128
  6681  001D96  6E1B               	movwf	(??___ftge+2)& (0+255),c
  6682  001D98  5016               	movf	___ftge@ff2,w,c
  6683  001D9A  5C19               	subwf	??___ftge,w,c
  6684  001D9C  6E16               	movwf	___ftge@ff2,c
  6685  001D9E  5017               	movf	___ftge@ff2+1,w,c
  6686  001DA0  581A               	subwfb	??___ftge+1,w,c
  6687  001DA2  6E17               	movwf	___ftge@ff2+1,c
  6688  001DA4  5018               	movf	___ftge@ff2+2,w,c
  6689  001DA6  581B               	subwfb	??___ftge+2,w,c
  6690  001DA8  6E18               	movwf	___ftge@ff2+2,c
  6691  001DAA                     l4064:
  6692  001DAA  FFFF               	dw	65535	; assembler added errata NOP
  6693  001DAC  0E80               	movlw	128
  6694  001DAE  1A15               	xorwf	___ftge@ff1+2,f,c
  6695  001DB0  1A18               	xorwf	___ftge@ff2+2,f,c
  6696  001DB2  5016               	movf	___ftge@ff2,w,c
  6697  001DB4  5C13               	subwf	___ftge@ff1,w,c
  6698  001DB6  5017               	movf	___ftge@ff2+1,w,c
  6699  001DB8  5814               	subwfb	___ftge@ff1+1,w,c
  6700  001DBA  5018               	movf	___ftge@ff2+2,w,c
  6701  001DBC  5815               	subwfb	___ftge@ff1+2,w,c
  6702  001DBE  E202               	bc	l4070
  6703  001DC0  90D8               	bcf	status,0,c
  6704  001DC2  D001               	goto	l922
  6705  001DC4                     l4070:
  6706  001DC4  80D8               	bsf	status,0,c
  6707  001DC6                     l922:
  6708  001DC6  FFFF               	dw	65535	; assembler added errata NOP
  6709  001DC8  0012               	return		;funcret
  6710  001DCA  FFFF               	dw	65535	; errata NOP
  6711  001DCC                     __end_of___ftge:
  6712                           	opt stack 0
  6713                           stkptr	equ	0xFFC
  6714                           tblptru	equ	0xFF8
  6715                           tblptrh	equ	0xFF7
  6716                           tblptrl	equ	0xFF6
  6717                           tablat	equ	0xFF5
  6718                           prodh	equ	0xFF4
  6719                           prodl	equ	0xFF3
  6720                           intcon	equ	0xFF2
  6721                           intcon2	equ	0xFF1
  6722                           postinc0	equ	0xFEE
  6723                           wreg	equ	0xFE8
  6724                           indf2	equ	0xFDF
  6725                           fsr2h	equ	0xFDA
  6726                           fsr2l	equ	0xFD9
  6727                           status	equ	0xFD8
  6728                           
  6729 ;; *************** function _BandDecode *****************
  6730 ;; Defined at:
  6731 ;;		line 5 in file "../digital.h"
  6732 ;; Parameters:    Size  Location     Type
  6733 ;;		None
  6734 ;; Auto vars:     Size  Location     Type
  6735 ;;		None
  6736 ;; Return value:  Size  Location     Type
  6737 ;;                  1    wreg      void 
  6738 ;; Registers used:
  6739 ;;		wreg, status,2, status,0, cstack
  6740 ;; Tracked objects:
  6741 ;;		On entry : 0/0
  6742 ;;		On exit  : 0/0
  6743 ;;		Unchanged: 0/0
  6744 ;; Data sizes:     COMRAM   BANK0   BANK1   BANK2   BANK3   BANK4   BANK5
  6745 ;;      Params:         0       0       0       0       0       0       0
  6746 ;;      Locals:         0       0       0       0       0       0       0
  6747 ;;      Temps:          0       0       0       0       0       0       0
  6748 ;;      Totals:         0       0       0       0       0       0       0
  6749 ;;Total ram usage:        0 bytes
  6750 ;; Hardware stack levels used:    1
  6751 ;; Hardware stack levels required when called:    4
  6752 ;; This function calls:
  6753 ;;		_SetBand
  6754 ;; This function is called by:
  6755 ;;		_FreqMeasure
  6756 ;; This function uses a non-reentrant model
  6757 ;;
  6758                           
  6759                           	psect	text37
  6760  001D04                     __ptext37:
  6761                           	opt stack 0
  6762  001D04                     _BandDecode:
  6763                           	opt stack 0
  6764  001D04  FFFF               	dw	65535	; assembler added errata NOP
  6765                           
  6766                           ;digital.h: 7: if (freq < 200) band = 0;
  6767                           
  6768                           ;incstack = 0
  6769  001D06  5049               	movf	_freq+1,w,c	;volatile
  6770  001D08  E106               	bnz	l2724
  6771  001D0A  0EC8               	movlw	200
  6772  001D0C  5C48               	subwf	_freq,w,c	;volatile
  6773  001D0E  E203               	bc	l2724
  6774  001D10  6A57               	clrf	_band,c	;volatile
  6775  001D12  EF81  F00F         	goto	_SetBand
  6776  001D16                     l2724:
  6777                           
  6778                           ;digital.h: 8: else;digital.h: 9: if ((freq >= 200) && (freq < 400)) band = 1;
  6779  001D16  5049               	movf	_freq+1,w,c	;volatile
  6780  001D18  E103               	bnz	u2300
  6781  001D1A  0EC8               	movlw	200
  6782  001D1C  5C48               	subwf	_freq,w,c	;volatile
  6783  001D1E  E307               	bnc	l2730
  6784  001D20                     u2300:
  6785  001D20  0E90               	movlw	144
  6786  001D22  5C48               	subwf	_freq,w,c	;volatile
  6787  001D24  0E01               	movlw	1
  6788  001D26  5849               	subwfb	_freq+1,w,c	;volatile
  6789  001D28  E202               	bc	l2730
  6790  001D2A  0E01               	movlw	1
  6791  001D2C  D019               	goto	L4
  6792  001D2E                     l2730:
  6793                           
  6794                           ;digital.h: 10: else;digital.h: 11: if ((freq >= 400) && (freq < 1100)) band = 2;
  6795  001D2E  0E90               	movlw	144
  6796  001D30  5C48               	subwf	_freq,w,c	;volatile
  6797  001D32  0E01               	movlw	1
  6798  001D34  5849               	subwfb	_freq+1,w,c	;volatile
  6799  001D36  E307               	bnc	l2736
  6800  001D38  0E4C               	movlw	76
  6801  001D3A  5C48               	subwf	_freq,w,c	;volatile
  6802  001D3C  0E04               	movlw	4
  6803  001D3E  5849               	subwfb	_freq+1,w,c	;volatile
  6804  001D40  E202               	bc	l2736
  6805  001D42  0E02               	movlw	2
  6806  001D44  D00D               	goto	L4
  6807  001D46                     l2736:
  6808                           
  6809                           ;digital.h: 12: else;digital.h: 13: if ((freq >= 1100) && (freq < 1900)) band = 3;
  6810  001D46  0E4C               	movlw	76
  6811  001D48  5C48               	subwf	_freq,w,c	;volatile
  6812  001D4A  0E04               	movlw	4
  6813  001D4C  5849               	subwfb	_freq+1,w,c	;volatile
  6814  001D4E  E307               	bnc	l2742
  6815  001D50  0E6C               	movlw	108
  6816  001D52  5C48               	subwf	_freq,w,c	;volatile
  6817  001D54  0E07               	movlw	7
  6818  001D56  5849               	subwfb	_freq+1,w,c	;volatile
  6819  001D58  E202               	bc	l2742
  6820  001D5A  0E03               	movlw	3
  6821  001D5C  D001               	goto	L4
  6822  001D5E                     l2742:
  6823                           
  6824                           ;digital.h: 14: else band = 4;
  6825  001D5E  0E04               	movlw	4
  6826  001D60                     L4:
  6827  001D60  FFFF               	dw	65535	; assembler added errata NOP
  6828  001D62  6E57               	movwf	_band,c	;volatile
  6829                           
  6830                           ;digital.h: 16: SetBand();
  6831  001D64  EF81  F00F         	goto	_SetBand	;wreg free
  6832  001D68  FFFF               	dw	65535	; errata NOP
  6833  001D6A                     __end_of_BandDecode:
  6834                           	opt stack 0
  6835                           stkptr	equ	0xFFC
  6836                           tblptru	equ	0xFF8
  6837                           tblptrh	equ	0xFF7
  6838                           tblptrl	equ	0xFF6
  6839                           tablat	equ	0xFF5
  6840                           prodh	equ	0xFF4
  6841                           prodl	equ	0xFF3
  6842                           intcon	equ	0xFF2
  6843                           intcon2	equ	0xFF1
  6844                           postinc0	equ	0xFEE
  6845                           wreg	equ	0xFE8
  6846                           indf2	equ	0xFDF
  6847                           fsr2h	equ	0xFDA
  6848                           fsr2l	equ	0xFD9
  6849                           status	equ	0xFD8
  6850                           
  6851 ;; *************** function _SetBand *****************
  6852 ;; Defined at:
  6853 ;;		line 133 in file "../digital.h"
  6854 ;; Parameters:    Size  Location     Type
  6855 ;;		None
  6856 ;; Auto vars:     Size  Location     Type
  6857 ;;		None
  6858 ;; Return value:  Size  Location     Type
  6859 ;;                  1    wreg      void 
  6860 ;; Registers used:
  6861 ;;		wreg, status,2, status,0
  6862 ;; Tracked objects:
  6863 ;;		On entry : 0/0
  6864 ;;		On exit  : 0/0
  6865 ;;		Unchanged: 0/0
  6866 ;; Data sizes:     COMRAM   BANK0   BANK1   BANK2   BANK3   BANK4   BANK5
  6867 ;;      Params:         0       0       0       0       0       0       0
  6868 ;;      Locals:         0       0       0       0       0       0       0
  6869 ;;      Temps:          0       0       0       0       0       0       0
  6870 ;;      Totals:         0       0       0       0       0       0       0
  6871 ;;Total ram usage:        0 bytes
  6872 ;; Hardware stack levels used:    1
  6873 ;; Hardware stack levels required when called:    3
  6874 ;; This function calls:
  6875 ;;		Nothing
  6876 ;; This function is called by:
  6877 ;;		_BandDecode
  6878 ;;		_ReadStatusFromLCD
  6879 ;;		_main
  6880 ;; This function uses a non-reentrant model
  6881 ;;
  6882                           
  6883                           	psect	text38
  6884  001F02                     __ptext38:
  6885                           	opt stack 0
  6886  001F02                     _SetBand:
  6887                           	opt stack 0
  6888  001F02  FFFF               	dw	65535	; assembler added errata NOP
  6889                           
  6890                           ;digital.h: 135: if (band == 1) LATDbits.LD0 = 1;
  6891                           
  6892                           ;incstack = 0
  6893  001F04  0457               	decf	_band,w,c	;volatile
  6894  001F06  E102               	bnz	l362
  6895  001F08  808C               	bsf	3980,0,c	;volatile
  6896  001F0A  D001               	goto	l2656
  6897  001F0C                     l362:
  6898                           
  6899                           ;digital.h: 136: else LATDbits.LD0 = 0;
  6900  001F0C  908C               	bcf	3980,0,c	;volatile
  6901  001F0E                     l2656:
  6902  001F0E  FFFF               	dw	65535	; assembler added errata NOP
  6903                           
  6904                           ;digital.h: 137: if (band == 2) LATDbits.LD1 = 1;
  6905  001F10  0E02               	movlw	2
  6906  001F12  1857               	xorwf	_band,w,c	;volatile
  6907  001F14  E102               	bnz	l364
  6908  001F16  828C               	bsf	3980,1,c	;volatile
  6909  001F18  D001               	goto	l2660
  6910  001F1A                     l364:
  6911                           
  6912                           ;digital.h: 138: else LATDbits.LD1 = 0;
  6913  001F1A  928C               	bcf	3980,1,c	;volatile
  6914  001F1C                     l2660:
  6915  001F1C  FFFF               	dw	65535	; assembler added errata NOP
  6916                           
  6917                           ;digital.h: 139: if (band == 3) LATDbits.LD2 = 1;
  6918  001F1E  0E03               	movlw	3
  6919  001F20  1857               	xorwf	_band,w,c	;volatile
  6920  001F22  E102               	bnz	l366
  6921  001F24  848C               	bsf	3980,2,c	;volatile
  6922  001F26  D001               	goto	l2664
  6923  001F28                     l366:
  6924                           
  6925                           ;digital.h: 140: else LATDbits.LD2 = 0;
  6926  001F28  948C               	bcf	3980,2,c	;volatile
  6927  001F2A                     l2664:
  6928  001F2A  FFFF               	dw	65535	; assembler added errata NOP
  6929                           
  6930                           ;digital.h: 141: if (band == 4) LATDbits.LD3 = 1;
  6931  001F2C  0E04               	movlw	4
  6932  001F2E  1857               	xorwf	_band,w,c	;volatile
  6933  001F30  E102               	bnz	l368
  6934  001F32  868C               	bsf	3980,3,c	;volatile
  6935  001F34  D001               	goto	l370
  6936  001F36                     l368:
  6937                           
  6938                           ;digital.h: 142: else LATDbits.LD3 = 0;
  6939  001F36  968C               	bcf	3980,3,c	;volatile
  6940  001F38                     l370:
  6941  001F38  FFFF               	dw	65535	; assembler added errata NOP
  6942  001F3A  0012               	return		;funcret
  6943  001F3C  FFFF               	dw	65535	; errata NOP
  6944  001F3E                     __end_of_SetBand:
  6945                           	opt stack 0
  6946                           stkptr	equ	0xFFC
  6947                           tblptru	equ	0xFF8
  6948                           tblptrh	equ	0xFF7
  6949                           tblptrl	equ	0xFF6
  6950                           tablat	equ	0xFF5
  6951                           prodh	equ	0xFF4
  6952                           prodl	equ	0xFF3
  6953                           intcon	equ	0xFF2
  6954                           intcon2	equ	0xFF1
  6955                           postinc0	equ	0xFEE
  6956                           wreg	equ	0xFE8
  6957                           indf2	equ	0xFDF
  6958                           fsr2h	equ	0xFDA
  6959                           fsr2l	equ	0xFD9
  6960                           status	equ	0xFD8
  6961                           
  6962 ;; *************** function _PTT_OFF *****************
  6963 ;; Defined at:
  6964 ;;		line 113 in file "../digital.h"
  6965 ;; Parameters:    Size  Location     Type
  6966 ;;		None
  6967 ;; Auto vars:     Size  Location     Type
  6968 ;;		None
  6969 ;; Return value:  Size  Location     Type
  6970 ;;                  1    wreg      void 
  6971 ;; Registers used:
  6972 ;;		wreg, status,2, status,0, cstack
  6973 ;; Tracked objects:
  6974 ;;		On entry : 0/0
  6975 ;;		On exit  : 0/0
  6976 ;;		Unchanged: 0/0
  6977 ;; Data sizes:     COMRAM   BANK0   BANK1   BANK2   BANK3   BANK4   BANK5
  6978 ;;      Params:         0       0       0       0       0       0       0
  6979 ;;      Locals:         0       0       0       0       0       0       0
  6980 ;;      Temps:          0       0       0       0       0       0       0
  6981 ;;      Totals:         0       0       0       0       0       0       0
  6982 ;;Total ram usage:        0 bytes
  6983 ;; Hardware stack levels used:    1
  6984 ;; Hardware stack levels required when called:    4
  6985 ;; This function calls:
  6986 ;;		_DelayMs
  6987 ;; This function is called by:
  6988 ;;		_PTT_read
  6989 ;;		_ReadStatusFromLCD
  6990 ;; This function uses a non-reentrant model
  6991 ;;
  6992                           
  6993                           	psect	text39
  6994  002298                     __ptext39:
  6995                           	opt stack 0
  6996  002298                     _PTT_OFF:
  6997                           	opt stack 0
  6998  002298  FFFF               	dw	65535	; assembler added errata NOP
  6999                           
  7000                           ;digital.h: 115: if (ptt == 0) return;
  7001                           
  7002                           ;incstack = 0
  7003  00229A  5056               	movf	_ptt,w,c	;volatile
  7004  00229C  E008               	bz	l353
  7005                           
  7006                           ;digital.h: 116: ptt = 0;
  7007  00229E  6A56               	clrf	_ptt,c	;volatile
  7008                           
  7009                           ;digital.h: 118: LATEbits.LE2 = 0;
  7010  0022A0  948D               	bcf	3981,2,c	;volatile
  7011                           
  7012                           ;digital.h: 119: LATCbits.LC4 = 0;
  7013  0022A2  988B               	bcf	3979,4,c	;volatile
  7014                           
  7015                           ;digital.h: 120: DelayMs(reldel);
  7016  0022A4  0100               	movlb	0	; () banked
  7017  0022A6  51F4               	movf	_reldel& (0+255),w,b	;volatile
  7018  0022A8  ECE2  F010         	call	_DelayMs
  7019                           
  7020                           ;digital.h: 121: LATBbits.LB3 = 0;
  7021  0022AC  968A               	bcf	3978,3,c	;volatile
  7022  0022AE                     l353:
  7023  0022AE  0012               	return		;funcret
  7024  0022B0  FFFF               	dw	65535	; errata NOP
  7025  0022B2                     __end_of_PTT_OFF:
  7026                           	opt stack 0
  7027                           stkptr	equ	0xFFC
  7028                           tblptru	equ	0xFF8
  7029                           tblptrh	equ	0xFF7
  7030                           tblptrl	equ	0xFF6
  7031                           tablat	equ	0xFF5
  7032                           prodh	equ	0xFF4
  7033                           prodl	equ	0xFF3
  7034                           intcon	equ	0xFF2
  7035                           intcon2	equ	0xFF1
  7036                           postinc0	equ	0xFEE
  7037                           wreg	equ	0xFE8
  7038                           indf2	equ	0xFDF
  7039                           fsr2h	equ	0xFDA
  7040                           fsr2l	equ	0xFD9
  7041                           status	equ	0xFD8
  7042                           
  7043 ;; *************** function _LCDversionSend *****************
  7044 ;; Defined at:
  7045 ;;		line 299 in file "../nextion.h"
  7046 ;; Parameters:    Size  Location     Type
  7047 ;;		None
  7048 ;; Auto vars:     Size  Location     Type
  7049 ;;  rep             1   17[COMRAM] unsigned char 
  7050 ;; Return value:  Size  Location     Type
  7051 ;;                  1    wreg      void 
  7052 ;; Registers used:
  7053 ;;		wreg, fsr2l, fsr2h, status,2, status,0, tblptrl, tblptrh, tblptru, cstack
  7054 ;; Tracked objects:
  7055 ;;		On entry : 0/0
  7056 ;;		On exit  : 0/0
  7057 ;;		Unchanged: 0/0
  7058 ;; Data sizes:     COMRAM   BANK0   BANK1   BANK2   BANK3   BANK4   BANK5
  7059 ;;      Params:         0       0       0       0       0       0       0
  7060 ;;      Locals:         1       0       0       0       0       0       0
  7061 ;;      Temps:          0       0       0       0       0       0       0
  7062 ;;      Totals:         1       0       0       0       0       0       0
  7063 ;;Total ram usage:        1 bytes
  7064 ;; Hardware stack levels used:    1
  7065 ;; Hardware stack levels required when called:    5
  7066 ;; This function calls:
  7067 ;;		_CreateBuffTX
  7068 ;;		_SendUSART
  7069 ;; This function is called by:
  7070 ;;		_main
  7071 ;; This function uses a non-reentrant model
  7072 ;;
  7073                           
  7074                           	psect	text40
  7075  0020D4                     __ptext40:
  7076                           	opt stack 0
  7077  0020D4                     _LCDversionSend:
  7078                           	opt stack 0
  7079  0020D4  FFFF               	dw	65535	; assembler added errata NOP
  7080                           
  7081                           ;nextion.h: 301: unsigned char rep = 3;
  7082                           
  7083                           ;incstack = 0
  7084  0020D6  0E03               	movlw	3
  7085  0020D8  6E12               	movwf	LCDversionSend@rep,c
  7086                           
  7087                           ;nextion.h: 302: while(rep--)
  7088  0020DA  D00B               	goto	l3822
  7089  0020DC                     l3818:
  7090                           
  7091                           ;nextion.h: 303: {;nextion.h: 304: CreateBuffTX("version",81); SendUSART();
  7092  0020DC  0E21               	movlw	low STR_26
  7093  0020DE  6E0C               	movwf	CreateBuffTX@str,c
  7094  0020E0  0E51               	movlw	81
  7095  0020E2  6E0D               	movwf	CreateBuffTX@data,c
  7096  0020E4  6A0E               	clrf	CreateBuffTX@data+1,c
  7097  0020E6  6A0F               	clrf	CreateBuffTX@data+2,c
  7098  0020E8  6A10               	clrf	CreateBuffTX@data+3,c
  7099  0020EA  EC83  F00D         	call	_CreateBuffTX	;wreg free
  7100  0020EE  EC31  F011         	call	_SendUSART	;wreg free
  7101  0020F2                     l3822:
  7102  0020F2  FFFF               	dw	65535	; assembler added errata NOP
  7103  0020F4  0612               	decf	LCDversionSend@rep,f,c
  7104  0020F6  2812               	incf	LCDversionSend@rep,w,c
  7105  0020F8  E1F1               	bnz	l3818
  7106  0020FA  0012               	return		;funcret
  7107  0020FC  FFFF               	dw	65535	; errata NOP
  7108  0020FE                     __end_of_LCDversionSend:
  7109                           	opt stack 0
  7110                           stkptr	equ	0xFFC
  7111                           tblptru	equ	0xFF8
  7112                           tblptrh	equ	0xFF7
  7113                           tblptrl	equ	0xFF6
  7114                           tablat	equ	0xFF5
  7115                           prodh	equ	0xFF4
  7116                           prodl	equ	0xFF3
  7117                           intcon	equ	0xFF2
  7118                           intcon2	equ	0xFF1
  7119                           postinc0	equ	0xFEE
  7120                           wreg	equ	0xFE8
  7121                           indf2	equ	0xFDF
  7122                           fsr2h	equ	0xFDA
  7123                           fsr2l	equ	0xFD9
  7124                           status	equ	0xFD8
  7125                           
  7126 ;; *************** function _SendUSART *****************
  7127 ;; Defined at:
  7128 ;;		line 194 in file "../nextion.h"
  7129 ;; Parameters:    Size  Location     Type
  7130 ;;		None
  7131 ;; Auto vars:     Size  Location     Type
  7132 ;;		None
  7133 ;; Return value:  Size  Location     Type
  7134 ;;                  1    wreg      void 
  7135 ;; Registers used:
  7136 ;;		wreg, status,2, status,0, cstack
  7137 ;; Tracked objects:
  7138 ;;		On entry : 0/0
  7139 ;;		On exit  : 0/0
  7140 ;;		Unchanged: 0/0
  7141 ;; Data sizes:     COMRAM   BANK0   BANK1   BANK2   BANK3   BANK4   BANK5
  7142 ;;      Params:         0       0       0       0       0       0       0
  7143 ;;      Locals:         0       0       0       0       0       0       0
  7144 ;;      Temps:          0       0       0       0       0       0       0
  7145 ;;      Totals:         0       0       0       0       0       0       0
  7146 ;;Total ram usage:        0 bytes
  7147 ;; Hardware stack levels used:    1
  7148 ;; Hardware stack levels required when called:    4
  7149 ;; This function calls:
  7150 ;;		_DelayMs
  7151 ;; This function is called by:
  7152 ;;		_SetupMode
  7153 ;;		_LCDpageSelect
  7154 ;;		_LCDversionSend
  7155 ;; This function uses a non-reentrant model
  7156 ;;
  7157                           
  7158                           	psect	text41
  7159  002262                     __ptext41:
  7160                           	opt stack 0
  7161  002262                     _SendUSART:
  7162                           	opt stack 0
  7163  002262  FFFF               	dw	65535	; assembler added errata NOP
  7164                           
  7165                           ;nextion.h: 196: txb = 0; PIE1bits.TXIE = 1;
  7166                           
  7167                           ;incstack = 0
  7168  002264  0100               	movlb	0	; () banked
  7169  002266  6B87               	clrf	_txb& (0+255),b	;volatile
  7170  002268  889D               	bsf	3997,4,c	;volatile
  7171                           
  7172                           ;nextion.h: 197: while(PIE1bits.TXIE) asm("clrwdt");
  7173  00226A  D002               	goto	l521
  7174  00226C                     l522:
  7175  00226C  FFFF               	dw	65535	; assembler added errata NOP
  7176  00226E  0004               	clrwdt		;# 
  7177  002270                     l521:
  7178  002270  FFFF               	dw	65535	; assembler added errata NOP
  7179  002272  B89D               	btfsc	3997,4,c	;volatile
  7180  002274  D7FB               	goto	l522
  7181                           
  7182                           ;nextion.h: 198: DelayMs(5);
  7183  002276  0E05               	movlw	5
  7184  002278  EFE2  F010         	goto	_DelayMs
  7185  00227C  FFFF               	dw	65535	; errata NOP
  7186  00227E                     __end_of_SendUSART:
  7187                           	opt stack 0
  7188                           stkptr	equ	0xFFC
  7189                           tblptru	equ	0xFF8
  7190                           tblptrh	equ	0xFF7
  7191                           tblptrl	equ	0xFF6
  7192                           tablat	equ	0xFF5
  7193                           prodh	equ	0xFF4
  7194                           prodl	equ	0xFF3
  7195                           intcon	equ	0xFF2
  7196                           intcon2	equ	0xFF1
  7197                           postinc0	equ	0xFEE
  7198                           wreg	equ	0xFE8
  7199                           indf2	equ	0xFDF
  7200                           fsr2h	equ	0xFDA
  7201                           fsr2l	equ	0xFD9
  7202                           status	equ	0xFD8
  7203                           
  7204 ;; *************** function _DelayMs *****************
  7205 ;; Defined at:
  7206 ;;		line 70 in file "../digital.h"
  7207 ;; Parameters:    Size  Location     Type
  7208 ;;  ms              1    wreg     unsigned char 
  7209 ;; Auto vars:     Size  Location     Type
  7210 ;;  ms              1    5[COMRAM] unsigned char 
  7211 ;; Return value:  Size  Location     Type
  7212 ;;                  1    wreg      void 
  7213 ;; Registers used:
  7214 ;;		wreg, status,2, status,0
  7215 ;; Tracked objects:
  7216 ;;		On entry : 0/0
  7217 ;;		On exit  : 0/0
  7218 ;;		Unchanged: 0/0
  7219 ;; Data sizes:     COMRAM   BANK0   BANK1   BANK2   BANK3   BANK4   BANK5
  7220 ;;      Params:         0       0       0       0       0       0       0
  7221 ;;      Locals:         1       0       0       0       0       0       0
  7222 ;;      Temps:          1       0       0       0       0       0       0
  7223 ;;      Totals:         2       0       0       0       0       0       0
  7224 ;;Total ram usage:        2 bytes
  7225 ;; Hardware stack levels used:    1
  7226 ;; Hardware stack levels required when called:    3
  7227 ;; This function calls:
  7228 ;;		Nothing
  7229 ;; This function is called by:
  7230 ;;		_Beep
  7231 ;;		_PTT_ON
  7232 ;;		_PTT_OFF
  7233 ;;		_SendUSART
  7234 ;; This function uses a non-reentrant model
  7235 ;;
  7236                           
  7237                           	psect	text42
  7238  0021C4                     __ptext42:
  7239                           	opt stack 0
  7240  0021C4                     _DelayMs:
  7241                           	opt stack 0
  7242  0021C4  FFFF               	dw	65535	; assembler added errata NOP
  7243                           
  7244                           ;incstack = 0
  7245                           ;DelayMs@ms stored from wreg
  7246  0021C6  6E06               	movwf	DelayMs@ms,c
  7247                           
  7248                           ;digital.h: 72: while(ms--)
  7249  0021C8  D00A               	goto	l2756
  7250  0021CA                     l334:
  7251  0021CA  0004               	clrwdt		;# 
  7252                           
  7253                           ;digital.h: 75: _delay((unsigned long)((1)*(40000000/4000.0)));
  7254  0021CC  0E0A               	movlw	10
  7255  0021CE  6E05               	movwf	??_DelayMs& (0+255),c
  7256  0021D0  0EBE               	movlw	190
  7257  0021D2                     u5207:
  7258  0021D2  FFFF               	dw	65535	; errata NOP
  7259  0021D4  2EE8               	decfsz	wreg,f,c
  7260  0021D6  D7FD               	bra	u5207
  7261  0021D8  2E05               	decfsz	??_DelayMs& (0+255),f,c
  7262  0021DA  D7FB               	bra	u5207
  7263  0021DC  D000               	nop2	
  7264  0021DE                     l2756:
  7265  0021DE  FFFF               	dw	65535	; assembler added errata NOP
  7266  0021E0  0606               	decf	DelayMs@ms,f,c
  7267  0021E2  2806               	incf	DelayMs@ms,w,c
  7268  0021E4  E1F2               	bnz	l334
  7269  0021E6  0012               	return		;funcret
  7270  0021E8  FFFF               	dw	65535	; errata NOP
  7271  0021EA                     __end_of_DelayMs:
  7272                           	opt stack 0
  7273                           stkptr	equ	0xFFC
  7274                           tblptru	equ	0xFF8
  7275                           tblptrh	equ	0xFF7
  7276                           tblptrl	equ	0xFF6
  7277                           tablat	equ	0xFF5
  7278                           prodh	equ	0xFF4
  7279                           prodl	equ	0xFF3
  7280                           intcon	equ	0xFF2
  7281                           intcon2	equ	0xFF1
  7282                           postinc0	equ	0xFEE
  7283                           wreg	equ	0xFE8
  7284                           indf2	equ	0xFDF
  7285                           fsr2h	equ	0xFDA
  7286                           fsr2l	equ	0xFD9
  7287                           status	equ	0xFD8
  7288                           
  7289 ;; *************** function _CreateBuffTX *****************
  7290 ;; Defined at:
  7291 ;;		line 24 in file "../nextion.h"
  7292 ;; Parameters:    Size  Location     Type
  7293 ;;  str             1   11[COMRAM] PTR const unsigned char 
  7294 ;;		 -> STR_26(8), STR_25(12), STR_24(10), STR_23(10), 
  7295 ;;		 -> STR_22(4), STR_21(4), STR_20(4), STR_19(5), 
  7296 ;;		 -> STR_18(4), STR_17(4), STR_16(5), STR_15(5), 
  7297 ;;		 -> STR_14(4), STR_13(4), STR_12(4), STR_11(4), 
  7298 ;;		 -> STR_10(4), STR_9(4), STR_8(5), STR_7(5), 
  7299 ;;		 -> STR_6(5), STR_5(5), STR_4(4), STR_3(4), 
  7300 ;;		 -> STR_2(4), STR_1(4), 
  7301 ;;  data            4   12[COMRAM] unsigned long 
  7302 ;; Auto vars:     Size  Location     Type
  7303 ;;		None
  7304 ;; Return value:  Size  Location     Type
  7305 ;;                  1    wreg      void 
  7306 ;; Registers used:
  7307 ;;		wreg, fsr2l, fsr2h, status,2, status,0, tblptrl, tblptrh, tblptru, cstack
  7308 ;; Tracked objects:
  7309 ;;		On entry : 0/0
  7310 ;;		On exit  : 0/0
  7311 ;;		Unchanged: 0/0
  7312 ;; Data sizes:     COMRAM   BANK0   BANK1   BANK2   BANK3   BANK4   BANK5
  7313 ;;      Params:         5       0       0       0       0       0       0
  7314 ;;      Locals:         0       0       0       0       0       0       0
  7315 ;;      Temps:          1       0       0       0       0       0       0
  7316 ;;      Totals:         6       0       0       0       0       0       0
  7317 ;;Total ram usage:        6 bytes
  7318 ;; Hardware stack levels used:    1
  7319 ;; Hardware stack levels required when called:    4
  7320 ;; This function calls:
  7321 ;;		_ConvertNumber
  7322 ;; This function is called by:
  7323 ;;		_SendStatusToLCD
  7324 ;;		_SetupMode
  7325 ;;		_LCDpageSelect
  7326 ;;		_LCDversionSend
  7327 ;; This function uses a non-reentrant model
  7328 ;;
  7329                           
  7330                           	psect	text43
  7331  001B06                     __ptext43:
  7332                           	opt stack 0
  7333  001B06                     _CreateBuffTX:
  7334                           	opt stack 0
  7335  001B06  FFFF               	dw	65535	; assembler added errata NOP
  7336                           
  7337                           ;nextion.h: 26: for(tx_len = 0; str[tx_len] != '\0'; tx_len++) buffTX[tx_len] = str[tx_l
      +                          en];
  7338                           
  7339                           ;incstack = 0
  7340  001B08  6A52               	clrf	_tx_len,c	;volatile
  7341  001B0A  D00E               	goto	l2966
  7342  001B0C                     l2962:
  7343  001B0C  500C               	movf	CreateBuffTX@str,w,c
  7344  001B0E  2452               	addwf	_tx_len,w,c
  7345  001B10  6E11               	movwf	??_CreateBuffTX& (0+255),c
  7346  001B12  C011  FFF6         	movff	??_CreateBuffTX,tblptrl
  7347  001B16                     	if	0	;There is only one active tblptr byte
  7348  001B16                     	endif
  7349  001B16                     	if	0	;tblptru may be non-zero
  7350  001B16                     	endif
  7351  001B16                     	if	0	;tblptru may be non-zero
  7352  001B16                     	endif
  7353  001B16  5052               	movf	_tx_len,w,c
  7354  001B18  0F8F               	addlw	low _buffTX
  7355  001B1A  6ED9               	movwf	fsr2l,c
  7356  001B1C  6ADA               	clrf	fsr2h,c
  7357  001B1E  0008               	tblrd		*
  7358  001B20  FFFF               	dw	65535	; errata NOP
  7359  001B22  CFF5 FFDF          	movff	tablat,indf2
  7360  001B26  2A52               	incf	_tx_len,f,c	;volatile
  7361  001B28                     l2966:
  7362  001B28  FFFF               	dw	65535	; assembler added errata NOP
  7363  001B2A  500C               	movf	CreateBuffTX@str,w,c
  7364  001B2C  2452               	addwf	_tx_len,w,c
  7365  001B2E  6E11               	movwf	??_CreateBuffTX& (0+255),c
  7366  001B30  C011  FFF6         	movff	??_CreateBuffTX,tblptrl
  7367  001B34                     	if	0	;There is only one active tblptr byte
  7368  001B34                     	endif
  7369  001B34                     	if	0	;tblptru may be non-zero
  7370  001B34                     	endif
  7371  001B34                     	if	0	;tblptru may be non-zero
  7372  001B34                     	endif
  7373  001B34  0008               	tblrd		*
  7374  001B36  FFFF               	dw	65535	; errata NOP
  7375  001B38  50F5               	movf	tablat,w,c
  7376  001B3A  E1E8               	bnz	l2962
  7377                           
  7378                           ;nextion.h: 28: if (data != 0xFFFFFF)
  7379  001B3C  280D               	incf	CreateBuffTX@data,w,c
  7380  001B3E  E105               	bnz	u2760
  7381  001B40  280E               	incf	CreateBuffTX@data+1,w,c
  7382  001B42  E103               	bnz	u2760
  7383  001B44  280F               	incf	CreateBuffTX@data+2,w,c
  7384  001B46  1010               	iorwf	CreateBuffTX@data+3,w,c
  7385  001B48  E016               	bz	l2978
  7386  001B4A                     u2760:
  7387                           
  7388                           ;nextion.h: 29: {;nextion.h: 30: buffTX[tx_len++] = '=';
  7389  001B4A  5052               	movf	_tx_len,w,c
  7390  001B4C  0F8F               	addlw	low _buffTX
  7391  001B4E  6ED9               	movwf	fsr2l,c
  7392  001B50  6ADA               	clrf	fsr2h,c
  7393  001B52  0E3D               	movlw	61
  7394  001B54  6EDF               	movwf	indf2,c
  7395  001B56  2A52               	incf	_tx_len,f,c	;volatile
  7396                           
  7397                           ;nextion.h: 31: ConvertNumber(data, (unsigned char *)&buffTX[tx_len]);
  7398  001B58  C00D  F005         	movff	CreateBuffTX@data,ConvertNumber@number
  7399  001B5C  C00E  F006         	movff	CreateBuffTX@data+1,ConvertNumber@number+1
  7400  001B60  C00F  F007         	movff	CreateBuffTX@data+2,ConvertNumber@number+2
  7401  001B64  C010  F008         	movff	CreateBuffTX@data+3,ConvertNumber@number+3
  7402  001B68  5052               	movf	_tx_len,w,c
  7403  001B6A  0F8F               	addlw	low _buffTX
  7404  001B6C  6E09               	movwf	ConvertNumber@conv,c
  7405  001B6E  EC7F  F009         	call	_ConvertNumber	;wreg free
  7406                           
  7407                           ;nextion.h: 32: tx_len += 6;
  7408  001B72  0E06               	movlw	6
  7409  001B74  2652               	addwf	_tx_len,f,c	;volatile
  7410  001B76                     l2978:
  7411                           
  7412                           ;nextion.h: 33: };nextion.h: 35: buffTX[tx_len++] = 0xFF;
  7413  001B76  5052               	movf	_tx_len,w,c
  7414  001B78  0F8F               	addlw	low _buffTX
  7415  001B7A  6ED9               	movwf	fsr2l,c
  7416  001B7C  6ADA               	clrf	fsr2h,c
  7417  001B7E  68DF               	setf	indf2,c
  7418  001B80  2A52               	incf	_tx_len,f,c	;volatile
  7419                           
  7420                           ;nextion.h: 36: buffTX[tx_len++] = 0xFF;
  7421  001B82  5052               	movf	_tx_len,w,c
  7422  001B84  0F8F               	addlw	low _buffTX
  7423  001B86  6ED9               	movwf	fsr2l,c
  7424  001B88  6ADA               	clrf	fsr2h,c
  7425  001B8A  68DF               	setf	indf2,c
  7426  001B8C  2A52               	incf	_tx_len,f,c	;volatile
  7427                           
  7428                           ;nextion.h: 37: buffTX[tx_len] = 0xFF;
  7429  001B8E  5052               	movf	_tx_len,w,c
  7430  001B90  0F8F               	addlw	low _buffTX
  7431  001B92  6ED9               	movwf	fsr2l,c
  7432  001B94  6ADA               	clrf	fsr2h,c
  7433  001B96  68DF               	setf	indf2,c
  7434  001B98  0CFF               	retlw	255	;funcret
  7435  001B9A  FFFF               	dw	65535	; errata NOP
  7436  001B9C                     __end_of_CreateBuffTX:
  7437                           	opt stack 0
  7438                           stkptr	equ	0xFFC
  7439                           tblptru	equ	0xFF8
  7440                           tblptrh	equ	0xFF7
  7441                           tblptrl	equ	0xFF6
  7442                           tablat	equ	0xFF5
  7443                           prodh	equ	0xFF4
  7444                           prodl	equ	0xFF3
  7445                           intcon	equ	0xFF2
  7446                           intcon2	equ	0xFF1
  7447                           postinc0	equ	0xFEE
  7448                           wreg	equ	0xFE8
  7449                           indf2	equ	0xFDF
  7450                           fsr2h	equ	0xFDA
  7451                           fsr2l	equ	0xFD9
  7452                           status	equ	0xFD8
  7453                           
  7454 ;; *************** function _ConvertNumber *****************
  7455 ;; Defined at:
  7456 ;;		line 6 in file "../nextion.h"
  7457 ;; Parameters:    Size  Location     Type
  7458 ;;  number          4    4[COMRAM] unsigned long 
  7459 ;;  conv            1    8[COMRAM] PTR unsigned char 
  7460 ;;		 -> buffTX(64), 
  7461 ;; Auto vars:     Size  Location     Type
  7462 ;;		None
  7463 ;; Return value:  Size  Location     Type
  7464 ;;                  1    wreg      void 
  7465 ;; Registers used:
  7466 ;;		wreg, fsr2l, fsr2h, status,2, status,0
  7467 ;; Tracked objects:
  7468 ;;		On entry : 0/0
  7469 ;;		On exit  : 0/0
  7470 ;;		Unchanged: 0/0
  7471 ;; Data sizes:     COMRAM   BANK0   BANK1   BANK2   BANK3   BANK4   BANK5
  7472 ;;      Params:         5       0       0       0       0       0       0
  7473 ;;      Locals:         0       0       0       0       0       0       0
  7474 ;;      Temps:          0       0       0       0       0       0       0
  7475 ;;      Totals:         5       0       0       0       0       0       0
  7476 ;;Total ram usage:        5 bytes
  7477 ;; Hardware stack levels used:    1
  7478 ;; Hardware stack levels required when called:    3
  7479 ;; This function calls:
  7480 ;;		Nothing
  7481 ;; This function is called by:
  7482 ;;		_CreateBuffTX
  7483 ;; This function uses a non-reentrant model
  7484 ;;
  7485                           
  7486                           	psect	text44
  7487  0012FE                     __ptext44:
  7488                           	opt stack 0
  7489  0012FE                     _ConvertNumber:
  7490                           	opt stack 0
  7491  0012FE  FFFF               	dw	65535	; assembler added errata NOP
  7492                           
  7493                           ;nextion.h: 8: conv[0] = 0x30;
  7494                           
  7495                           ;incstack = 0
  7496  001300  5009               	movf	ConvertNumber@conv,w,c
  7497  001302  6ED9               	movwf	fsr2l,c
  7498  001304  6ADA               	clrf	fsr2h,c
  7499  001306  0E30               	movlw	48
  7500  001308  6EDF               	movwf	indf2,c
  7501                           
  7502                           ;nextion.h: 9: conv[1] = 0x30;
  7503  00130A  5009               	movf	ConvertNumber@conv,w,c
  7504  00130C  6ED9               	movwf	fsr2l,c
  7505  00130E  6ADA               	clrf	fsr2h,c
  7506  001310  2AD9               	incf	fsr2l,f,c
  7507  001312  0E30               	movlw	48
  7508  001314  6EDF               	movwf	indf2,c
  7509                           
  7510                           ;nextion.h: 10: conv[2] = 0x30;
  7511  001316  5009               	movf	ConvertNumber@conv,w,c
  7512  001318  6ED9               	movwf	fsr2l,c
  7513  00131A  6ADA               	clrf	fsr2h,c
  7514  00131C  0E02               	movlw	2
  7515  00131E  26D9               	addwf	fsr2l,f,c
  7516  001320  0E30               	movlw	48
  7517  001322  6EDF               	movwf	indf2,c
  7518                           
  7519                           ;nextion.h: 11: conv[3] = 0x30;
  7520  001324  5009               	movf	ConvertNumber@conv,w,c
  7521  001326  6ED9               	movwf	fsr2l,c
  7522  001328  6ADA               	clrf	fsr2h,c
  7523  00132A  0E03               	movlw	3
  7524  00132C  26D9               	addwf	fsr2l,f,c
  7525  00132E  0E30               	movlw	48
  7526  001330  6EDF               	movwf	indf2,c
  7527                           
  7528                           ;nextion.h: 12: conv[4] = 0x30;
  7529  001332  5009               	movf	ConvertNumber@conv,w,c
  7530  001334  6ED9               	movwf	fsr2l,c
  7531  001336  6ADA               	clrf	fsr2h,c
  7532  001338  0E04               	movlw	4
  7533  00133A  26D9               	addwf	fsr2l,f,c
  7534  00133C  0E30               	movlw	48
  7535  00133E  6EDF               	movwf	indf2,c
  7536                           
  7537                           ;nextion.h: 13: conv[5] = 0x30;
  7538  001340  5009               	movf	ConvertNumber@conv,w,c
  7539  001342  6ED9               	movwf	fsr2l,c
  7540  001344  6ADA               	clrf	fsr2h,c
  7541  001346  0E05               	movlw	5
  7542  001348  26D9               	addwf	fsr2l,f,c
  7543  00134A  0E30               	movlw	48
  7544  00134C  6EDF               	movwf	indf2,c
  7545                           
  7546                           ;nextion.h: 15: while(number > 99999) {number -= 100000; conv[0]++;}
  7547  00134E  D00D               	goto	l2774
  7548  001350                     l2770:
  7549  001350  FFFF               	dw	65535	; assembler added errata NOP
  7550  001352  0EA0               	movlw	160
  7551  001354  5E05               	subwf	ConvertNumber@number,f,c
  7552  001356  0E86               	movlw	134
  7553  001358  5A06               	subwfb	ConvertNumber@number+1,f,c
  7554  00135A  0E01               	movlw	1
  7555  00135C  5A07               	subwfb	ConvertNumber@number+2,f,c
  7556  00135E  0E00               	movlw	0
  7557  001360  5A08               	subwfb	ConvertNumber@number+3,f,c
  7558  001362  5009               	movf	ConvertNumber@conv,w,c
  7559  001364  6ED9               	movwf	fsr2l,c
  7560  001366  6ADA               	clrf	fsr2h,c
  7561  001368  2ADF               	incf	indf2,f,c
  7562  00136A                     l2774:
  7563  00136A  FFFF               	dw	65535	; assembler added errata NOP
  7564  00136C  5008               	movf	ConvertNumber@number+3,w,c
  7565  00136E  E1F0               	bnz	l2770
  7566  001370  0EA0               	movlw	160
  7567  001372  5C05               	subwf	ConvertNumber@number,w,c
  7568  001374  0E86               	movlw	134
  7569  001376  5806               	subwfb	ConvertNumber@number+1,w,c
  7570  001378  0E01               	movlw	1
  7571  00137A  5807               	subwfb	ConvertNumber@number+2,w,c
  7572  00137C  E30E               	bnc	l2780
  7573  00137E  D7E8               	goto	l2770
  7574  001380                     l2776:
  7575  001380  FFFF               	dw	65535	; assembler added errata NOP
  7576  001382  0E10               	movlw	16
  7577  001384  5E05               	subwf	ConvertNumber@number,f,c
  7578  001386  0E27               	movlw	39
  7579  001388  5A06               	subwfb	ConvertNumber@number+1,f,c
  7580  00138A  0E00               	movlw	0
  7581  00138C  5A07               	subwfb	ConvertNumber@number+2,f,c
  7582  00138E  5A08               	subwfb	ConvertNumber@number+3,f,c
  7583  001390  5009               	movf	ConvertNumber@conv,w,c
  7584  001392  6ED9               	movwf	fsr2l,c
  7585  001394  6ADA               	clrf	fsr2h,c
  7586  001396  2AD9               	incf	fsr2l,f,c
  7587  001398  2ADF               	incf	indf2,f,c
  7588  00139A                     l2780:
  7589  00139A  5008               	movf	ConvertNumber@number+3,w,c
  7590  00139C  1007               	iorwf	ConvertNumber@number+2,w,c
  7591  00139E  E1F0               	bnz	l2776
  7592  0013A0  0E10               	movlw	16
  7593  0013A2  5C05               	subwf	ConvertNumber@number,w,c
  7594  0013A4  0E27               	movlw	39
  7595  0013A6  5806               	subwfb	ConvertNumber@number+1,w,c
  7596  0013A8  E30F               	bnc	l2786
  7597  0013AA  D7EA               	goto	l2776
  7598  0013AC                     l2782:
  7599  0013AC  FFFF               	dw	65535	; assembler added errata NOP
  7600  0013AE  0EE8               	movlw	232
  7601  0013B0  5E05               	subwf	ConvertNumber@number,f,c
  7602  0013B2  0E03               	movlw	3
  7603  0013B4  5A06               	subwfb	ConvertNumber@number+1,f,c
  7604  0013B6  0E00               	movlw	0
  7605  0013B8  5A07               	subwfb	ConvertNumber@number+2,f,c
  7606  0013BA  5A08               	subwfb	ConvertNumber@number+3,f,c
  7607  0013BC  5009               	movf	ConvertNumber@conv,w,c
  7608  0013BE  6ED9               	movwf	fsr2l,c
  7609  0013C0  6ADA               	clrf	fsr2h,c
  7610  0013C2  0E02               	movlw	2
  7611  0013C4  26D9               	addwf	fsr2l,f,c
  7612  0013C6  2ADF               	incf	indf2,f,c
  7613  0013C8                     l2786:
  7614  0013C8  5008               	movf	ConvertNumber@number+3,w,c
  7615  0013CA  1007               	iorwf	ConvertNumber@number+2,w,c
  7616  0013CC  E1EF               	bnz	l2782
  7617  0013CE  0EE8               	movlw	232
  7618  0013D0  5C05               	subwf	ConvertNumber@number,w,c
  7619  0013D2  0E03               	movlw	3
  7620  0013D4  5806               	subwfb	ConvertNumber@number+1,w,c
  7621  0013D6  E30E               	bnc	l2792
  7622  0013D8  D7E9               	goto	l2782
  7623  0013DA                     l2788:
  7624  0013DA  FFFF               	dw	65535	; assembler added errata NOP
  7625  0013DC  0E64               	movlw	100
  7626  0013DE  5E05               	subwf	ConvertNumber@number,f,c
  7627  0013E0  0E00               	movlw	0
  7628  0013E2  5A06               	subwfb	ConvertNumber@number+1,f,c
  7629  0013E4  5A07               	subwfb	ConvertNumber@number+2,f,c
  7630  0013E6  5A08               	subwfb	ConvertNumber@number+3,f,c
  7631  0013E8  5009               	movf	ConvertNumber@conv,w,c
  7632  0013EA  6ED9               	movwf	fsr2l,c
  7633  0013EC  6ADA               	clrf	fsr2h,c
  7634  0013EE  0E03               	movlw	3
  7635  0013F0  26D9               	addwf	fsr2l,f,c
  7636  0013F2  2ADF               	incf	indf2,f,c
  7637  0013F4                     l2792:
  7638  0013F4  5008               	movf	ConvertNumber@number+3,w,c
  7639  0013F6  1007               	iorwf	ConvertNumber@number+2,w,c
  7640  0013F8  1006               	iorwf	ConvertNumber@number+1,w,c
  7641  0013FA  E1EF               	bnz	l2788
  7642  0013FC  0E64               	movlw	100
  7643  0013FE  5C05               	subwf	ConvertNumber@number,w,c
  7644  001400  E30D               	bnc	l2798
  7645  001402  D7EB               	goto	l2788
  7646  001404                     l2794:
  7647  001404  0E0A               	movlw	10
  7648  001406  5E05               	subwf	ConvertNumber@number,f,c
  7649  001408  0E00               	movlw	0
  7650  00140A  5A06               	subwfb	ConvertNumber@number+1,f,c
  7651  00140C  5A07               	subwfb	ConvertNumber@number+2,f,c
  7652  00140E  5A08               	subwfb	ConvertNumber@number+3,f,c
  7653  001410  5009               	movf	ConvertNumber@conv,w,c
  7654  001412  6ED9               	movwf	fsr2l,c
  7655  001414  6ADA               	clrf	fsr2h,c
  7656  001416  0E04               	movlw	4
  7657  001418  26D9               	addwf	fsr2l,f,c
  7658  00141A  2ADF               	incf	indf2,f,c
  7659  00141C                     l2798:
  7660  00141C  5008               	movf	ConvertNumber@number+3,w,c
  7661  00141E  1007               	iorwf	ConvertNumber@number+2,w,c
  7662  001420  1006               	iorwf	ConvertNumber@number+1,w,c
  7663  001422  E1F0               	bnz	l2794
  7664  001424  0E0A               	movlw	10
  7665  001426  5C05               	subwf	ConvertNumber@number,w,c
  7666  001428  E2ED               	bc	l2794
  7667                           
  7668                           ;nextion.h: 20: conv[5] += number;
  7669  00142A  5009               	movf	ConvertNumber@conv,w,c
  7670  00142C  6ED9               	movwf	fsr2l,c
  7671  00142E  6ADA               	clrf	fsr2h,c
  7672  001430  0E05               	movlw	5
  7673  001432  26D9               	addwf	fsr2l,f,c
  7674  001434  5005               	movf	ConvertNumber@number,w,c
  7675  001436  26DF               	addwf	indf2,f,c
  7676  001438  0012               	return		;funcret
  7677  00143A  FFFF               	dw	65535	; errata NOP
  7678  00143C                     __end_of_ConvertNumber:
  7679                           	opt stack 0
  7680                           stkptr	equ	0xFFC
  7681                           tblptru	equ	0xFF8
  7682                           tblptrh	equ	0xFF7
  7683                           tblptrl	equ	0xFF6
  7684                           tablat	equ	0xFF5
  7685                           prodh	equ	0xFF4
  7686                           prodl	equ	0xFF3
  7687                           intcon	equ	0xFF2
  7688                           intcon2	equ	0xFF1
  7689                           postinc0	equ	0xFEE
  7690                           wreg	equ	0xFE8
  7691                           indf2	equ	0xFDF
  7692                           fsr2h	equ	0xFDA
  7693                           fsr2l	equ	0xFD9
  7694                           status	equ	0xFD8
  7695                           
  7696 ;; *************** function _DelayS *****************
  7697 ;; Defined at:
  7698 ;;		line 60 in file "../digital.h"
  7699 ;; Parameters:    Size  Location     Type
  7700 ;;  sec             1    wreg     unsigned char 
  7701 ;; Auto vars:     Size  Location     Type
  7702 ;;  sec             1    6[COMRAM] unsigned char 
  7703 ;; Return value:  Size  Location     Type
  7704 ;;                  1    wreg      void 
  7705 ;; Registers used:
  7706 ;;		wreg, status,2, status,0, prodl, prodh
  7707 ;; Tracked objects:
  7708 ;;		On entry : 0/0
  7709 ;;		On exit  : 0/0
  7710 ;;		Unchanged: 0/0
  7711 ;; Data sizes:     COMRAM   BANK0   BANK1   BANK2   BANK3   BANK4   BANK5
  7712 ;;      Params:         0       0       0       0       0       0       0
  7713 ;;      Locals:         1       0       0       0       0       0       0
  7714 ;;      Temps:          2       0       0       0       0       0       0
  7715 ;;      Totals:         3       0       0       0       0       0       0
  7716 ;;Total ram usage:        3 bytes
  7717 ;; Hardware stack levels used:    1
  7718 ;; Hardware stack levels required when called:    3
  7719 ;; This function calls:
  7720 ;;		Nothing
  7721 ;; This function is called by:
  7722 ;;		_main
  7723 ;; This function uses a non-reentrant model
  7724 ;;
  7725                           
  7726                           	psect	text45
  7727  001FE6                     __ptext45:
  7728                           	opt stack 0
  7729  001FE6                     _DelayS:
  7730                           	opt stack 0
  7731  001FE6  FFFF               	dw	65535	; assembler added errata NOP
  7732                           
  7733                           ;incstack = 0
  7734                           ;DelayS@sec stored from wreg
  7735  001FE8  6E07               	movwf	DelayS@sec,c
  7736                           
  7737                           ;digital.h: 62: sec *= 10;
  7738  001FEA  0E0A               	movlw	10
  7739  001FEC  0207               	mulwf	DelayS@sec,c
  7740  001FEE  50F3               	movf	prodl,w,c
  7741  001FF0  6E07               	movwf	DelayS@sec,c
  7742                           
  7743                           ;digital.h: 63: while(sec--)
  7744  001FF2  D00E               	goto	l3508
  7745  001FF4                     l328:
  7746  001FF4  0004               	clrwdt		;# 
  7747                           
  7748                           ;digital.h: 66: _delay((unsigned long)((100)*(40000000/4000.0)));
  7749  001FF6  0E04               	movlw	4
  7750  001FF8  6E06               	movwf	(??_DelayS+1)& (0+255),c
  7751  001FFA  0ECF               	movlw	207
  7752  001FFC  6E05               	movwf	??_DelayS& (0+255),c
  7753  001FFE  0EA5               	movlw	165
  7754  002000                     u5217:
  7755  002000  FFFF               	dw	65535	; errata NOP
  7756  002002  2EE8               	decfsz	wreg,f,c
  7757  002004  D7FD               	bra	u5217
  7758  002006  2E05               	decfsz	??_DelayS& (0+255),f,c
  7759  002008  D7FB               	bra	u5217
  7760  00200A  2E06               	decfsz	(??_DelayS+1)& (0+255),f,c
  7761  00200C  D7F9               	bra	u5217
  7762  00200E  D000               	nop2	
  7763  002010                     l3508:
  7764  002010  FFFF               	dw	65535	; assembler added errata NOP
  7765  002012  0607               	decf	DelayS@sec,f,c
  7766  002014  2807               	incf	DelayS@sec,w,c
  7767  002016  E1EE               	bnz	l328
  7768  002018  0012               	return		;funcret
  7769  00201A  FFFF               	dw	65535	; errata NOP
  7770  00201C                     __end_of_DelayS:
  7771                           	opt stack 0
  7772                           stkptr	equ	0xFFC
  7773                           tblptru	equ	0xFF8
  7774                           tblptrh	equ	0xFF7
  7775                           tblptrl	equ	0xFF6
  7776                           tablat	equ	0xFF5
  7777                           prodh	equ	0xFF4
  7778                           prodl	equ	0xFF3
  7779                           intcon	equ	0xFF2
  7780                           intcon2	equ	0xFF1
  7781                           postinc0	equ	0xFEE
  7782                           wreg	equ	0xFE8
  7783                           indf2	equ	0xFDF
  7784                           fsr2h	equ	0xFDA
  7785                           fsr2l	equ	0xFD9
  7786                           status	equ	0xFD8
  7787                           
  7788 ;; *************** function _ADCmeasure *****************
  7789 ;; Defined at:
  7790 ;;		line 14 in file "../adc.h"
  7791 ;; Parameters:    Size  Location     Type
  7792 ;;		None
  7793 ;; Auto vars:     Size  Location     Type
  7794 ;;		None
  7795 ;; Return value:  Size  Location     Type
  7796 ;;                  1    wreg      void 
  7797 ;; Registers used:
  7798 ;;		wreg, status,2, status,0, cstack
  7799 ;; Tracked objects:
  7800 ;;		On entry : 0/0
  7801 ;;		On exit  : 3F/0
  7802 ;;		Unchanged: 0/0
  7803 ;; Data sizes:     COMRAM   BANK0   BANK1   BANK2   BANK3   BANK4   BANK5
  7804 ;;      Params:         0       0       0       0       0       0       0
  7805 ;;      Locals:         0       0       0       0       0       0       0
  7806 ;;      Temps:          0       0       0       0       0       0       0
  7807 ;;      Totals:         0       0       0       0       0       0       0
  7808 ;;Total ram usage:        0 bytes
  7809 ;; Hardware stack levels used:    1
  7810 ;; Hardware stack levels required when called:    4
  7811 ;; This function calls:
  7812 ;;		_ADC
  7813 ;; This function is called by:
  7814 ;;		_main
  7815 ;; This function uses a non-reentrant model
  7816 ;;
  7817                           
  7818                           	psect	text46
  7819  0019C0                     __ptext46:
  7820                           	opt stack 0
  7821  0019C0                     _ADCmeasure:
  7822                           	opt stack 0
  7823  0019C0  FFFF               	dw	65535	; assembler added errata NOP
  7824                           
  7825                           ;adc.h: 17: frwd = ADC(1);
  7826                           
  7827                           ;incstack = 0
  7828  0019C2  0E01               	movlw	1
  7829  0019C4  EC26  F010         	call	_ADC
  7830  0019C8  C005  F050         	movff	?_ADC,_frwd	;volatile
  7831  0019CC  C006  F051         	movff	?_ADC+1,_frwd+1	;volatile
  7832                           
  7833                           ;adc.h: 18: refl = ADC(0);
  7834  0019D0  0E00               	movlw	0
  7835  0019D2  EC26  F010         	call	_ADC
  7836  0019D6  C005  F04E         	movff	?_ADC,_refl	;volatile
  7837  0019DA  C006  F04F         	movff	?_ADC+1,_refl+1	;volatile
  7838                           
  7839                           ;adc.h: 19: curr = ADC(4);
  7840  0019DE  0E04               	movlw	4
  7841  0019E0  EC26  F010         	call	_ADC
  7842  0019E4  C005  F04C         	movff	?_ADC,_curr	;volatile
  7843  0019E8  C006  F04D         	movff	?_ADC+1,_curr+1	;volatile
  7844                           
  7845                           ;adc.h: 20: volt = ADC(5);
  7846  0019EC  0E05               	movlw	5
  7847  0019EE  EC26  F010         	call	_ADC
  7848  0019F2  C005  F082         	movff	?_ADC,_volt	;volatile
  7849  0019F6  C006  F083         	movff	?_ADC+1,_volt+1	;volatile
  7850                           
  7851                           ;adc.h: 22: if (frwd < 10) frwd = 0;
  7852  0019FA  5051               	movf	_frwd+1,w,c	;volatile
  7853  0019FC  E105               	bnz	l3584
  7854  0019FE  0E0A               	movlw	10
  7855  001A00  5C50               	subwf	_frwd,w,c	;volatile
  7856  001A02  E202               	bc	l3584
  7857  001A04  6A50               	clrf	_frwd,c	;volatile
  7858  001A06  6A51               	clrf	_frwd+1,c	;volatile
  7859  001A08                     l3584:
  7860                           
  7861                           ;adc.h: 23: if (refl < 10) refl = 0;
  7862  001A08  504F               	movf	_refl+1,w,c	;volatile
  7863  001A0A  E105               	bnz	l3588
  7864  001A0C  0E0A               	movlw	10
  7865  001A0E  5C4E               	subwf	_refl,w,c	;volatile
  7866  001A10  E202               	bc	l3588
  7867  001A12  6A4E               	clrf	_refl,c	;volatile
  7868  001A14  6A4F               	clrf	_refl+1,c	;volatile
  7869  001A16                     l3588:
  7870                           
  7871                           ;adc.h: 24: if (curr < 10) curr = 0;
  7872  001A16  504D               	movf	_curr+1,w,c	;volatile
  7873  001A18  E105               	bnz	l3592
  7874  001A1A  0E0A               	movlw	10
  7875  001A1C  5C4C               	subwf	_curr,w,c	;volatile
  7876  001A1E  E202               	bc	l3592
  7877  001A20  6A4C               	clrf	_curr,c	;volatile
  7878  001A22  6A4D               	clrf	_curr+1,c	;volatile
  7879  001A24                     l3592:
  7880                           
  7881                           ;adc.h: 25: if (volt < 10) volt = 0;
  7882  001A24  0100               	movlb	0	; () banked
  7883  001A26  5183               	movf	(_volt+1)& (0+255),w,b	;volatile
  7884  001A28  E105               	bnz	l3596
  7885  001A2A  0E0A               	movlw	10
  7886  001A2C  5D82               	subwf	_volt& (0+255),w,b	;volatile
  7887  001A2E  E202               	bc	l3596
  7888                           
  7889                           ; BSR set to: 0
  7890  001A30  6B82               	clrf	_volt& (0+255),b	;volatile
  7891  001A32  6B83               	clrf	(_volt+1)& (0+255),b	;volatile
  7892  001A34                     l3596:
  7893                           
  7894                           ; BSR set to: 0
  7895                           ;adc.h: 27: if (frwd > fpeak) fpeak = frwd;
  7896  001A34  5050               	movf	_frwd,w,c	;volatile
  7897  001A36  5C46               	subwf	_fpeak,w,c	;volatile
  7898  001A38  5051               	movf	_frwd+1,w,c	;volatile
  7899  001A3A  5847               	subwfb	_fpeak+1,w,c	;volatile
  7900  001A3C  E204               	bc	l3600
  7901                           
  7902                           ; BSR set to: 0
  7903  001A3E  C050  F046         	movff	_frwd,_fpeak	;volatile
  7904  001A42  C051  F047         	movff	_frwd+1,_fpeak+1	;volatile
  7905  001A46                     l3600:
  7906                           
  7907                           ; BSR set to: 0
  7908                           ;adc.h: 28: if (refl > rpeak) rpeak = refl;
  7909  001A46  504E               	movf	_refl,w,c	;volatile
  7910  001A48  5D7A               	subwf	_rpeak& (0+255),w,b	;volatile
  7911  001A4A  504F               	movf	_refl+1,w,c	;volatile
  7912  001A4C  597B               	subwfb	(_rpeak+1)& (0+255),w,b	;volatile
  7913  001A4E  E204               	bc	l3604
  7914                           
  7915                           ; BSR set to: 0
  7916  001A50  C04E  F07A         	movff	_refl,_rpeak	;volatile
  7917  001A54  C04F  F07B         	movff	_refl+1,_rpeak+1	;volatile
  7918  001A58                     l3604:
  7919                           
  7920                           ; BSR set to: 0
  7921                           ;adc.h: 29: if (curr > cpeak) cpeak = curr;
  7922  001A58  504C               	movf	_curr,w,c	;volatile
  7923  001A5A  5D78               	subwf	_cpeak& (0+255),w,b	;volatile
  7924  001A5C  504D               	movf	_curr+1,w,c	;volatile
  7925  001A5E  5979               	subwfb	(_cpeak+1)& (0+255),w,b	;volatile
  7926  001A60  E204               	bc	l435
  7927                           
  7928                           ; BSR set to: 0
  7929  001A62  C04C  F078         	movff	_curr,_cpeak	;volatile
  7930  001A66  C04D  F079         	movff	_curr+1,_cpeak+1	;volatile
  7931  001A6A                     l435:
  7932                           
  7933                           ; BSR set to: 0
  7934  001A6A  0012               	return		;funcret
  7935  001A6C  FFFF               	dw	65535	; errata NOP
  7936  001A6E                     __end_of_ADCmeasure:
  7937                           	opt stack 0
  7938                           stkptr	equ	0xFFC
  7939                           tblptru	equ	0xFF8
  7940                           tblptrh	equ	0xFF7
  7941                           tblptrl	equ	0xFF6
  7942                           tablat	equ	0xFF5
  7943                           prodh	equ	0xFF4
  7944                           prodl	equ	0xFF3
  7945                           intcon	equ	0xFF2
  7946                           intcon2	equ	0xFF1
  7947                           postinc0	equ	0xFEE
  7948                           wreg	equ	0xFE8
  7949                           indf2	equ	0xFDF
  7950                           fsr2h	equ	0xFDA
  7951                           fsr2l	equ	0xFD9
  7952                           status	equ	0xFD8
  7953                           
  7954 ;; *************** function _ADC *****************
  7955 ;; Defined at:
  7956 ;;		line 3 in file "../adc.h"
  7957 ;; Parameters:    Size  Location     Type
  7958 ;;  ch              1    wreg     unsigned char 
  7959 ;; Auto vars:     Size  Location     Type
  7960 ;;  ch              1    8[COMRAM] unsigned char 
  7961 ;; Return value:  Size  Location     Type
  7962 ;;                  2    4[COMRAM] unsigned int 
  7963 ;; Registers used:
  7964 ;;		wreg, status,2, status,0
  7965 ;; Tracked objects:
  7966 ;;		On entry : 0/0
  7967 ;;		On exit  : 0/0
  7968 ;;		Unchanged: 0/0
  7969 ;; Data sizes:     COMRAM   BANK0   BANK1   BANK2   BANK3   BANK4   BANK5
  7970 ;;      Params:         2       0       0       0       0       0       0
  7971 ;;      Locals:         1       0       0       0       0       0       0
  7972 ;;      Temps:          2       0       0       0       0       0       0
  7973 ;;      Totals:         5       0       0       0       0       0       0
  7974 ;;Total ram usage:        5 bytes
  7975 ;; Hardware stack levels used:    1
  7976 ;; Hardware stack levels required when called:    3
  7977 ;; This function calls:
  7978 ;;		Nothing
  7979 ;; This function is called by:
  7980 ;;		_ADCmeasure
  7981 ;;		_SlowControl
  7982 ;; This function uses a non-reentrant model
  7983 ;;
  7984                           
  7985                           	psect	text47
  7986  00204C                     __ptext47:
  7987                           	opt stack 0
  7988  00204C                     _ADC:
  7989                           	opt stack 0
  7990  00204C  FFFF               	dw	65535	; assembler added errata NOP
  7991                           
  7992                           ; BSR set to: 0
  7993                           ;incstack = 0
  7994                           ;ADC@ch stored from wreg
  7995  00204E  6E09               	movwf	ADC@ch,c
  7996                           
  7997                           ;adc.h: 5: ADCON0 = 0b10000001 | (ch << 3);
  7998  002050  3809               	swapf	ADC@ch,w,c
  7999  002052  42E8               	rrncf	wreg,f,c
  8000  002054  0BF8               	andlw	248
  8001  002056  0981               	iorlw	129
  8002  002058  6EC2               	movwf	4034,c	;volatile
  8003                           
  8004                           ;adc.h: 7: _delay((unsigned long)((7)*(40000000/4000000.0)));
  8005  00205A  0E11               	movlw	17
  8006  00205C                     u5227:
  8007  00205C  FFFF               	dw	65535	; errata NOP
  8008  00205E  2EE8               	decfsz	wreg,f,c
  8009  002060  D7FD               	bra	u5227
  8010  002062  D000               	nop2	
  8011                           
  8012                           ;adc.h: 8: ADCON0bits.GODONE = 1;
  8013  002064  84C2               	bsf	4034,2,c	;volatile
  8014  002066                     l422:
  8015  002066  FFFF               	dw	65535	; assembler added errata NOP
  8016  002068  B4C2               	btfsc	4034,2,c	;volatile
  8017  00206A  D7FD               	goto	l422
  8018                           
  8019                           ;adc.h: 11: return (((unsigned int)ADRESH) << 8) | ((unsigned int)ADRESL);
  8020  00206C  50C4               	movf	4036,w,c	;volatile
  8021  00206E  6E07               	movwf	??_ADC& (0+255),c
  8022  002070  50C3               	movf	4035,w,c	;volatile
  8023  002072  6E05               	movwf	?_ADC,c
  8024  002074  C007  F006         	movff	??_ADC,?_ADC+1
  8025  002078  0012               	return		;funcret
  8026  00207A  FFFF               	dw	65535	; errata NOP
  8027  00207C                     __end_of_ADC:
  8028                           	opt stack 0
  8029                           stkptr	equ	0xFFC
  8030                           tblptru	equ	0xFF8
  8031                           tblptrh	equ	0xFF7
  8032                           tblptrl	equ	0xFF6
  8033                           tablat	equ	0xFF5
  8034                           prodh	equ	0xFF4
  8035                           prodl	equ	0xFF3
  8036                           intcon	equ	0xFF2
  8037                           intcon2	equ	0xFF1
  8038                           postinc0	equ	0xFEE
  8039                           wreg	equ	0xFE8
  8040                           indf2	equ	0xFDF
  8041                           fsr2h	equ	0xFDA
  8042                           fsr2l	equ	0xFD9
  8043                           status	equ	0xFD8
  8044                           
  8045 ;; *************** function _isr *****************
  8046 ;; Defined at:
  8047 ;;		line 45 in file "../usart.h"
  8048 ;; Parameters:    Size  Location     Type
  8049 ;;		None
  8050 ;; Auto vars:     Size  Location     Type
  8051 ;;  rx              1    3[COMRAM] unsigned char 
  8052 ;; Return value:  Size  Location     Type
  8053 ;;                  1    wreg      void 
  8054 ;; Registers used:
  8055 ;;		wreg, fsr2l, fsr2h, status,2, status,0, cstack
  8056 ;; Tracked objects:
  8057 ;;		On entry : 0/0
  8058 ;;		On exit  : 0/0
  8059 ;;		Unchanged: 0/0
  8060 ;; Data sizes:     COMRAM   BANK0   BANK1   BANK2   BANK3   BANK4   BANK5
  8061 ;;      Params:         0       0       0       0       0       0       0
  8062 ;;      Locals:         1       0       0       0       0       0       0
  8063 ;;      Temps:          3       0       0       0       0       0       0
  8064 ;;      Totals:         4       0       0       0       0       0       0
  8065 ;;Total ram usage:        4 bytes
  8066 ;; Hardware stack levels used:    1
  8067 ;; Hardware stack levels required when called:    2
  8068 ;; This function calls:
  8069 ;;		_RXstartTIMER
  8070 ;;		_RecieveError
  8071 ;;		i2_RXrestart
  8072 ;;		i2_RXstopTIMER
  8073 ;; This function is called by:
  8074 ;;		Interrupt level 2
  8075 ;; This function uses a non-reentrant model
  8076 ;;
  8077                           
  8078                           	psect	intcode
  8079  000008                     __pintcode:
  8080                           	opt stack 0
  8081  000008                     _isr:
  8082                           	opt stack 0
  8083  000008  FFFF               	dw	65535	; assembler added errata NOP
  8084                           
  8085                           ;incstack = 0
  8086  00000A  8259               	bsf	btemp,1,c	;set compiler interrupt flag (level 2)
  8087  00000C  CFD9 F002          	movff	fsr2l,??_isr+1
  8088  000010  CFDA F003          	movff	fsr2h,??_isr+2
  8089                           
  8090                           ;usart.h: 47: unsigned char rx;;usart.h: 49: if ((PIR1bits.RCIF) && (PIE1bits.RCIE))
  8091  000014  BA9E               	btfsc	3998,5,c	;volatile
  8092  000016  AA9D               	btfss	3997,5,c	;volatile
  8093  000018  D032               	goto	i2l3868
  8094                           
  8095                           ;usart.h: 50: {;usart.h: 51: RecieveError();
  8096  00001A  ECF5  F010         	call	_RecieveError	;wreg free
  8097                           
  8098                           ;usart.h: 52: rx = RCREG;
  8099  00001E  CFAE F004          	movff	4014,isr@rx	;volatile
  8100                           
  8101                           ;usart.h: 54: if (rxb == 0) RXstartTIMER();
  8102  000022  5053               	movf	_rxb,w,c	;volatile
  8103  000024  E102               	bnz	i2l3850
  8104  000026  EC6C  F011         	call	_RXstartTIMER	;wreg free
  8105  00002A                     i2l3850:
  8106                           
  8107                           ;usart.h: 56: buffRX[rxb] = rx;
  8108  00002A  5053               	movf	_rxb,w,c
  8109  00002C  0FCF               	addlw	low _buffRX
  8110  00002E  6ED9               	movwf	fsr2l,c
  8111  000030  6ADA               	clrf	fsr2h,c
  8112  000032  C004  FFDF         	movff	isr@rx,indf2
  8113                           
  8114                           ;usart.h: 58: if (rxb >= 2)
  8115  000036  0E01               	movlw	1
  8116  000038  6453               	cpfsgt	_rxb,c	;volatile
  8117  00003A  D01A               	goto	i2l3864
  8118                           
  8119                           ;usart.h: 59: {;usart.h: 60: if ((buffRX[rxb] == 0xEE) && (buffRX[rxb-1] == 0xEE) && (bu
      +                          ffRX[rxb-2] == 0xEE))
  8120  00003C  5053               	movf	_rxb,w,c
  8121  00003E  0FCF               	addlw	low _buffRX
  8122  000040  6ED9               	movwf	fsr2l,c
  8123  000042  6ADA               	clrf	fsr2h,c
  8124  000044  0EEE               	movlw	238
  8125  000046  18DE               	xorwf	postinc2,w,c
  8126  000048  E113               	bnz	i2l3864
  8127  00004A  5053               	movf	_rxb,w,c
  8128  00004C  0FCE               	addlw	low (_buffRX+255)
  8129  00004E  6ED9               	movwf	fsr2l,c
  8130  000050  6ADA               	clrf	fsr2h,c
  8131  000052  0EEE               	movlw	238
  8132  000054  18DE               	xorwf	postinc2,w,c
  8133  000056  E10C               	bnz	i2l3864
  8134  000058  5053               	movf	_rxb,w,c
  8135  00005A  0FCD               	addlw	low (_buffRX+254)
  8136  00005C  6ED9               	movwf	fsr2l,c
  8137  00005E  6ADA               	clrf	fsr2h,c
  8138  000060  0EEE               	movlw	238
  8139  000062  18DE               	xorwf	postinc2,w,c
  8140  000064  E105               	bnz	i2l3864
  8141                           
  8142                           ;usart.h: 61: {;usart.h: 62: RXstopTIMER();
  8143  000066  EC79  F011         	call	i2_RXstopTIMER	;wreg free
  8144                           
  8145                           ;usart.h: 63: rx_end = 1;
  8146  00006A  0E01               	movlw	1
  8147  00006C  0100               	movlb	0	; () banked
  8148  00006E  6F86               	movwf	_rx_end& (0+255),b	;volatile
  8149  000070                     i2l3864:
  8150  000070  FFFF               	dw	65535	; assembler added errata NOP
  8151                           
  8152                           ;usart.h: 64: };usart.h: 65: };usart.h: 66: if (++rxb >= 10) RXrestart();
  8153  000072  2A53               	incf	_rxb,f,c	;volatile
  8154  000074  0E09               	movlw	9
  8155  000076  6453               	cpfsgt	_rxb,c	;volatile
  8156  000078  D002               	goto	i2l3868
  8157  00007A  EC7F  F010         	call	i2_RXrestart	;wreg free
  8158  00007E                     i2l3868:
  8159  00007E  FFFF               	dw	65535	; assembler added errata NOP
  8160                           
  8161                           ;usart.h: 67: };usart.h: 69: if ((PIE1bits.TMR2IE) && (PIR1bits.TMR2IF))
  8162  000080  B29D               	btfsc	3997,1,c	;volatile
  8163  000082  A29E               	btfss	3998,1,c	;volatile
  8164  000084  D002               	goto	i2l3874
  8165                           
  8166                           ;usart.h: 70: {;usart.h: 71: RXrestart();
  8167  000086  EC7F  F010         	call	i2_RXrestart	;wreg free
  8168  00008A                     i2l3874:
  8169  00008A  FFFF               	dw	65535	; assembler added errata NOP
  8170                           
  8171                           ;usart.h: 72: };usart.h: 74: if ((PIR1bits.TXIF) && (PIE1bits.TXIE))
  8172  00008C  B89E               	btfsc	3998,4,c	;volatile
  8173  00008E  A89D               	btfss	3997,4,c	;volatile
  8174  000090  D00D               	goto	i2l299
  8175                           
  8176                           ;usart.h: 75: {;usart.h: 76: if (txb <= tx_len) TXREG = buffTX[txb++];
  8177  000092  0100               	movlb	0	; () banked
  8178  000094  5187               	movf	_txb& (0+255),w,b	;volatile
  8179  000096  5C52               	subwf	_tx_len,w,c	;volatile
  8180  000098  E308               	bnc	i2l297
  8181                           
  8182                           ; BSR set to: 0
  8183  00009A  5187               	movf	_txb& (0+255),w,b
  8184  00009C  0F8F               	addlw	low _buffTX
  8185  00009E  6ED9               	movwf	fsr2l,c
  8186  0000A0  6ADA               	clrf	fsr2h,c
  8187  0000A2  50DF               	movf	indf2,w,c
  8188  0000A4  6EAD               	movwf	4013,c	;volatile
  8189                           
  8190                           ; BSR set to: 0
  8191  0000A6  2B87               	incf	_txb& (0+255),f,b	;volatile
  8192  0000A8  D001               	goto	i2l299
  8193  0000AA                     i2l297:
  8194                           
  8195                           ; BSR set to: 0
  8196                           ;usart.h: 77: else PIE1bits.TXIE = 0;
  8197  0000AA  989D               	bcf	3997,4,c	;volatile
  8198  0000AC                     i2l299:
  8199  0000AC  FFFF               	dw	65535	; assembler added errata NOP
  8200  0000AE  C003  FFDA         	movff	??_isr+2,fsr2h
  8201  0000B2  C002  FFD9         	movff	??_isr+1,fsr2l
  8202  0000B6  9259               	bcf	btemp,1,c	;clear compiler interrupt flag (level 2)
  8203  0000B8  0011               	retfie		f
  8204  0000BA  FFFF               	dw	65535	; errata NOP
  8205  0000BC                     __end_of_isr:
  8206                           	opt stack 0
  8207                           stkptr	equ	0xFFC
  8208                           tblptru	equ	0xFF8
  8209                           tblptrh	equ	0xFF7
  8210                           tblptrl	equ	0xFF6
  8211                           tablat	equ	0xFF5
  8212                           prodh	equ	0xFF4
  8213                           prodl	equ	0xFF3
  8214                           intcon	equ	0xFF2
  8215                           intcon2	equ	0xFF1
  8216                           postinc0	equ	0xFEE
  8217                           wreg	equ	0xFE8
  8218                           indf2	equ	0xFDF
  8219                           postinc2	equ	0xFDE
  8220                           fsr2h	equ	0xFDA
  8221                           fsr2l	equ	0xFD9
  8222                           status	equ	0xFD8
  8223                           
  8224 ;; *************** function i2_RXrestart *****************
  8225 ;; Defined at:
  8226 ;;		line 17 in file "../usart.h"
  8227 ;; Parameters:    Size  Location     Type
  8228 ;;		None
  8229 ;; Auto vars:     Size  Location     Type
  8230 ;;		None
  8231 ;; Return value:  Size  Location     Type
  8232 ;;                  1    wreg      void 
  8233 ;; Registers used:
  8234 ;;		wreg, fsr2l, fsr2h, status,2, status,0, cstack
  8235 ;; Tracked objects:
  8236 ;;		On entry : 0/0
  8237 ;;		On exit  : 3F/0
  8238 ;;		Unchanged: 0/0
  8239 ;; Data sizes:     COMRAM   BANK0   BANK1   BANK2   BANK3   BANK4   BANK5
  8240 ;;      Params:         0       0       0       0       0       0       0
  8241 ;;      Locals:         0       0       0       0       0       0       0
  8242 ;;      Temps:          0       0       0       0       0       0       0
  8243 ;;      Totals:         0       0       0       0       0       0       0
  8244 ;;Total ram usage:        0 bytes
  8245 ;; Hardware stack levels used:    1
  8246 ;; Hardware stack levels required when called:    1
  8247 ;; This function calls:
  8248 ;;		i2_RXstopTIMER
  8249 ;; This function is called by:
  8250 ;;		_isr
  8251 ;; This function uses a non-reentrant model
  8252 ;;
  8253                           
  8254                           	psect	text49
  8255  0020FE                     __ptext49:
  8256                           	opt stack 0
  8257  0020FE                     i2_RXrestart:
  8258                           	opt stack 0
  8259  0020FE  FFFF               	dw	65535	; assembler added errata NOP
  8260                           
  8261                           ;usart.h: 19: RXstopTIMER();
  8262                           
  8263                           ;incstack = 0
  8264  002100  EC79  F011         	call	i2_RXstopTIMER	;wreg free
  8265                           
  8266                           ;usart.h: 20: for (rxb = 0; rxb < (10-1); rxb++) buffRX[rxb] = 0x00;
  8267  002104  6A53               	clrf	_rxb,c	;volatile
  8268  002106  D007               	goto	i2l3836
  8269  002108                     i2l3832:
  8270  002108  FFFF               	dw	65535	; assembler added errata NOP
  8271  00210A  5053               	movf	_rxb,w,c
  8272  00210C  0FCF               	addlw	low _buffRX
  8273  00210E  6ED9               	movwf	fsr2l,c
  8274  002110  6ADA               	clrf	fsr2h,c
  8275  002112  6ADF               	clrf	indf2,c
  8276  002114  2A53               	incf	_rxb,f,c	;volatile
  8277  002116                     i2l3836:
  8278  002116  FFFF               	dw	65535	; assembler added errata NOP
  8279  002118  0E08               	movlw	8
  8280  00211A  6453               	cpfsgt	_rxb,c	;volatile
  8281  00211C  D7F5               	goto	i2l3832
  8282                           
  8283                           ;usart.h: 21: rx_end = 0; rxb = 0;
  8284  00211E  0100               	movlb	0	; () banked
  8285  002120  6B86               	clrf	_rx_end& (0+255),b	;volatile
  8286  002122  6A53               	clrf	_rxb,c	;volatile
  8287                           
  8288                           ; BSR set to: 0
  8289  002124  0012               	return		;funcret
  8290  002126  FFFF               	dw	65535	; errata NOP
  8291  002128                     __end_ofi2_RXrestart:
  8292                           	opt stack 0
  8293                           stkptr	equ	0xFFC
  8294                           tblptru	equ	0xFF8
  8295                           tblptrh	equ	0xFF7
  8296                           tblptrl	equ	0xFF6
  8297                           tablat	equ	0xFF5
  8298                           prodh	equ	0xFF4
  8299                           prodl	equ	0xFF3
  8300                           intcon	equ	0xFF2
  8301                           intcon2	equ	0xFF1
  8302                           postinc0	equ	0xFEE
  8303                           wreg	equ	0xFE8
  8304                           indf2	equ	0xFDF
  8305                           postinc2	equ	0xFDE
  8306                           fsr2h	equ	0xFDA
  8307                           fsr2l	equ	0xFD9
  8308                           status	equ	0xFD8
  8309                           
  8310 ;; *************** function i2_RXstopTIMER *****************
  8311 ;; Defined at:
  8312 ;;		line 10 in file "../usart.h"
  8313 ;; Parameters:    Size  Location     Type
  8314 ;;		None
  8315 ;; Auto vars:     Size  Location     Type
  8316 ;;		None
  8317 ;; Return value:  Size  Location     Type
  8318 ;;                  1    wreg      void 
  8319 ;; Registers used:
  8320 ;;		None
  8321 ;; Tracked objects:
  8322 ;;		On entry : 0/0
  8323 ;;		On exit  : 0/0
  8324 ;;		Unchanged: 0/0
  8325 ;; Data sizes:     COMRAM   BANK0   BANK1   BANK2   BANK3   BANK4   BANK5
  8326 ;;      Params:         0       0       0       0       0       0       0
  8327 ;;      Locals:         0       0       0       0       0       0       0
  8328 ;;      Temps:          0       0       0       0       0       0       0
  8329 ;;      Totals:         0       0       0       0       0       0       0
  8330 ;;Total ram usage:        0 bytes
  8331 ;; Hardware stack levels used:    1
  8332 ;; This function calls:
  8333 ;;		Nothing
  8334 ;; This function is called by:
  8335 ;;		_isr
  8336 ;;		i2_RXrestart
  8337 ;; This function uses a non-reentrant model
  8338 ;;
  8339                           
  8340                           	psect	text50
  8341  0022F2                     __ptext50:
  8342                           	opt stack 0
  8343  0022F2                     i2_RXstopTIMER:
  8344                           	opt stack 0
  8345  0022F2  FFFF               	dw	65535	; assembler added errata NOP
  8346                           
  8347                           ;usart.h: 12: T2CON = 0;
  8348                           
  8349                           ; BSR set to: 0
  8350                           ;incstack = 0
  8351  0022F4  6ACA               	clrf	4042,c	;volatile
  8352                           
  8353                           ;usart.h: 13: PIE1bits.TMR2IE = 0;
  8354  0022F6  929D               	bcf	3997,1,c	;volatile
  8355  0022F8  0012               	return		;funcret
  8356  0022FA  FFFF               	dw	65535	; errata NOP
  8357  0022FC                     __end_ofi2_RXstopTIMER:
  8358                           	opt stack 0
  8359                           stkptr	equ	0xFFC
  8360                           tblptru	equ	0xFF8
  8361                           tblptrh	equ	0xFF7
  8362                           tblptrl	equ	0xFF6
  8363                           tablat	equ	0xFF5
  8364                           prodh	equ	0xFF4
  8365                           prodl	equ	0xFF3
  8366                           intcon	equ	0xFF2
  8367                           intcon2	equ	0xFF1
  8368                           postinc0	equ	0xFEE
  8369                           wreg	equ	0xFE8
  8370                           indf2	equ	0xFDF
  8371                           postinc2	equ	0xFDE
  8372                           fsr2h	equ	0xFDA
  8373                           fsr2l	equ	0xFD9
  8374                           status	equ	0xFD8
  8375                           
  8376 ;; *************** function _RecieveError *****************
  8377 ;; Defined at:
  8378 ;;		line 25 in file "../usart.h"
  8379 ;; Parameters:    Size  Location     Type
  8380 ;;		None
  8381 ;; Auto vars:     Size  Location     Type
  8382 ;;		None
  8383 ;; Return value:  Size  Location     Type
  8384 ;;                  1    wreg      void 
  8385 ;; Registers used:
  8386 ;;		None
  8387 ;; Tracked objects:
  8388 ;;		On entry : 0/0
  8389 ;;		On exit  : 0/0
  8390 ;;		Unchanged: 0/0
  8391 ;; Data sizes:     COMRAM   BANK0   BANK1   BANK2   BANK3   BANK4   BANK5
  8392 ;;      Params:         0       0       0       0       0       0       0
  8393 ;;      Locals:         0       0       0       0       0       0       0
  8394 ;;      Temps:          0       0       0       0       0       0       0
  8395 ;;      Totals:         0       0       0       0       0       0       0
  8396 ;;Total ram usage:        0 bytes
  8397 ;; Hardware stack levels used:    1
  8398 ;; This function calls:
  8399 ;;		Nothing
  8400 ;; This function is called by:
  8401 ;;		_isr
  8402 ;; This function uses a non-reentrant model
  8403 ;;
  8404                           
  8405                           	psect	text51
  8406  0021EA                     __ptext51:
  8407                           	opt stack 0
  8408  0021EA                     _RecieveError:
  8409                           	opt stack 0
  8410  0021EA  FFFF               	dw	65535	; assembler added errata NOP
  8411                           
  8412                           ;usart.h: 28: if (RCSTAbits.OERR)
  8413                           
  8414                           ;incstack = 0
  8415  0021EC  A2AB               	btfss	4011,1,c	;volatile
  8416  0021EE  D002               	goto	i2l283
  8417                           
  8418                           ;usart.h: 29: {;usart.h: 30: RCSTAbits.CREN = 0;
  8419  0021F0  98AB               	bcf	4011,4,c	;volatile
  8420                           
  8421                           ;usart.h: 31: RCSTAbits.CREN = 1;
  8422  0021F2  88AB               	bsf	4011,4,c	;volatile
  8423  0021F4                     i2l283:
  8424  0021F4  FFFF               	dw	65535	; assembler added errata NOP
  8425                           
  8426                           ;usart.h: 32: };usart.h: 34: if (RCSTAbits.FERR)
  8427  0021F6  A4AB               	btfss	4011,2,c	;volatile
  8428  0021F8  D006               	goto	i2l285
  8429                           
  8430                           ;usart.h: 35: {;usart.h: 36: RCREG = RCREG;
  8431  0021FA  CFAE FFAE          	movff	4014,4014	;volatile
  8432                           
  8433                           ;usart.h: 37: RCREG = RCREG;
  8434  0021FE  CFAE FFAE          	movff	4014,4014	;volatile
  8435                           
  8436                           ;usart.h: 38: RCREG = RCREG;
  8437  002202  CFAE FFAE          	movff	4014,4014	;volatile
  8438  002206                     i2l285:
  8439  002206  FFFF               	dw	65535	; assembler added errata NOP
  8440  002208  0012               	return		;funcret
  8441  00220A  FFFF               	dw	65535	; errata NOP
  8442  00220C                     __end_of_RecieveError:
  8443                           	opt stack 0
  8444                           stkptr	equ	0xFFC
  8445                           tblptru	equ	0xFF8
  8446                           tblptrh	equ	0xFF7
  8447                           tblptrl	equ	0xFF6
  8448                           tablat	equ	0xFF5
  8449                           prodh	equ	0xFF4
  8450                           prodl	equ	0xFF3
  8451                           intcon	equ	0xFF2
  8452                           intcon2	equ	0xFF1
  8453                           postinc0	equ	0xFEE
  8454                           wreg	equ	0xFE8
  8455                           indf2	equ	0xFDF
  8456                           postinc2	equ	0xFDE
  8457                           fsr2h	equ	0xFDA
  8458                           fsr2l	equ	0xFD9
  8459                           status	equ	0xFD8
  8460                           
  8461 ;; *************** function _RXstartTIMER *****************
  8462 ;; Defined at:
  8463 ;;		line 2 in file "../usart.h"
  8464 ;; Parameters:    Size  Location     Type
  8465 ;;		None
  8466 ;; Auto vars:     Size  Location     Type
  8467 ;;		None
  8468 ;; Return value:  Size  Location     Type
  8469 ;;                  1    wreg      void 
  8470 ;; Registers used:
  8471 ;;		wreg, status,2
  8472 ;; Tracked objects:
  8473 ;;		On entry : 0/0
  8474 ;;		On exit  : 0/0
  8475 ;;		Unchanged: 0/0
  8476 ;; Data sizes:     COMRAM   BANK0   BANK1   BANK2   BANK3   BANK4   BANK5
  8477 ;;      Params:         0       0       0       0       0       0       0
  8478 ;;      Locals:         0       0       0       0       0       0       0
  8479 ;;      Temps:          0       0       0       0       0       0       0
  8480 ;;      Totals:         0       0       0       0       0       0       0
  8481 ;;Total ram usage:        0 bytes
  8482 ;; Hardware stack levels used:    1
  8483 ;; This function calls:
  8484 ;;		Nothing
  8485 ;; This function is called by:
  8486 ;;		_isr
  8487 ;; This function uses a non-reentrant model
  8488 ;;
  8489                           
  8490                           	psect	text52
  8491  0022D8                     __ptext52:
  8492                           	opt stack 0
  8493  0022D8                     _RXstartTIMER:
  8494                           	opt stack 0
  8495  0022D8  FFFF               	dw	65535	; assembler added errata NOP
  8496                           
  8497                           ;usart.h: 4: TMR2 = 0;
  8498                           
  8499                           ;incstack = 0
  8500  0022DA  6ACC               	clrf	4044,c	;volatile
  8501                           
  8502                           ;usart.h: 5: T2CON = 0b01111111;
  8503  0022DC  0E7F               	movlw	127
  8504  0022DE  6ECA               	movwf	4042,c	;volatile
  8505                           
  8506                           ;usart.h: 6: PIR1bits.TMR2IF = 0;
  8507  0022E0  929E               	bcf	3998,1,c	;volatile
  8508                           
  8509                           ;usart.h: 7: PIE1bits.TMR2IE = 1;
  8510  0022E2  829D               	bsf	3997,1,c	;volatile
  8511  0022E4  0C7F               	retlw	127	;funcret
  8512  0022E6  FFFF               	dw	65535	; errata NOP
  8513  0022E8                     __end_of_RXstartTIMER:
  8514                           	opt stack 0
  8515                           stkptr	equ	0xFFC
  8516                           tblptru	equ	0xFF8
  8517                           tblptrh	equ	0xFF7
  8518                           tblptrl	equ	0xFF6
  8519                           tablat	equ	0xFF5
  8520                           prodh	equ	0xFF4
  8521                           prodl	equ	0xFF3
  8522                           intcon	equ	0xFF2
  8523                           intcon2	equ	0xFF1
  8524                           postinc0	equ	0xFEE
  8525                           wreg	equ	0xFE8
  8526                           indf2	equ	0xFDF
  8527                           postinc2	equ	0xFDE
  8528                           fsr2h	equ	0xFDA
  8529                           fsr2l	equ	0xFD9
  8530                           status	equ	0xFD8
  8531                           stkptr	equ	0xFFC
  8532                           tblptru	equ	0xFF8
  8533                           tblptrh	equ	0xFF7
  8534                           tblptrl	equ	0xFF6
  8535                           tablat	equ	0xFF5
  8536                           prodh	equ	0xFF4
  8537                           prodl	equ	0xFF3
  8538                           intcon	equ	0xFF2
  8539                           intcon2	equ	0xFF1
  8540                           postinc0	equ	0xFEE
  8541                           wreg	equ	0xFE8
  8542                           indf2	equ	0xFDF
  8543                           postinc2	equ	0xFDE
  8544                           fsr2h	equ	0xFDA
  8545                           fsr2l	equ	0xFD9
  8546                           status	equ	0xFD8
  8547                           
  8548                           	psect	rparam
  8549  0000                     stkptr	equ	0xFFC
  8550                           tblptru	equ	0xFF8
  8551                           tblptrh	equ	0xFF7
  8552                           tblptrl	equ	0xFF6
  8553                           tablat	equ	0xFF5
  8554                           prodh	equ	0xFF4
  8555                           prodl	equ	0xFF3
  8556                           intcon	equ	0xFF2
  8557                           intcon2	equ	0xFF1
  8558                           postinc0	equ	0xFEE
  8559                           wreg	equ	0xFE8
  8560                           indf2	equ	0xFDF
  8561                           postinc2	equ	0xFDE
  8562                           fsr2h	equ	0xFDA
  8563                           fsr2l	equ	0xFD9
  8564                           status	equ	0xFD8
  8565                           
  8566                           	psect	temp
  8567  000059                     btemp:
  8568                           	opt stack 0
  8569  000059                     	ds	1
  8570  0000                     int$flags	set	btemp
  8571  0000                     wtemp8	set	btemp+1
  8572  0000                     ttemp5	set	btemp+1
  8573  0000                     ttemp6	set	btemp+4
  8574  0000                     ttemp7	set	btemp+8
  8575                           stkptr	equ	0xFFC
  8576                           tblptru	equ	0xFF8
  8577                           tblptrh	equ	0xFF7
  8578                           tblptrl	equ	0xFF6
  8579                           tablat	equ	0xFF5
  8580                           prodh	equ	0xFF4
  8581                           prodl	equ	0xFF3
  8582                           intcon	equ	0xFF2
  8583                           intcon2	equ	0xFF1
  8584                           postinc0	equ	0xFEE
  8585                           wreg	equ	0xFE8
  8586                           indf2	equ	0xFDF
  8587                           postinc2	equ	0xFDE
  8588                           fsr2h	equ	0xFDA
  8589                           fsr2l	equ	0xFD9
  8590                           status	equ	0xFD8


Data Sizes:
    Strings     135
    Constant    0
    Data        1
    BSS         138
    Persistent  30
    Stack       0

Auto Spaces:
    Space          Size  Autos    Used
    COMRAM           94     69      88
    BANK0           160      6     156
    BANK1           256      0       0
    BANK2           256      0       0
    BANK3           256      0       0
    BANK4           256      0       0
    BANK5           256      0       0

Pointer List with Targets:

    CreateBuffTX@str	PTR const unsigned char  size(1) Largest target is 12
		 -> STR_26(CODE[8]), STR_25(CODE[12]), STR_24(CODE[10]), STR_23(CODE[10]), 
		 -> STR_22(CODE[4]), STR_21(CODE[4]), STR_20(CODE[4]), STR_19(CODE[5]), 
		 -> STR_18(CODE[4]), STR_17(CODE[4]), STR_16(CODE[5]), STR_15(CODE[5]), 
		 -> STR_14(CODE[4]), STR_13(CODE[4]), STR_12(CODE[4]), STR_11(CODE[4]), 
		 -> STR_10(CODE[4]), STR_9(CODE[4]), STR_8(CODE[5]), STR_7(CODE[5]), 
		 -> STR_6(CODE[5]), STR_5(CODE[5]), STR_4(CODE[4]), STR_3(CODE[4]), 
		 -> STR_2(CODE[4]), STR_1(CODE[4]), 

    ConvertNumber@conv	PTR unsigned char  size(1) Largest target is 64
		 -> buffTX(BANK0[64]), 

    writeEEPROM16@data	PTR unsigned char  size(1) Largest target is 10
		 -> buffRX(BANK0[10]), 


Critical Paths under _main in COMRAM

    _main->_EEsetupRead
    _SlowControl->_ADC
    _SendStatusToLCD->_CreateBuffTX
    _ReadStatusFromLCD->_EEsetupRead
    _SetupMode->_LCDpageSelect
    _writeEEPROM16->_writeEEPROM
    _LCDpageSelect->_CreateBuffTX
    _EEsetupRead->___fttol
    _sqrt->___ftsub
    ___ftsub->___ftadd
    ___ftadd->___ftpack
    ___ftmul->___ftpack
    _readEEPROM16->_readEEPROM
    ___lltoft->___ftpack
    ___fttol->_sqrt
    _EEmbandRead->_readEEPROM
    _Beep->_DelayMs
    _PTT_ON->_FreqMeasure
    _FreqMeasure->___ftge
    _fabs->___lwtoft
    ___lwtoft->___ftpack
    ___ftge->_fabs
    _PTT_OFF->_DelayMs
    _LCDversionSend->_CreateBuffTX
    _SendUSART->_DelayMs
    _CreateBuffTX->___lwdiv
    _ADCmeasure->_ADC

Critical Paths under _isr in COMRAM

    None.

Critical Paths under _main in BANK0

    _main->_EEsetupRead
    _ReadStatusFromLCD->_EEsetupRead

Critical Paths under _isr in BANK0

    None.

Critical Paths under _main in BANK1

    None.

Critical Paths under _isr in BANK1

    None.

Critical Paths under _main in BANK2

    None.

Critical Paths under _isr in BANK2

    None.

Critical Paths under _main in BANK3

    None.

Critical Paths under _isr in BANK3

    None.

Critical Paths under _main in BANK4

    None.

Critical Paths under _isr in BANK4

    None.

Critical Paths under _main in BANK5

    None.

Critical Paths under _isr in BANK5

    None.

Call Graph Tables:

 ---------------------------------------------------------------------------------
 (Depth) Function   	        Calls       Base Space   Used Autos Params    Refs
 ---------------------------------------------------------------------------------
 (0) _main                                                 0     0      0   68266
                         _ADCmeasure
                               _Beep
                             _DelayS
                        _EEmbandRead
                        _EEsetupRead
                      _LCDpageSelect
                     _LCDversionSend
                       _ProtectCheck
                  _ReadStatusFromLCD
                    _SendStatusToLCD
                            _SetBand
                        _SlowControl
 ---------------------------------------------------------------------------------
 (1) _SlowControl                                          6     6      0      22
                                              9 COMRAM     6     6      0
                                _ADC
                         _FanControl
                     _PttHoldControl
 ---------------------------------------------------------------------------------
 (2) _PttHoldControl                                       0     0      0       0
 ---------------------------------------------------------------------------------
 (2) _FanControl                                           2     2      0       0
                                              4 COMRAM     2     2      0
 ---------------------------------------------------------------------------------
 (1) _SendStatusToLCD                                     12    12      0    4593
                                             17 COMRAM    12    12      0
                       _CreateBuffTX
                          _Tramsmitt
 ---------------------------------------------------------------------------------
 (2) _Tramsmitt                                            0     0      0       0
 ---------------------------------------------------------------------------------
 (1) _ReadStatusFromLCD                                    0     0      0   33486
                               _Beep
                        _EEmbandRead
                        _EEsetupRead
                      _LCDpageSelect
                            _PTT_OFF
                          _RXrestart
                            _SetBand
                          _SetupMode
                        _writeEEPROM
 ---------------------------------------------------------------------------------
 (2) _SetupMode                                           17    17      0   11849
                                             19 COMRAM    17    17      0
                       _CreateBuffTX
                      _LCDpageSelect
                          _RXrestart
                          _SendUSART
                          _SwitchOFF
                            ___lldiv
                            ___lwdiv
                        _writeEEPROM
                      _writeEEPROM16
 ---------------------------------------------------------------------------------
 (3) _writeEEPROM16                                        3     0      3     839
                                              7 COMRAM     3     0      3
                        _writeEEPROM
 ---------------------------------------------------------------------------------
 (2) _writeEEPROM                                          3     2      1     599
                                              4 COMRAM     3     2      1
 ---------------------------------------------------------------------------------
 (3) ___lwdiv                                              7     3      4     314
                                              4 COMRAM     7     3      4
 ---------------------------------------------------------------------------------
 (3) ___lldiv                                             13     5      8     618
                                              4 COMRAM    13     5      8
 ---------------------------------------------------------------------------------
 (3) _LCDpageSelect                                        2     2      0    4750
                                             17 COMRAM     2     2      0
                       _CreateBuffTX
                          _SendUSART
                     _waitAckFromLCD
 ---------------------------------------------------------------------------------
 (4) _waitAckFromLCD                                       1     1      0      24
                                              4 COMRAM     1     1      0
                          _RXrestart
 ---------------------------------------------------------------------------------
 (3) _RXrestart                                            0     0      0       0
                        _RXstopTIMER
 ---------------------------------------------------------------------------------
 (4) _RXstopTIMER                                          0     0      0       0
 ---------------------------------------------------------------------------------
 (2) _EEsetupRead                                         14    14      0   16213
                                             61 COMRAM     8     8      0
                                              0 BANK0      6     6      0
                            ___fttol
                           ___lltoft
                         _readEEPROM
                       _readEEPROM16
                               _sqrt
 ---------------------------------------------------------------------------------
 (3) _sqrt                                                19    16      3   11627
                                             30 COMRAM    16    13      3
                             ___ftge
                            ___ftmul
                            ___ftsub
                           ___lltoft (ARG)
 ---------------------------------------------------------------------------------
 (4) ___ftsub                                              6     0      6    5274
                                             24 COMRAM     6     0      6
                            ___ftadd
 ---------------------------------------------------------------------------------
 (5) ___ftadd                                             12     6      6    4858
                                             12 COMRAM    12     6      6
                           ___ftpack
 ---------------------------------------------------------------------------------
 (4) ___ftmul                                             15     9      6    4986
                                             12 COMRAM    14     8      6
                           ___ftpack
 ---------------------------------------------------------------------------------
 (3) _readEEPROM16                                         8     6      2     127
                                              5 COMRAM     8     6      2
                         _readEEPROM
 ---------------------------------------------------------------------------------
 (3) ___lltoft                                             9     5      4    3685
                                             12 COMRAM     9     5      4
                           ___ftpack
 ---------------------------------------------------------------------------------
 (3) ___fttol                                             15    11      4     641
                                             46 COMRAM    15    11      4
                           ___lltoft (ARG)
                               _sqrt (ARG)
 ---------------------------------------------------------------------------------
 (2) _EEmbandRead                                          0     0      0      31
                         _readEEPROM
 ---------------------------------------------------------------------------------
 (4) _readEEPROM                                           1     1      0      31
                                              4 COMRAM     1     1      0
 ---------------------------------------------------------------------------------
 (2) _Beep                                                 0     0      0      22
                            _DelayMs
 ---------------------------------------------------------------------------------
 (1) _ProtectCheck                                         0     0      0    4466
                           _PTT_read
                          _SwitchOFF
 ---------------------------------------------------------------------------------
 (3) _SwitchOFF                                            0     0      0       0
 ---------------------------------------------------------------------------------
 (2) _PTT_read                                             0     0      0    4466
                            _PTT_OFF
                             _PTT_ON
 ---------------------------------------------------------------------------------
 (3) _PTT_ON                                               0     0      0    4444
                            _DelayMs
                        _FreqMeasure
 ---------------------------------------------------------------------------------
 (4) _FreqMeasure                                          4     4      0    4422
                                             27 COMRAM     4     4      0
                         _BandDecode
                             ___ftge
                           ___lwtoft
                               _fabs
 ---------------------------------------------------------------------------------
 (5) _fabs                                                 3     0      3     263
                                             15 COMRAM     3     0      3
                            ___ftneg
                           ___lwtoft (ARG)
 ---------------------------------------------------------------------------------
 (6) ___ftneg                                              3     0      3     121
                                              4 COMRAM     3     0      3
 ---------------------------------------------------------------------------------
 (5) ___lwtoft                                             3     0      3    3434
                                             12 COMRAM     3     0      3
                           ___ftpack
 ---------------------------------------------------------------------------------
 (6) ___ftpack                                             8     3      5    3313
                                              4 COMRAM     8     3      5
 ---------------------------------------------------------------------------------
 (4) ___ftge                                               9     3      6     558
                                             18 COMRAM     9     3      6
                           ___lwtoft (ARG)
                               _fabs (ARG)
 ---------------------------------------------------------------------------------
 (5) _BandDecode                                           0     0      0       0
                            _SetBand
 ---------------------------------------------------------------------------------
 (1) _SetBand                                              0     0      0       0
 ---------------------------------------------------------------------------------
 (2) _PTT_OFF                                              0     0      0      22
                            _DelayMs
 ---------------------------------------------------------------------------------
 (1) _LCDversionSend                                       1     1      0    4638
                                             17 COMRAM     1     1      0
                       _CreateBuffTX
                          _SendUSART
 ---------------------------------------------------------------------------------
 (3) _SendUSART                                            0     0      0      22
                            _DelayMs
 ---------------------------------------------------------------------------------
 (4) _DelayMs                                              2     2      0      22
                                              4 COMRAM     2     2      0
 ---------------------------------------------------------------------------------
 (2) _CreateBuffTX                                         6     1      5    4593
                                             11 COMRAM     6     1      5
                      _ConvertNumber
                            ___lwdiv (ARG)
 ---------------------------------------------------------------------------------
 (3) _ConvertNumber                                        5     0      5     553
                                              4 COMRAM     5     0      5
 ---------------------------------------------------------------------------------
 (1) _DelayS                                               3     3      0      23
                                              4 COMRAM     3     3      0
 ---------------------------------------------------------------------------------
 (1) _ADCmeasure                                           0     0      0      22
                                _ADC
 ---------------------------------------------------------------------------------
 (2) _ADC                                                  5     3      2      22
                                              4 COMRAM     5     3      2
 ---------------------------------------------------------------------------------
 Estimated maximum stack depth 6
 ---------------------------------------------------------------------------------
 (Depth) Function   	        Calls       Base Space   Used Autos Params    Refs
 ---------------------------------------------------------------------------------
 (7) _isr                                                  4     4      0      23
                                              0 COMRAM     4     4      0
                       _RXstartTIMER
                       _RecieveError
                        i2_RXrestart
                      i2_RXstopTIMER
 ---------------------------------------------------------------------------------
 (8) i2_RXrestart                                          0     0      0       0
                      i2_RXstopTIMER
 ---------------------------------------------------------------------------------
 (8) i2_RXstopTIMER                                        0     0      0       0
 ---------------------------------------------------------------------------------
 (8) _RecieveError                                         0     0      0       0
 ---------------------------------------------------------------------------------
 (8) _RXstartTIMER                                         0     0      0       0
 ---------------------------------------------------------------------------------
 Estimated maximum stack depth 8
 ---------------------------------------------------------------------------------

 Call Graph Graphs:

 _main (ROOT)
   _ADCmeasure
     _ADC
   _Beep
     _DelayMs
   _DelayS
   _EEmbandRead
     _readEEPROM
   _EEsetupRead
     ___fttol
       ___lltoft (ARG)
         ___ftpack
       _sqrt (ARG)
         ___ftge
           ___lwtoft (ARG)
             ___ftpack
           _fabs (ARG)
             ___ftneg
             ___lwtoft (ARG)
               ___ftpack
         ___ftmul
           ___ftpack
         ___ftsub
           ___ftadd
             ___ftpack
         ___lltoft (ARG)
           ___ftpack
     ___lltoft
       ___ftpack
     _readEEPROM
     _readEEPROM16
       _readEEPROM
     _sqrt
       ___ftge
         ___lwtoft (ARG)
           ___ftpack
         _fabs (ARG)
           ___ftneg
           ___lwtoft (ARG)
             ___ftpack
       ___ftmul
         ___ftpack
       ___ftsub
         ___ftadd
           ___ftpack
       ___lltoft (ARG)
         ___ftpack
   _LCDpageSelect
     _CreateBuffTX
       _ConvertNumber
       ___lwdiv (ARG)
     _SendUSART
       _DelayMs
     _waitAckFromLCD
       _RXrestart
         _RXstopTIMER
   _LCDversionSend
     _CreateBuffTX
       _ConvertNumber
       ___lwdiv (ARG)
     _SendUSART
       _DelayMs
   _ProtectCheck
     _PTT_read
       _PTT_OFF
         _DelayMs
       _PTT_ON
         _DelayMs
         _FreqMeasure
           _BandDecode
             _SetBand
           ___ftge
             ___lwtoft (ARG)
               ___ftpack
             _fabs (ARG)
               ___ftneg
               ___lwtoft (ARG)
                 ___ftpack
           ___lwtoft
             ___ftpack
           _fabs
             ___ftneg
             ___lwtoft (ARG)
               ___ftpack
     _SwitchOFF
   _ReadStatusFromLCD
     _Beep
       _DelayMs
     _EEmbandRead
       _readEEPROM
     _EEsetupRead
       ___fttol
         ___lltoft (ARG)
           ___ftpack
         _sqrt (ARG)
           ___ftge
             ___lwtoft (ARG)
               ___ftpack
             _fabs (ARG)
               ___ftneg
               ___lwtoft (ARG)
                 ___ftpack
           ___ftmul
             ___ftpack
           ___ftsub
             ___ftadd
               ___ftpack
           ___lltoft (ARG)
             ___ftpack
       ___lltoft
         ___ftpack
       _readEEPROM
       _readEEPROM16
         _readEEPROM
       _sqrt
         ___ftge
           ___lwtoft (ARG)
             ___ftpack
           _fabs (ARG)
             ___ftneg
             ___lwtoft (ARG)
               ___ftpack
         ___ftmul
           ___ftpack
         ___ftsub
           ___ftadd
             ___ftpack
         ___lltoft (ARG)
           ___ftpack
     _LCDpageSelect
       _CreateBuffTX
         _ConvertNumber
         ___lwdiv (ARG)
       _SendUSART
         _DelayMs
       _waitAckFromLCD
         _RXrestart
           _RXstopTIMER
     _PTT_OFF
       _DelayMs
     _RXrestart
       _RXstopTIMER
     _SetBand
     _SetupMode
       _CreateBuffTX
         _ConvertNumber
         ___lwdiv (ARG)
       _LCDpageSelect
         _CreateBuffTX
           _ConvertNumber
           ___lwdiv (ARG)
         _SendUSART
           _DelayMs
         _waitAckFromLCD
           _RXrestart
             _RXstopTIMER
       _RXrestart
         _RXstopTIMER
       _SendUSART
         _DelayMs
       _SwitchOFF
       ___lldiv
       ___lwdiv
       _writeEEPROM
       _writeEEPROM16
         _writeEEPROM
     _writeEEPROM
   _SendStatusToLCD
     _CreateBuffTX
       _ConvertNumber
       ___lwdiv (ARG)
     _Tramsmitt
   _SetBand
   _SlowControl
     _ADC
     _FanControl
     _PttHoldControl

 _isr (ROOT)
   _RXstartTIMER
   _RecieveError
   i2_RXrestart
     i2_RXstopTIMER
   i2_RXstopTIMER

 Address spaces:
Name               Size   Autos  Total    Cost      Usage
BIGRAM             5FF      0       0      16        0.0%
EEDATA             100      0       0       0        0.0%
BITBANK5           100      0       0      14        0.0%
BANK5              100      0       0      15        0.0%
BITBANK4           100      0       0      12        0.0%
BANK4              100      0       0      13        0.0%
BITBANK3           100      0       0      10        0.0%
BANK3              100      0       0      11        0.0%
BITBANK2           100      0       0       7        0.0%
BANK2              100      0       0       8        0.0%
BITBANK1           100      0       0       5        0.0%
BANK1              100      0       0       6        0.0%
BITBANK0            A0      0       0       3        0.0%
BANK0               A0      6      9C       4       97.5%
BITCOMRAM           5E      0       0       0        0.0%
COMRAM              5E     45      58       1       93.6%
BITSFR_1             0      0       0     200        0.0%
SFR_1                0      0       0     200        0.0%
BITSFR               0      0       0     200        0.0%
SFR                  0      0       0     200        0.0%
STACK                0      0       0       2        0.0%
NULL                 0      0       0       0        0.0%
ABS                  0      0      F4       9        0.0%
DATA                 0      0      F4      17        0.0%
CODE                 0      0       0       0        0.0%


Microchip Technology PIC18 Macro Assembler V2.00 build -1524193055 
Symbol Table                                                                                   Fri Dec 06 20:18:16 2024

                                                     _BandDecode 1D04  
                                                    __CFG_BOR$ON 000000  
                                                   __CFG_CP0$OFF 000000  
                                                   __CFG_CP1$OFF 000000  
                                                   __CFG_CP2$OFF 000000  
                                                   __CFG_CP3$OFF 000000  
                                                   ___ftadd@exp1 0018  
                                                   ___ftadd@exp2 0017  
                                                  ??_FreqMeasure 001C  
                                                   ___ftadd@sign 0016  
                                                    __CFG_WDT$ON 000000  
                                                            l313 19B2  
                                                            l314 1912  
                                                            l410 1510  
                                                            l323 19BA  
                                                            l403 148C  
                                                            l412 151C  
                                                            l340 2242  
                                                            l317 1928  
                                                            l422 2066  
                                                            l334 21CA  
                                                            l254 1FD6  
                                                            l415 14F4  
                                                            l255 1FD2  
                                                            _ADC 204C  
                                                            l328 1FF4  
                                                            l521 2270  
                                                            l353 22AE  
                                                            l505 1850  
                                                            l441 1696  
                                                            l522 226C  
                                                            l370 1F38  
                                                            l362 1F0C  
                                                            l602 1C08  
                                                            l435 1A6A  
                                                            l347 20A6  
                                                            l364 1F1A  
                                                            l540 1E34  
                                                            l380 1C8E  
                                                            l357 225C  
                                                            l366 1F28  
                                                            l375 1C92  
                                                            l391 2040  
                                                            l439 16C6  
                                                            l368 1F36  
                                                            l480 102A  
                                                            l529 0A1C  
                                                            l473 0DBC  
                                                            l554 1CFE  
                                                            l490 0F36  
                                                            l482 0E98  
                                                            l387 2046  
                                                            l905 113C  
                                                            l922 1DC6  
                                                            l930 15C8  
                                                            l906 1150  
                                                            l933 221A  
                                                            l847 1B00  
                                                            l944 1792  
                                                            l928 15F6  
                                                            l882 119C  
                                                   __CFG_CPB$OFF 000000  
                                                   __CFG_CPD$OFF 000000  
                                                            _fan 008D  
                                                            _lcd 0055  
                                                            _med 008C  
                                                            _err 0054  
                                                            _isr 0008  
                                                            _tmp 0060  
                                                            _rxb 0053  
                                                            _ptt 0056  
                                                            _txb 0087  
                                                   __CFG_BORV$27 000000  
                                                            wreg 000FE8  
                                                     _FanControl 1C1C  
                                               CreateBuffTX@data 000D  
                                                           ?_ADC 0005  
                                                   __CFG_LVP$OFF 000000  
                                               ??_LCDversionSend 0012  
                                                           l1049 1E14  
                                                           l1243 1F9C  
                                                           l1244 1FAA  
                                                           l3014 1E5C  
                                                           l4000 107E  
                                                           l3016 1E62  
                                                           l1196 11C4  
                                                           l3140 1CB8  
                                                           l4030 10EC  
                                                           l4006 10A4  
                                                           l1198 12F8  
                                                           l4112 197E  
                                                           l4040 111A  
                                                           l4032 10F4  
                                                           l3144 1CCE  
                                                           l3136 1CA2  
                                                           l3240 1DDE  
                                                           l4042 1124  
                                                           l3170 1BC4  
                                                           l3242 1DE8  
                                                           l4060 1D8A  
                                                           l4116 1990  
                                                           l4140 1560  
                                                           l4052 1176  
                                                           l4028 10E0  
                                                           l3148 1CE4  
                                                           l3156 1CF4  
                                                           l3180 1BFA  
                                                           l3252 1E0A  
                                                           l3324 1C46  
                                                           l4070 1DC4  
                                                           l3334 1C5E  
                                                           l3600 1A46  
                                                           l4064 1DAA  
                                                           l4136 153E  
                                                           l3168 1BB6  
                                                           l2730 1D2E  
                                                           l4226 209C  
                                                           l4250 173E  
                                                           l4234 16F2  
                                                           l2714 20B4  
                                                           l3338 1C7A  
                                                           l3604 1A58  
                                                           l3508 2010  
                                                           l2660 1F1C  
                                                           l2724 1D16  
                                                           l4260 1766  
                                                           l3356 2036  
                                                           l2742 1D5E  
                                                           l4326 2256  
                                                           l4350 1490  
                                                           l4342 1466  
                                                           l4334 144E  
                                                           l4254 1750  
                                                           l4174 1F4C  
                                                           l2718 20C2  
                                                           l4510 18DC  
                                                           l2664 1F2A  
                                                           l2656 1F0E  
                                                           l2736 1D46  
                                                           l4272 1E7C  
                                                           l3480 0A5A  
                                                           l3464 0A18  
                                                           l4440 180C  
                                                           l4416 17C4  
                                                           l4408 17B0  
                                                           l3632 169A  
                                                           l4520 18F6  
                                                           l2770 1350  
                                                           l4354 149E  
                                                           l4338 145A  
                                                           l4266 1782  
                                                           l4258 175A  
                                                           l4274 1E88  
                                                           l4450 1832  
                                                           l4426 17E0  
                                                           l3714 0F24  
                                                           l3650 0DD0  
                                                           l4514 18EA  
                                                           l4506 18CE  
                                                           l2780 139A  
                                                           l2756 21DE  
                                                           l4364 14B6  
                                                           l4196 1204  
                                                           l3476 0A44  
                                                           l3740 1006  
                                                           l4508 18D6  
                                                           l2782 13AC  
                                                           l2774 136A  
                                                           l3822 20F2  
                                                           l4374 14CE  
                                                           l4358 14AA  
                                                           l3726 0F74  
                                                           l3654 0DDC  
                                                           l3646 0DC0  
                                                           l3592 1A24  
                                                           l3584 1A08  
                                                           l2792 13F4  
                                                           l2776 1380  
                                                           l2794 1404  
                                                           l2786 13C8  
                                                           l2962 1B0C  
                                                           l3818 20DC  
                                                           l3682 0E74  
                                                           l3666 0E04  
                                                           l3596 1A34  
                                                           l3588 1A16  
                                                           l2788 13DA  
                                                           l3676 0E6C  
                                                           l2798 141C  
                                                           l2966 1B28  
                                                           l3686 0E86  
                                                           l2978 1B76  
                                                           l3970 1AB8  
                                                           l3962 1A84  
                                                           l3698 0EBA  
                                                           l3972 1ACA  
                                                           l3964 1A90  
                                                           l3974 1AD6  
                                                           l3966 1AA4  
                                                           l3988 1AF4  
                                                           ?_isr 0001  
                                                           STR_1 064C  
                                                           STR_2 0650  
                                                           STR_3 067C  
                                                           STR_4 0678  
                                                           STR_5 0647  
                                                           STR_6 0629  
                                                           STR_7 063D  
                                                           STR_8 0638  
                                                           STR_9 0670  
                                                           u3010 1BCA  
                                                           u2300 1D20  
                                                           _LATA 000F89  
                                                           _LATB 000F8A  
                                                           _LATC 000F8B  
                                                           _LATD 000F8C  
                                                           _LATE 000F8D  
                                                           u3130 1DEE  
                                                           u5020 1504  
                                                           u3270 2030  
                                                           u4320 1AE0  
                                                           u5040 17A8  
                                                           u4420 1096  
                                                           u2830 1E68  
                                                           u5207 21D2  
                                                           u4351 1042  
                                                           u2760 1B4A  
                                                           u4280 1A7C  
                                                           u4520 112A  
                                                           u5217 2000  
                                                           u4361 1056  
                                                           u4450 10C0  
                                                           u5227 205C  
                                                           u3900 0F74  
                                                           u4390 1070  
                                                           u4640 19AA  
                                                           u3840 0EBA  
                                                           u3665 163C  
                                                           u4490 10FA  
                                                           u3770 0E04  
                                                           u3915 0F80  
                                                           u4820 176C  
                                                           u5197 1930  
                                                           u4661 1534  
                                                           u3925 0F9C  
                                                           u3685 16A8  
                                                           u3855 0EC8  
                                                           u4761 16DE  
                                                           u4681 154E  
                                                           u3785 0E12  
                                                           u4770 16E6  
                                                           u4690 1556  
                                                           u4780 1712  
                                                           u4785 1708  
                                                           _TMR0 000FD6  
                                                           _TMR1 000FCE  
                                                           _TMR2 000FCC  
                                                           _Beep 222A  
                                                   __CFG_PWRT$ON 000000  
                                            __size_of_ADCmeasure 00AE  
                                                   __CFG_STVR$ON 000000  
                                                           _band 0057  
                                                           _fabs 1F78  
                                                           _elpf 006C  
                                                           _main 1856  
                                                           _freq 0048  
                                                  FreqMeasure@jj 001C  
                                                           _maxf 008E  
                                                           _curr 004C  
                                                   ___ftpack@arg 0005  
                                                           _frwd 0050  
                                                           _logo 00ED  
                                                           _refl 004E  
                                                   ___ftpack@exp 0008  
                                                           _temp 004A  
                                                           fsr2h 000FDA  
                                                           indf2 000FDF  
                                                           fsr2l 000FD9  
                                                           btemp 0059  
                                                           _sqrt 11A2  
                                                           _volt 0082  
                                                __end_of_PTT_OFF 22B2  
                                                           prodh 000FF4  
                                                           prodl 000FF3  
                                                           start 00BC  
                                                __end_of_DelayMs 21EA  
                                                   ___param_bank 000000  
                                                    _writeEEPROM 1FB0  
                                                   ___ftmul@sign 0017  
                                                          ??_ADC 0007  
                                                          ADC@ch 0009  
                                                __end_of_SetBand 1F3E  
                                                   ___fttol@exp1 003D  
                                                   ___fttol@lval 0039  
                                                          ??_isr 0001  
                                                  ?_readEEPROM16 0006  
                                                          ?_Beep 0001  
                                                  __CFG_OSCS$OFF 000000  
                                                          ?_fabs 0010  
                                             writeEEPROM@address 0006  
                                                          ?_main 0001  
                                                          _EEADR 000FA9  
                                                __end_of___ftadd 11A2  
                                                          STR_10 0654  
                                                          STR_11 0684  
                                                          STR_20 066C  
                                                          STR_12 0660  
                                                          STR_21 0680  
                                                          STR_13 0674  
                                                          STR_22 0668  
                                                          STR_14 0664  
                                                          STR_15 0633  
                                                          STR_23 060D  
                                                          STR_16 062E  
                                                          STR_24 0617  
                                                          STR_17 065C  
                                                          STR_25 0601  
                                                          STR_18 0658  
                                                          STR_26 0621  
                                                          STR_19 0642  
                                                          _CMCON 000FB4  
                                                __end_of___ftneg 222A  
                                                __end_of___lldiv 1C1C  
                                                          ?_sqrt 001F  
                                                __end_of___ftmul 15FC  
                                                          _T0CON 000FD5  
                                                          _T1CON 000FCD  
                                                __end_of___ftsub 1F78  
                                                __end_of___fttol 1798  
                                                          _T2CON 000FCA  
                                                          _T3CON 000FB1  
                                                 __CFG_DEBUG$OFF 000000  
                                                __end_of___lwdiv 1E20  
                                                          i2l283 21F4  
                                                          i2l285 2206  
                                                          i2l297 00AA  
                                                          i2l299 00AC  
                                                          _RCREG 000FAE  
                                                          _RCSTA 000FAB  
                                                          _TMR1H 000FCF  
                                                          _TMR1L 000FCE  
                                                          _TMR3H 000FB3  
                                                          _TMR3L 000FB2  
                                                          _SPBRG 000FAF  
                                                          _PORTA 000F80  
                                                          _PORTB 000F81  
                                                          _PORTC 000F82  
                                                          _PORTD 000F83  
                                                          _PORTE 000F84  
                                                          _TRISA 000F92  
                                                          _TRISB 000F93  
                                                          _TRISC 000F94  
                                                          _TRISD 000F95  
                                                          _TRISE 000F96  
                                                ??i2_RXstopTIMER 0001  
                                                          _TXREG 000FAD  
                                                          _TXSTA 000FAC  
                                              LCDpageSelect@page 0013  
                                                  __CFG_WRT0$OFF 000000  
                                                  __CFG_WRT1$OFF 000000  
                                                  __CFG_WRT2$OFF 000000  
                                                  ??_RXstopTIMER 0005  
                                                  __CFG_WRT3$OFF 000000  
                                                   ___lltoft@exp 0015  
                                                 __CFG_EBTR0$OFF 000000  
                                                 __CFG_EBTR1$OFF 000000  
                                                 __CFG_EBTR2$OFF 000000  
                                                 __CFG_EBTR3$OFF 000000  
                                                ??_ConvertNumber 000A  
                                                  __CFG_WRTB$OFF 000000  
                                                  __CFG_WRTC$OFF 000000  
                                                  __CFG_WRTD$OFF 000000  
                                                          _aband 00F1  
                                                 __CFG_EBTRB$OFF 000000  
                                                          _cpeak 0078  
                                           __end_of_CreateBuffTX 1B9C  
                                                          _fpeak 0046  
                                            __end_of_FreqMeasure 19C0  
                                                          fabs@d 0010  
                                                 FreqMeasure@err 001D  
                                                 FreqMeasure@tmr 001E  
                                                          _hystF 00EF  
                                                          _tempM 0070  
                                                          _hystT 00F0  
                                                          _rpeak 007A  
                                                  ___ftpack@sign 0009  
                                                          _voltM 006E  
                                                          isr@rx 0004  
                                         __size_of_LCDpageSelect 006C  
                                                          tablat 000FF5  
                                                   ?_EEmbandRead 0001  
                                        __size_of_waitAckFromLCD 0054  
                                               __end_of_PTT_read 2262  
                                                          ttemp5 005A  
                                                          sqrt@a 001F  
                                                          ttemp6 005D  
                                                          ttemp7 0061  
                                                          sqrt@i 0028  
                                                          sqrt@q 0029  
                                                          sqrt@x 002C  
                                                          sqrt@z 0025  
                                                          status 000FD8  
                                                          wtemp8 005A  
                                                  ?_RXstartTIMER 0001  
                                                   __end_of_Beep 2246  
                                                __initialization 1EC6  
                                                   __end_of_fabs 1FB0  
                                                   __end_of_main 190E  
                                                    ?_BandDecode 0001  
                                                   __end_of_sqrt 12FE  
                                                 ??_readEEPROM16 0008  
                                                         ??_Beep 0007  
                                                 __CFG_OSC$HSPLL 000000  
                                                         ??_fabs 0013  
                                                         ??_main 0046  
                                                  ___fttol@sign1 0038  
                                                         ??_sqrt 0022  
                                                  __activetblptr 000001  
                                        __size_of_PttHoldControl 0030  
                                                    ?_FanControl 0001  
                                                         _ADCON0 000FC2  
                                                         _ADCON1 000FC1  
                                                  ?_RecieveError 0001  
                                         __size_of_writeEEPROM16 0026  
                                                   ?_EEsetupRead 0001  
                                                         _ADRESH 000FC4  
                                                         _ADRESL 000FC3  
                                                         _EEDATA 000FA8  
                                                         _EECON1 000FA6  
                                                         _EECON2 000FA7  
                                                      ??_PTT_OFF 0007  
                                               __end_of___ftpack 1B06  
                                               __end_of___lltoft 1EC6  
                                                         i2l3832 2108  
                                                         i2l3850 002A  
                                                         i2l3836 2116  
                                                         i2l3864 0070  
                                                         _INTCON 000FF2  
                                                         i2l3874 008A  
                                                         i2l3868 007E  
                                            ProtectCheck@beepPer 0064  
                                                      ??_DelayMs 0005  
                                               __end_of___lwtoft 2178  
                                            __end_of_RXstopTIMER 22F2  
                                                 __CFG_WDTPS$128 000000  
                                                         _WDTCON 000FD1  
                                                 ??_RXstartTIMER 0001  
                                                         _STKPTR 000FFC  
                                                         _PTT_ON 207C  
                                             __size_of_RXrestart 002A  
                                                         _DelayS 1FE6  
                                                      ??_SetBand 0005  
                                             __size_of_SendUSART 001C  
                                                         ___ftge 1D6A  
                                                         _beeper 00EE  
                                                      ??___ftadd 0013  
                                                      ??___ftneg 0008  
                                                      ??___lldiv 000D  
                                                      ??___ftmul 0013  
                                                      ??___ftsub 001F  
                                                      ??___fttol 0033  
                                                         _buffRX 00CF  
                                                         _buffTX 008F  
                                                         _fanptt 00F2  
                                                      ??___lwdiv 0009  
                                                   ??_ADCmeasure 000A  
                                                         _bstate 008A  
                                                  _LCDpageSelect 1C98  
                                                         _bypass 0058  
                                                         _cvtout 0068  
                                                         clear_0 1EDE  
                                                         clear_1 1EEA  
                                                         _frtout 006A  
                                                         _reldel 00F4  
                                                         _sensor 00EC  
                                                         _rx_end 0086  
                                                         _tx_len 0052  
                                          ___ftmul@f3_as_product 0018  
                                                    _FreqMeasure 190E  
                                             __size_of_SetupMode 03E6  
                                                   __mediumconst 0000  
                                                         tblptrh 000FF7  
                                                         tblptrl 000FF6  
                                                         tblptru 000FF8  
                                                 ??_RecieveError 0001  
                                                   ?i2_RXrestart 0001  
                                             __size_of_Tramsmitt 0016  
                                                  ??_SlowControl 000A  
                                            __size_of_BandDecode 0066  
                                             __size_of_SwitchOFF 0010  
                                                     __accesstop 0060  
                                        __end_of__initialization 1EF0  
                                             __end_of_ADCmeasure 1A6E  
                                                     ___ftadd@f1 000D  
                                                     ___ftadd@f2 0010  
                                                     ___ftge@ff1 0013  
                                                     ___ftge@ff2 0016  
                                                  ___rparam_used 000001  
                                                writeEEPROM@data 0005  
                                                     ___ftneg@f1 0005  
                                                     ___ftmul@f1 000D  
                                                     ___ftmul@f2 0010  
                                                     ___ftsub@f1 0019  
                                                     ___ftsub@f2 001C  
                                                     ___fttol@f1 002F  
                                                 __pcstackCOMRAM 0001  
                                            __size_of_FanControl 007C  
                                                  _writeEEPROM16 2178  
                                                   __pidataBANK0 22FE  
                                                     ___lltoft@c 000D  
                                                 ?_LCDpageSelect 0001  
                                                     ___lwtoft@c 000D  
                                          __size_of_CreateBuffTX 0096  
                                                      ?_PTT_read 0001  
                                              __end_of_RXrestart 20D4  
                                              _ReadStatusFromLCD 1798  
                                                    _RXstopTIMER 22E8  
                                              __end_of_SendUSART 227E  
                                             ?_ReadStatusFromLCD 0001  
                                                     __pbssBANK0 0060  
                                           __end_of_readEEPROM16 2150  
                                                 _waitAckFromLCD 1E20  
                                            ??_ReadStatusFromLCD 0046  
                                                     __pnvCOMRAM 0057  
                                                        ?_PTT_ON 0001  
                                           __size_of_EEmbandRead 0026  
                                                        ?_DelayS 0001  
                                            __end_of_SlowControl 16CC  
                                              __end_of_SetupMode 0A70  
                                       __size_of_SendStatusToLCD 0282  
                                                   ?_writeEEPROM 0005  
                                                 ?_writeEEPROM16 0008  
                                                        ?___ftge 0013  
                                                   _CreateBuffTX 1B06  
                                              __end_of_Tramsmitt 22C8  
                                                        _CCP1CON 000FBD  
                                                      ?___ftpack 0005  
                                              __end_of_SwitchOFF 22D8  
                                                      ?___lltoft 000D  
                                      __end_of_ReadStatusFromLCD 1856  
                                                      ?___lwtoft 000D  
                                              waitAckFromLCD@ack 0005  
                                           __end_of_RXstartTIMER 22E8  
                                                     ??_PTT_read 0020  
                                                 _PttHoldControl 201C  
                                         __end_of_waitAckFromLCD 1E74  
                                                        _PTT_OFF 2298  
                                                        _DelayMs 21C4  
                                           __size_of_EEsetupRead 033E  
                                                     _bstate_old 0089  
                                                     _readEEPROM 227E  
                                                __size_of_PTT_ON 002E  
                                                __size_of_DelayS 0036  
                                                        _SetBand 1F02  
                                                        __Hparam 0000  
                                                        __Lparam 0000  
                                                ??_LCDpageSelect 0012  
                                                   ??_BandDecode 0005  
                                           __end_of_RecieveError 220C  
                                                __size_of___ftge 0062  
                                                        ___ftadd 1030  
                                                        ___ftneg 220C  
                                                        ___lldiv 1B9C  
                                                        ___ftmul 1522  
                                                        ___ftsub 1F3E  
                                                        ___fttol 16CC  
                                                        ___lwdiv 1DCC  
                                                   __psmallconst 0600  
                                                        _biasdel 00F3  
                                                        __pcinit 1EC6  
                                                     ??___ftpack 000A  
                                                        __ramtop 0600  
                                                     ??___lltoft 0011  
                                                        __ptext0 1856  
                                                        __ptext1 15FC  
                                                        __ptext2 201C  
                                                        __ptext3 1C1C  
                                                        __ptext4 0DAE  
                                                        __ptext5 22B2  
                                                        __ptext6 1798  
                                                        __ptext7 068A  
                                                        __ptext8 2178  
                                                        __ptext9 1FB0  
                                         __end_of_PttHoldControl 204C  
                                                     ??___lwtoft 0010  
                                                   __size_of_ADC 0030  
                                                    SetupMode@lW 0022  
                                                    SetupMode@pW 001E  
                                                    SetupMode@rW 0020  
                                                        _err_old 00FB  
                                                        _max_ref 00E7  
                                                        _max_pwr 00E9  
                                                   __size_of_isr 00B4  
                                                        _lpferrC 00DB  
                                                        _lpferrP 00DD  
                                                        _lpferrR 00D9  
                                                   ??_FanControl 0005  
                                          __end_ofi2_RXstopTIMER 22FC  
                                          __end_of_ConvertNumber 143C  
                                                ?_waitAckFromLCD 0001  
                                                      DelayS@sec 0007  
                                           end_of_initialization 1EF0  
                                                      DelayMs@ms 0006  
                                                    _SlowControl 15FC  
                                             __end_of_BandDecode 1D6A  
                                           __size_ofi2_RXrestart 002A  
                                                  ?_ProtectCheck 0001  
                                                ??_writeEEPROM16 000B  
                                                ___lldiv@divisor 0009  
                                                ___lldiv@counter 0011  
                                        __size_of_LCDversionSend 002A  
                                                      _RCSTAbits 000FAB  
                                                        postinc0 000FEE  
                                                        postinc2 000FDE  
                                             __end_of_FanControl 1C98  
                                              ??_SendStatusToLCD 0012  
                                              ConvertNumber@conv 0009  
                                                      _PORTAbits 000F80  
                                                      _PORTCbits 000F82  
                                                ?_PttHoldControl 0001  
                                     __size_of_ReadStatusFromLCD 00BE  
                                                   ?_FreqMeasure 0001  
                                          __size_of_readEEPROM16 0028  
                                                     _ptt_htimer 0088  
                                                CreateBuffTX@str 000C  
                                                 ??_ProtectCheck 0020  
                                                    ?_readEEPROM 0001  
                                                PttHoldControl@t 0085  
                                                  EEsetupRead@lW 00F9  
                                                  EEsetupRead@pW 00F5  
                                                  EEsetupRead@rW 00F7  
                                                 __end_of_PTT_ON 20AA  
                                                 __end_of_DelayS 201C  
                                                    ___ftmul@exp 0016  
                                          __size_of_RXstartTIMER 0010  
                                           __size_of_writeEEPROM 0036  
                                                 __end_of___ftge 1DCC  
                                                   _readEEPROM16 2128  
                                         writeEEPROM@INTCON_SAVE 0007  
                                            start_initialization 1EC6  
                                                    __end_of_ADC 207C  
                                                   ?_RXstopTIMER 0001  
                                              __size_of_PTT_read 001C  
                                                    __end_of_isr 00BC  
                                                      _RXrestart 20AA  
                                                      _SendUSART 2262  
                                                       ??_PTT_ON 0020  
                                                       ??_DelayS 0005  
                                          __size_of_RecieveError 0022  
                                                   _RXstartTIMER 22D8  
                                                       ??___ftge 0019  
                                                      _SetupMode 068A  
                                                    __pdataBANK0 00FB  
                                                      _Tramsmitt 22B2  
                                            __size_of_readEEPROM 001A  
                                              __size_of___ftpack 0098  
                                              __size_of___lltoft 0052  
                                                    __pbssCOMRAM 0046  
                                                      _SwitchOFF 22C8  
                                              __size_of___lwtoft 0028  
                                                  __pcstackBANK0 00F5  
                                                     ?_RXrestart 0001  
                                                   _RecieveError 21EA  
                                                       ?_PTT_OFF 0001  
                                                  ??_EEmbandRead 0006  
                                                     ?_SendUSART 0001  
                                                       ?_DelayMs 0001  
                                                      __pnvBANK0 00D9  
                                                       ?_SetBand 0001  
                                                 _LCDversionSend 20D4  
                                               ___lwdiv@dividend 0005  
                                                      __pintcode 0008  
                                                      _cpeak_old 0072  
                                                       ?___ftadd 000D  
                                                     ?_SetupMode 0001  
                                                       ?___ftneg 0005  
                                                       ?___lldiv 0005  
                                                       ?___ftmul 000D  
                                                       ?___ftsub 0019  
                                                       ?___fttol 002F  
                                                       ?___lwdiv 0005  
                                                      _fpeak_old 0076  
                                                     ?_Tramsmitt 0001  
                                           __end_of_ProtectCheck 1522  
                                                    __smallconst 0600  
                                               ??_waitAckFromLCD 0005  
                                                     ?_SwitchOFF 0001  
                                                  SetupMode@eadr 0024  
                                           __size_of_FreqMeasure 00B2  
                                                  ??_EEsetupRead 003E  
                                               readEEPROM16@addr 000D  
                                               ___lwdiv@quotient 0009  
                                                   ?_SlowControl 0001  
                                         __end_of_LCDversionSend 20FE  
                                                       _LATBbits 000F8A  
                                                       _LATCbits 000F8B  
                                                       _LATDbits 000F8C  
                                                       _LATEbits 000F8D  
                                                _SendStatusToLCD 0DAE  
                                                       _PIE1bits 000F9D  
                                            __end_of_EEmbandRead 21C4  
                                                       _PIR1bits 000F9E  
                                                       _PIR2bits 000FA1  
                                                      _rpeak_old 0074  
                                               ??_PttHoldControl 0005  
                                          __end_of_LCDpageSelect 1D04  
                                                     _ADCON0bits 000FC2  
                                                       _PTT_read 2246  
                                                      _volt_view 0080  
                                                  ??i2_RXrestart 0001  
                                                    ??_RXrestart 0005  
                                                LCDpageSelect@tt 0012  
                                                    _INTCON2bits 000FF1  
                                           __size_of_RXstopTIMER 000A  
                                               __size_of_PTT_OFF 001A  
                                                    ??_SendUSART 0007  
                                                   ??_readEEPROM 0005  
                                               __size_of_DelayMs 0026  
                                                ?_LCDversionSend 0001  
                                            __end_of_EEsetupRead 0DAE  
                                                     _EECON1bits 000FA6  
                                                       __Hrparam 0000  
                                               __size_of_SetBand 003C  
                                                       __Lrparam 0000  
                                          __end_of_writeEEPROM16 219E  
                                                   __Lsmallconst 0600  
                                         __size_ofi2_RXstopTIMER 000A  
                                                    ??_SetupMode 0014  
                                               __size_of___ftadd 0172  
                                                     _ADCmeasure 19C0  
                                               __size_of___ftneg 001E  
                                         __size_of_ConvertNumber 013E  
                                               __size_of___lldiv 0080  
                                               __size_of___ftmul 00DA  
                                               __size_of___ftsub 003A  
                                               __size_of___fttol 00CC  
                                               __size_of___lwdiv 0054  
                                                       ___ftpack 1A6E  
                                                       ___lltoft 1E74  
                                                    ??_Tramsmitt 0005  
                                                       ___lwtoft 2150  
                                                       _band_old 008B  
                                             __end_of_readEEPROM 2298  
                                                    ??_SwitchOFF 0005  
                                                ___lwdiv@divisor 0007  
                                                ___lwdiv@counter 000B  
                                                       __ptext10 1DCC  
                                                       __ptext11 1B9C  
                                                       __ptext20 1522  
                                                       __ptext12 1C98  
                                                       __ptext21 2128  
                                                       __ptext13 1E20  
                                                       __ptext30 207C  
                                                       __ptext22 1E74  
                                                       __ptext14 20AA  
                                                       __ptext31 190E  
                                                       __ptext23 16CC  
                                                       __ptext15 22E8  
                                                       __ptext40 20D4  
                                                       __ptext32 1F78  
                                                       __ptext24 219E  
                                                       __ptext16 0A70  
                                                       __ptext41 2262  
                                                       __ptext33 220C  
                                                       __ptext25 227E  
                                                       __ptext17 11A2  
                                                       __ptext50 22F2  
                                                       __ptext42 21C4  
                                                       __ptext34 2150  
                                                       __ptext26 222A  
                                                       __ptext18 1F3E  
                                                       __ptext51 21EA  
                                                       __ptext43 1B06  
                                                       __ptext35 1A6E  
                                                       __ptext27 143C  
                                                       __ptext19 1030  
                                                       __ptext52 22D8  
                                                       __ptext44 12FE  
                                                       __ptext36 1D6A  
                                                       __ptext28 22C8  
                                                       __ptext45 1FE6  
                                                       __ptext37 1D04  
                                                       __ptext29 2246  
                                                       __ptext46 19C0  
                                                       __ptext38 1F02  
                                                       __ptext47 204C  
                                                       __ptext39 2298  
                                                       __ptext49 20FE  
                                        __end_of_SendStatusToLCD 1030  
                                                  __size_of_Beep 001C  
                                                    _EEmbandRead 219E  
                                                       _max_tFAN 00DF  
                                                       _max_curr 00E3  
                                                  __size_of_fabs 0038  
                                                       _max_temp 00E1  
                                                  __size_of_main 00B8  
                                                       _max_volt 00E5  
                                            __end_ofi2_RXrestart 2128  
                                                  __size_of_sqrt 015C  
                                                  ??_writeEEPROM 0006  
                                                       _temp_old 007C  
                                                  ?_CreateBuffTX 000C  
                                                       int$flags 0059  
                                                       _ptt_hold 00EB  
                                          __size_of_ProtectCheck 00E6  
                                                       _volt_old 007E  
                                                ProtectCheck@bpt 0066  
                                                     _INTCONbits 000FF2  
                                                  i2_RXstopTIMER 22F2  
                                                    _EEsetupRead 0A70  
                                                  _ConvertNumber 12FE  
                                                       intlevel2 22FC  
                                              LCDversionSend@rep 0012  
                                               ___lldiv@dividend 0005  
                                           __size_of_SlowControl 00D0  
                                                   _ProtectCheck 143C  
                                                 readEEPROM16@ee 000B  
                                                 ??_CreateBuffTX 0011  
                                                 readEEPROM@addr 0005  
                                            ConvertNumber@number 0005  
                                                 ProtectCheck@bp 0084  
                                                    ?_ADCmeasure 0001  
                                            __end_of_writeEEPROM 1FE6  
                                               ___lldiv@quotient 000D  
                                                 ?i2_RXstopTIMER 0001  
                                                    i2_RXrestart 20FE  
                                                 ?_ConvertNumber 0005  
                                               ?_SendStatusToLCD 0001  
                                              writeEEPROM16@addr 0008  
                                              writeEEPROM16@data 000A  
